Date,Home_team,Away_team,home_score,away_score,Match_type,venue_city,venue_country,neutral_venue
1953-09-19,Uganda,Burundi,9,1,Friendly,Kampala,Uganda,False
1964-10-09,Uganda,Burundi,7,5,Friendly,Kampala,Uganda,False
1971-12-05,Tanzania,Burundi,4,1,Friendly,Dar es Salaam,Tanzania,False
1974-08-10,Somalia,Burundi,0,2,African Cup of Nations qualification,Mogadishu,Somalia,False
1974-08-24,Burundi,Somalia,0,1,African Cup of Nations qualification,Bujumbura,Burundi,False
1975-03-24,Burundi,Egypt,0,3,African Cup of Nations qualification,Bujumbura,Burundi,False
1975-04-19,Egypt,Burundi,2,0,African Cup of Nations qualification,Cairo,Egypt,False
1976-07-07,Burundi,DR Congo,0,1,Friendly,Libreville,Gabon,True
1976-10-09,Uganda,Burundi,2,0,Friendly,Kampala,Uganda,False
1976-10-11,Uganda,Burundi,1,0,Friendly,Kampala,Uganda,False
1981-08-06,Uganda,Burundi,2,2,Friendly,Kampala,Uganda,False
1981-10-31,Burundi,Tanzania,1,2,Friendly,Bujumbura,Burundi,False
1981-11-02,Burundi,Tanzania,0,1,Friendly,Bujumbura,Burundi,False
1982-08-30,Burundi,Rwanda,1,0,Friendly,Bujumbura,Burundi,False
1987-07-06,Malawi,Burundi,1,1,Friendly,Blantyre,Malawi,False
1987-07-08,Malawi,Burundi,1,1,Friendly,Lilongwe,Malawi,False
1987-07-11,Malawi,Burundi,2,4,Friendly,Mzuzu,Malawi,False
1992-06-21,Gabon,Burundi,0,1,Friendly,Libreville,Gabon,False
1992-08-16,Burundi,Congo,1,0,African Cup of Nations qualification,Bujumbura,Burundi,False
1992-08-30,Guinea,Burundi,2,2,African Cup of Nations qualification,Conakry,Guinea,False
1992-10-09,Algeria,Burundi,3,1,FIFA World Cup qualification,Tlemcen,Algeria,False
1992-10-25,Burundi,Ghana,1,0,FIFA World Cup qualification,Bujumbura,Burundi,False
1993-01-17,Burundi,Algeria,0,0,FIFA World Cup qualification,Bujumbura,Burundi,False
1993-01-31,Ghana,Burundi,1,0,FIFA World Cup qualification,Kumasi,Ghana,False
1993-04-25,Congo,Burundi,0,0,African Cup of Nations qualification,Pointe-Noire,Congo,False
1993-07-11,Burundi,Guinea,2,2,African Cup of Nations qualification,Bujumbura,Burundi,False
1993-10-24,Burundi,Guinea,0,0,African Cup of Nations qualification,Libreville,Gabon,True
1996-06-02,Burundi,Sierra Leone,1,0,FIFA World Cup qualification,Bujumbura,Burundi,False
1996-06-16,Sierra Leone,Burundi,0,1,FIFA World Cup qualification,Freetown,Sierra Leone,False
1998-08-02,Burundi,Tanzania,1,0,African Cup of Nations qualification,Bujumbura,Burundi,False
1998-08-15,Tanzania,Burundi,0,1,African Cup of Nations qualification,Dar es Salaam,Tanzania,False
1998-12-13,Burundi,Senegal,1,0,African Cup of Nations qualification,Bujumbura,Burundi,False
1999-02-28,Burundi,Burkina Faso,1,2,African Cup of Nations qualification,Bujumbura,Burundi,False
1999-04-11,Burkina Faso,Burundi,3,1,African Cup of Nations qualification,Ouagadougou,Burkina Faso,False
1999-06-19,Senegal,Burundi,1,0,African Cup of Nations qualification,Dakar,Senegal,False
1999-07-25,Burundi,Uganda,0,0,CECAFA Cup,Kigali,Rwanda,True
1999-07-27,Burundi,Somalia,3,0,CECAFA Cup,Kigali,Rwanda,True
1999-07-31,Burundi,Tanzania,1,0,CECAFA Cup,Kigali,Rwanda,True
1999-08-07,Rwanda,Burundi,0,0,Friendly,Kigali,Rwanda,False
2000-06-30,Djibouti,Burundi,1,3,African Cup of Nations qualification,Djibouti,Djibouti,False
2000-07-15,Burundi,Djibouti,1,0,African Cup of Nations qualification,Bujumbura,Burundi,False
2000-09-03,Burundi,Angola,0,0,African Cup of Nations qualification,Bujumbura,Burundi,False
2000-09-30,Kenya,Burundi,1,0,Friendly,Nairobi,Kenya,False
2000-10-03,Kenya,Burundi,2,3,Friendly,Nairobi,Kenya,False
2000-10-07,Burkina Faso,Burundi,1,0,African Cup of Nations qualification,Ouagadougou,Burkina Faso,False
2000-11-20,Uganda,Burundi,2,1,CECAFA Cup,Kampala,Uganda,False
2000-11-23,Djibouti,Burundi,2,4,CECAFA Cup,Kampala,Uganda,True
2000-11-27,Ethiopia,Burundi,1,0,CECAFA Cup,Kampala,Uganda,True
2001-01-12,Algeria,Burundi,2,1,African Cup of Nations qualification,Algiers,Algeria,False
2001-03-25,Burundi,Algeria,0,1,African Cup of Nations qualification,Bujumbura,Burundi,False
2001-06-03,Burundi,Burkina Faso,0,0,African Cup of Nations qualification,Bujumbura,Burundi,False
2001-06-17,Angola,Burundi,2,1,African Cup of Nations qualification,Cabinda,Angola,False
2001-12-09,Burundi,Tanzania,1,2,CECAFA Cup,Kigali,Rwanda,True
2001-12-11,Burundi,Djibouti,3,1,CECAFA Cup,Kigali,Rwanda,True
2001-12-14,Uganda,Burundi,0,2,CECAFA Cup,Kigali,Rwanda,True
2001-12-18,Ethiopia,Burundi,2,2,Friendly,Kigali,Rwanda,True
2002-10-13,South Africa,Burundi,2,0,African Cup of Nations qualification,Bloemfontein,South Africa,False
2002-12-01,Burundi,Eritrea,1,1,CECAFA Cup,Mwanza,Tanzania,True
2002-12-03,Kenya,Burundi,1,1,CECAFA Cup,Mwanza,Tanzania,True
2002-12-05,Tanzania,Burundi,2,0,CECAFA Cup,Mwanza,Tanzania,False
2002-12-07,Sudan,Burundi,2,1,CECAFA Cup,Mwanza,Tanzania,True
2003-03-15,Rwanda,Burundi,4,2,Friendly,Kigali,Rwanda,False
2003-03-26,Burundi,Burkina Faso,0,0,Friendly,Bujumbura,Burundi,False
2003-03-30,Burundi,Ivory Coast,0,1,African Cup of Nations qualification,Bujumbura,Burundi,False
2003-06-08,Ivory Coast,Burundi,6,1,African Cup of Nations qualification,Abidjan,Ivory Coast,False
2003-07-06,Burundi,South Africa,0,2,African Cup of Nations qualification,Bujumbura,Burundi,False
2003-10-12,Burundi,Gabon,0,0,FIFA World Cup qualification,Bujumbura,Burundi,False
2003-11-15,Gabon,Burundi,4,1,FIFA World Cup qualification,Libreville,Gabon,False
2004-12-11,Ethiopia,Burundi,2,1,CECAFA Cup,Addis Ababa,Ethiopia,False
2004-12-13,Burundi,Rwanda,3,1,CECAFA Cup,Addis Ababa,Ethiopia,True
2004-12-15,Tanzania,Burundi,0,2,CECAFA Cup,Addis Ababa,Ethiopia,True
2004-12-17,Burundi,Zanzibar,2,1,CECAFA Cup,Addis Ababa,Ethiopia,True
2004-12-22,Sudan,Burundi,1,2,CECAFA Cup,Addis Ababa,Ethiopia,True
2004-12-25,Ethiopia,Burundi,3,0,CECAFA Cup,Addis Ababa,Ethiopia,False
2005-11-28,Burundi,Tanzania,1,2,CECAFA Cup,Kigali,Rwanda,True
2005-11-30,Burundi,Zanzibar,1,2,CECAFA Cup,Kigali,Rwanda,True
2005-12-02,Burundi,Eritrea,0,0,CECAFA Cup,Kigali,Rwanda,True
2005-12-04,Rwanda,Burundi,2,0,CECAFA Cup,Kigali,Rwanda,False
2006-09-02,Egypt,Burundi,4,1,African Cup of Nations qualification,Alexandria,Egypt,False
2006-10-08,Burundi,Mauritania,3,1,African Cup of Nations qualification,Bujumbura,Burundi,False
2006-11-26,Burundi,Zambia,3,2,CECAFA Cup,Addis Ababa,Ethiopia,True
2006-11-29,Zanzibar,Burundi,0,0,CECAFA Cup,Addis Ababa,Ethiopia,True
2006-12-06,Burundi,Sudan,0,1,CECAFA Cup,Addis Ababa,Ethiopia,True
2007-03-25,Botswana,Burundi,1,0,African Cup of Nations qualification,Gaborone,Botswana,False
2007-05-27,Rwanda,Burundi,1,0,Friendly,Kigali,Rwanda,False
2007-06-03,Burundi,Botswana,1,0,African Cup of Nations qualification,Kigali,Rwanda,True
2007-09-09,Burundi,Egypt,0,0,African Cup of Nations qualification,Bujumbura,Burundi,False
2007-10-13,Mauritania,Burundi,2,1,African Cup of Nations qualification,Nouakchott,Mauritania,False
2007-12-10,Somalia,Burundi,0,3,CECAFA Cup,Dar es Salaam,Tanzania,True
2007-12-12,Kenya,Burundi,0,1,CECAFA Cup,Dar es Salaam,Tanzania,True
2007-12-15,Tanzania,Burundi,0,0,CECAFA Cup,Dar es Salaam,Tanzania,False
2007-12-17,Burundi,Eritrea,2,1,CECAFA Cup,Dar es Salaam,Tanzania,True
2007-12-19,Burundi,Sudan,1,2,CECAFA Cup,Dar es Salaam,Tanzania,True
2007-12-22,Burundi,Uganda,0,2,CECAFA Cup,Dar es Salaam,Tanzania,True
2008-02-06,Burundi,Rwanda,0,0,Friendly,Bujumbura,Burundi,False
2008-06-01,Burundi,Seychelles,1,0,FIFA World Cup qualification,Bujumbura,Burundi,False
2008-06-07,Burkina Faso,Burundi,2,0,FIFA World Cup qualification,Ouagadougou,Burkina Faso,False
2008-06-15,Burundi,Tunisia,0,1,FIFA World Cup qualification,Bujumbura,Burundi,False
2008-06-21,Tunisia,Burundi,2,1,FIFA World Cup qualification,Radès,Tunisia,False
2008-09-06,Seychelles,Burundi,1,2,FIFA World Cup qualification,Victoria,Seychelles,False
2008-10-12,Burundi,Burkina Faso,1,3,FIFA World Cup qualification,Bujumbura,Burundi,False
2009-01-02,Djibouti,Burundi,0,4,CECAFA Cup,Jinja,Uganda,True
2009-01-04,Zambia,Burundi,1,1,CECAFA Cup,Jinja,Uganda,True
2009-01-06,Burundi,Sudan,1,0,CECAFA Cup,Jinja,Uganda,True
2009-01-08,Burundi,Kenya,0,1,CECAFA Cup,Kampala,Uganda,True
2009-01-11,Uganda,Burundi,5,0,CECAFA Cup,Kampala,Uganda,False
2009-01-13,Tanzania,Burundi,3,2,CECAFA Cup,Kampala,Uganda,True
2009-11-29,Burundi,Zanzibar,0,4,CECAFA Cup,Mumias,Kenya,True
2009-12-02,Burundi,Uganda,0,2,CECAFA Cup,Mumias,Kenya,True
2009-12-04,Tanzania,Burundi,1,0,CECAFA Cup,Mumias,Kenya,True
2010-09-05,Benin,Burundi,1,1,African Cup of Nations qualification,Cotonou,Benin,False
2010-10-09,Burundi,Ivory Coast,0,1,African Cup of Nations qualification,Bujumbura,Burundi,False
2010-11-28,Burundi,Somalia,2,0,CECAFA Cup,Dar es Salaam,Tanzania,True
2010-11-30,Zambia,Burundi,0,0,CECAFA Cup,Dar es Salaam,Tanzania,True
2011-01-05,Uganda,Burundi,3,1,Nile Basin Tournament,Cairo,Egypt,True
2011-01-08,Tanzania,Burundi,1,1,Nile Basin Tournament,Cairo,Egypt,True
2011-01-11,Egypt,Burundi,3,0,Nile Basin Tournament,Ismailia,Egypt,False
2011-03-26,Rwanda,Burundi,3,1,African Cup of Nations qualification,Kigali,Rwanda,False
2011-06-05,Burundi,Rwanda,3,1,African Cup of Nations qualification,Bujumbura,Burundi,False
2011-09-04,Burundi,Benin,1,1,African Cup of Nations qualification,Bujumbura,Burundi,False
2011-10-09,Ivory Coast,Burundi,2,1,African Cup of Nations qualification,Abidjan,Ivory Coast,False
2011-11-11,Lesotho,Burundi,1,0,FIFA World Cup qualification,Maseru,Lesotho,False
2011-11-15,Burundi,Lesotho,2,2,FIFA World Cup qualification,Bujumbura,Burundi,False
2011-11-25,Burundi,Somalia,4,1,CECAFA Cup,Dar es Salaam,Tanzania,True
2011-11-27,Zanzibar,Burundi,0,0,CECAFA Cup,Dar es Salaam,Tanzania,True
2011-12-01,Burundi,Uganda,1,0,CECAFA Cup,Dar es Salaam,Tanzania,True
2011-12-05,Burundi,Sudan,0,2,CECAFA Cup,Dar es Salaam,Tanzania,True
2012-02-29,Burundi,Zimbabwe,2,1,African Cup of Nations qualification,Bujumbura,Burundi,False
2012-06-17,Zimbabwe,Burundi,1,0,African Cup of Nations qualification,Harare,Zimbabwe,False
2012-11-25,Burundi,Somalia,5,1,CECAFA Cup,Kampala,Uganda,True
2012-11-28,Tanzania,Burundi,0,1,CECAFA Cup,Kampala,Uganda,True
2012-12-01,Sudan,Burundi,0,1,CECAFA Cup,Kampala,Uganda,True
2012-12-03,Burundi,Zanzibar,0,0,CECAFA Cup,Kampala,Uganda,True
2013-11-28,Burundi,Somalia,2,0,CECAFA Cup,Machakos,Kenya,True
2013-12-01,Zambia,Burundi,1,0,CECAFA Cup,Nairobi,Kenya,True
2013-12-04,Tanzania,Burundi,1,0,CECAFA Cup,Nakuru,Kenya,True
2013-12-08,Zambia,Burundi,4,3,CECAFA Cup,Mombasa,Kenya,True
2014-03-05,Burundi,Rwanda,1,1,Friendly,Bujumbura,Burundi,False
2014-04-26,Tanzania,Burundi,0,3,Friendly,Dar es Salaam,Tanzania,False
2014-05-18,Burundi,Botswana,0,0,African Cup of Nations qualification,Bujumbura,Burundi,False
2014-06-01,Botswana,Burundi,1,0,African Cup of Nations qualification,Lobatse,Botswana,False
2014-07-15,Kenya,Burundi,0,0,Friendly,Nairobi,Kenya,False
2014-09-07,Burundi,Tanzania,2,0,Friendly,Bujumbura,Burundi,False
2015-03-25,Mauritius,Burundi,2,2,Friendly,Curepipe,Mauritius,False
2015-06-13,Senegal,Burundi,3,1,African Cup of Nations qualification,Dakar,Senegal,False
2015-09-05,Burundi,Niger,2,0,African Cup of Nations qualification,Bujumbura,Burundi,False
2015-10-07,Seychelles,Burundi,0,1,FIFA World Cup qualification,Roche Caiman,Seychelles,False
2015-10-13,Burundi,Seychelles,2,0,FIFA World Cup qualification,Bujumbura,Burundi,False
2015-11-12,Burundi,DR Congo,2,3,FIFA World Cup qualification,Bujumbura,Burundi,False
2015-11-15,DR Congo,Burundi,3,0,FIFA World Cup qualification,Kinshasa,DR Congo,False
2015-11-21,Burundi,Zanzibar,1,0,CECAFA Cup,Addis Ababa,Ethiopia,True
2015-11-25,Kenya,Burundi,1,1,CECAFA Cup,Hawassa,Ethiopia,True
2015-11-28,Uganda,Burundi,1,0,CECAFA Cup,Hawassa,Ethiopia,True
2016-03-26,Burundi,Namibia,1,3,African Cup of Nations qualification,Bujumbura,Burundi,False
2016-03-29,Namibia,Burundi,1,3,African Cup of Nations qualification,Windhoek,Namibia,False
2016-06-04,Burundi,Senegal,0,2,African Cup of Nations qualification,Bujumbura,Burundi,False
2016-09-04,Niger,Burundi,3,1,African Cup of Nations qualification,Niamey,Niger,False
2017-03-11,Burundi,Djibouti,7,0,Friendly,Bujumbura,Burundi,False
2017-03-13,Burundi,Djibouti,1,0,Friendly,Bujumbura,Burundi,False
2017-03-28,Tanzania,Burundi,2,1,Friendly,Dar es Salaam,Tanzania,False
2017-06-10,Burundi,South Sudan,3,0,African Cup of Nations qualification,Bujumbura,Burundi,False
2017-12-04,Uganda,Burundi,0,0,CECAFA Cup,Kakamega,Kenya,True
2017-12-07,Burundi,Ethiopia,4,1,CECAFA Cup,Kakamega,Kenya,True
2017-12-11,South Sudan,Burundi,0,0,CECAFA Cup,Kakamega,Kenya,True
2017-12-14,Kenya,Burundi,1,0,CECAFA Cup,Kisumu,Kenya,False
2017-12-17,Burundi,Uganda,1,2,CECAFA Cup,Machakos,Kenya,True
2018-09-02,Ethiopia,Burundi,1,1,Friendly,Hawassa,Ethiopia,False
2018-09-08,Gabon,Burundi,1,1,African Cup of Nations qualification,Libreville,Gabon,False
2018-10-12,Mali,Burundi,0,0,African Cup of Nations qualification,Bamako,Mali,False
2018-10-16,Burundi,Mali,1,1,African Cup of Nations qualification,Bujumbura,Burundi,False
2018-11-16,South Sudan,Burundi,2,5,African Cup of Nations qualification,Juba,South Sudan,False
2019-03-23,Burundi,Gabon,1,1,African Cup of Nations qualification,Bujumbura,Burundi,False
2019-06-11,Algeria,Burundi,1,1,Friendly,Doha,Qatar,True
2019-06-17,Tunisia,Burundi,2,1,Friendly,Radès,Tunisia,False
2019-06-22,Nigeria,Burundi,1,0,African Cup of Nations,Alexandria,Egypt,True
2019-06-27,Madagascar,Burundi,1,0,African Cup of Nations,Alexandria,Egypt,True
2019-06-30,Burundi,Guinea,0,2,African Cup of Nations,Cairo,Egypt,True
2019-09-04,Burundi,Tanzania,1,1,FIFA World Cup qualification,Bujumbura,Burundi,False
2019-09-08,Tanzania,Burundi,1,1,FIFA World Cup qualification,Dar es Salaam,Tanzania,False
2019-11-13,Central African Republic,Burundi,2,0,African Cup of Nations qualification,Bangui,Central African Republic,False
2019-11-19,Burundi,Morocco,0,3,African Cup of Nations qualification,Bujumbura,Burundi,False
2020-10-11,Tanzania,Burundi,0,1,Friendly,Dar es Salaam,Tanzania,False
2020-11-11,Mauritania,Burundi,1,1,African Cup of Nations qualification,Nouakchott,Mauritania,False
2020-11-15,Burundi,Mauritania,3,1,African Cup of Nations qualification,Bujumbura,Burundi,False
2021-03-26,Burundi,Central African Republic,2,2,African Cup of Nations qualification,Bujumbura,Burundi,False
2021-03-30,Morocco,Burundi,1,0,African Cup of Nations qualification,Rabat,Morocco,False
2021-09-04,Burundi,Seychelles,8,1,Friendly,Moroni,Comoros,True
2021-09-07,Comoros,Burundi,1,0,Friendly,Moroni,Comoros,False
2021-11-13,Burundi,Myanmar,2,1,Friendly,Manavgat,Turkey,True
2022-03-26,Bahrain,Burundi,1,0,Friendly,Arad,Iran,True
2022-03-29,Liberia,Burundi,1,2,Friendly,Antalya,Turkey,True
2022-06-04,Namibia,Burundi,1,1,African Cup of Nations qualification,Johannesburg,South Africa,True
2022-06-09,Burundi,Cameroon,0,1,African Cup of Nations qualification,Dar es Salaam,Tanzania,True
2022-11-16,Ivory Coast,Burundi,4,0,Friendly,Marrakech,Morocco,True
2023-03-25,Indonesia,Burundi,3,1,Friendly,Bekasi,Indonesia,False
2023-03-28,Indonesia,Burundi,2,2,Friendly,Bekasi,Indonesia,False
2023-06-20,Burundi,Namibia,3,2,African Cup of Nations qualification,Dar es Salaam,Tanzania,True
2023-09-12,Cameroon,Burundi,3,0,African Cup of Nations qualification,Garoua,Cameroon,False
2023-11-16,Burundi,Gambia,3,2,FIFA World Cup qualification,Dar es Salaam,Tanzania,True
2023-11-19,Burundi,Gabon,1,2,FIFA World Cup qualification,Dar es Salaam,Tanzania,True
2024-01-09,Burundi,Algeria,0,4,Friendly,Lomé,Togo,True
2024-06-07,Kenya,Burundi,1,1,FIFA World Cup qualification,Lilongwe,Malawi,True
2024-06-11,Seychelles,Burundi,1,3,FIFA World Cup qualification,Berkane,Morocco,True
2024-09-05,Malawi,Burundi,2,3,African Cup of Nations qualification,Lilongwe,Malawi,False
2024-09-09,Burundi,Senegal,0,1,African Cup of Nations qualification,Lilongwe,Malawi,True
2024-10-10,Burkina Faso,Burundi,4,1,African Cup of Nations qualification,Ebimpé,Ivory Coast,True
2024-10-13,Burundi,Burkina Faso,0,2,African Cup of Nations qualification,Abidjan,Ivory Coast,True
2025-03-21,Burundi,Ivory Coast,0,1,FIFA World Cup qualification,Meknes,Morocco,True
2025-03-25,Burundi,Seychelles,5,0,FIFA World Cup qualification,Meknes,Morocco,True
