Date,Home_team,Away_team,home_score,away_score,Match_type,venue_city,venue_country,neutral_venue
1968-05-01,Eswatini,Malawi,2,0,Friendly,Mbabane,Swaziland,False
1968-07-20,Eswatini,Malawi,2,0,Friendly,Mbabane,Swaziland,False
1969-07-06,Malawi,Eswatini,3,0,Friendly,Blantyre,Malawi,False
1973-08-06,Eswatini,Malawi,0,1,Friendly,Mbabane,Swaziland,False
1975-12-20,Malawi,Eswatini,2,0,Friendly,Blantyre,Malawi,False
1975-12-22,Malawi,Eswatini,0,0,Friendly,Blantyre,Malawi,False
1978-02-05,Zambia,Eswatini,11,2,Friendly,Lusaka,Zambia,False
1978-09-06,Eswatini,Zambia,1,6,Friendly,Lobamba,Swaziland,False
1978-09-07,Eswatini,Zambia,2,5,Friendly,Lobamba,Swaziland,False
1981-04-18,Eswatini,Zambia,1,6,Friendly,Bulawayo,Zimbabwe,True
1981-09-04,Eswatini,Lesotho,1,1,Friendly,Mbabane,Swaziland,False
1981-09-05,Eswatini,Zimbabwe,0,2,Friendly,Mbabane,Swaziland,False
1981-09-06,Eswatini,Malawi,0,0,Friendly,Mbabane,Swaziland,False
1984-07-01,Eswatini,Lesotho,3,1,Friendly,Lobamba,Swaziland,False
1984-10-14,Zimbabwe,Eswatini,3,0,African Cup of Nations qualification,Bulawayo,Zimbabwe,False
1984-11-04,Eswatini,Zimbabwe,1,5,African Cup of Nations qualification,Mbabane,Swaziland,False
1986-04-26,Eswatini,Botswana,0,1,Friendly,Mbabane,Swaziland,False
1988-10-01,Tanzania,Eswatini,1,1,African Cup of Nations qualification,Dar es Salaam,Tanzania,False
1988-10-16,Eswatini,Tanzania,1,1,African Cup of Nations qualification,Mbabane,Swaziland,False
1989-04-09,Eswatini,Malawi,0,2,African Cup of Nations qualification,Mbabane,Swaziland,False
1989-04-23,Malawi,Eswatini,1,1,African Cup of Nations qualification,Blantyre,Malawi,False
1990-01-20,Eswatini,Botswana,3,1,Friendly,Lobamba,Swaziland,False
1990-01-21,Eswatini,Tanzania,0,1,Friendly,Lobamba,Swaziland,False
1990-05-18,Zimbabwe,Eswatini,4,4,Friendly,Harare,Zimbabwe,False
1990-08-12,Eswatini,Mozambique,0,0,Friendly,Mbabane,Swaziland,False
1990-08-19,Zambia,Eswatini,5,0,African Cup of Nations qualification,Lusaka,Zambia,False
1990-08-25,Botswana,Eswatini,3,2,Friendly,Gaborone,Botswana,False
1990-09-01,Eswatini,Angola,1,1,African Cup of Nations qualification,Lobamba,Swaziland,False
1991-04-14,Eswatini,Madagascar,0,1,African Cup of Nations qualification,Mbabane,Swaziland,False
1991-04-28,Eswatini,Zambia,2,1,African Cup of Nations qualification,Mbabane,Swaziland,False
1991-06-22,Mozambique,Eswatini,2,1,Friendly,Maputo,Mozambique,False
1991-07-15,Angola,Eswatini,1,1,African Cup of Nations qualification,Luanda,Angola,False
1991-09-21,Botswana,Eswatini,2,1,Friendly,Gaborone,Botswana,False
1992-06-20,Mozambique,Eswatini,4,1,Friendly,Maputo,Mozambique,False
1992-10-18,Cameroon,Eswatini,5,0,FIFA World Cup qualification,Yaoundé,Cameroon,False
1992-10-25,Eswatini,DR Congo,1,0,FIFA World Cup qualification,Manzini,Swaziland,False
1993-01-17,Eswatini,Cameroon,0,0,FIFA World Cup qualification,Mbabane,Swaziland,False
1993-07-06,Malawi,Eswatini,3,1,Friendly,Blantyre,Malawi,False
1993-07-08,Malawi,Eswatini,1,1,Friendly,Lilongwe,Malawi,False
1993-07-10,Malawi,Eswatini,0,1,Friendly,Mzuzu,Malawi,False
1993-07-29,Malawi,Eswatini,3,0,Friendly,Blantyre,Malawi,False
1993-08-08,Zimbabwe,Eswatini,2,0,Friendly,Harare,Zimbabwe,False
1993-09-06,Eswatini,Zimbabwe,0,1,Friendly,Mbabane,Swaziland,False
1994-04-22,Eswatini,Mozambique,0,1,Friendly,Mbabane,Swaziland,False
1996-05-12,Eswatini,Mozambique,0,1,Friendly,Mbabane,Swaziland,False
1996-06-02,Eswatini,Gabon,0,1,FIFA World Cup qualification,Mbabane,Swaziland,False
1996-06-16,Gabon,Eswatini,2,0,FIFA World Cup qualification,Libreville,Gabon,False
1997-01-26,Eswatini,Lesotho,3,1,Friendly,Lobamba,Swaziland,False
1997-02-21,Botswana,Eswatini,0,0,Friendly,Gaborone,Botswana,False
1997-03-03,Eswatini,Mozambique,0,4,COSAFA Cup qualification,Lobamba,Swaziland,False
1997-11-02,Eswatini,Mauritius,0,1,Friendly,Mbabane,Swaziland,False
1997-12-18,Lesotho,Eswatini,0,0,Friendly,Maseru,Lesotho,False
1997-12-28,Lesotho,Eswatini,0,0,Friendly,Maseru,Lesotho,False
1998-01-10,Eswatini,Botswana,1,1,Friendly,Mbabane,Swaziland,False
1998-03-08,Eswatini,Angola,0,1,COSAFA Cup qualification,Lobamba,Swaziland,False
1998-08-02,Eswatini,Madagascar,1,2,African Cup of Nations qualification,Mbabane,Swaziland,False
1998-08-23,Madagascar,Eswatini,1,1,African Cup of Nations qualification,Antananarivo,Madagascar,False
1998-09-06,Eswatini,Ghana,0,1,Friendly,Mbabane,Swaziland,False
1999-04-03,Eswatini,Namibia,1,1,Friendly,Mbabane,Swaziland,False
1999-04-25,Eswatini,Lesotho,4,1,Friendly,Lobamba,Swaziland,False
1999-05-09,Eswatini,Mozambique,3,1,COSAFA Cup qualification,Lobamba,Swaziland,False
1999-05-16,Eswatini,Botswana,2,1,Friendly,Lobamba,Swaziland,False
1999-07-18,Eswatini,Zimbabwe,1,1,COSAFA Cup,Lobamba,Swaziland,False
1999-08-15,Lesotho,Eswatini,0,3,Friendly,Maseru,Lesotho,False
1999-08-28,Namibia,Eswatini,1,1,COSAFA Cup,Windhoek,Namibia,False
2000-02-20,Lesotho,Eswatini,1,0,Friendly,Maseru,Lesotho,False
2000-03-19,Botswana,Eswatini,3,0,Friendly,Gaborone,Botswana,False
2000-04-09,Eswatini,Angola,0,1,FIFA World Cup qualification,Lobamba,Swaziland,False
2000-04-23,Angola,Eswatini,7,1,FIFA World Cup qualification,Luanda,Angola,False
2000-06-01,Eswatini,Lesotho,0,1,Friendly,Lobamba,Swaziland,False
2000-06-02,Eswatini,Botswana,0,0,Friendly,Mbabane,Swaziland,False
2000-06-04,Eswatini,Mozambique,1,1,Friendly,Mbabane,Swaziland,False
2000-06-18,South Africa,Eswatini,2,0,COSAFA Cup,Witbank,South Africa,False
2000-07-02,Eswatini,Kenya,3,2,African Cup of Nations qualification,Mbabane,Swaziland,False
2000-07-15,Kenya,Eswatini,3,0,African Cup of Nations qualification,Nairobi,Kenya,False
2001-01-06,Eswatini,Angola,1,0,Friendly,Manzini,Swaziland,False
2001-01-07,Eswatini,Namibia,2,1,Friendly,Manzini,Swaziland,False
2001-01-09,Eswatini,Lesotho,2,2,Friendly,Manzini,Swaziland,False
2001-01-27,Botswana,Eswatini,1,2,Friendly,Gaborone,Botswana,False
2001-02-11,Eswatini,Zambia,0,0,COSAFA Cup,Lobamba,Swaziland,False
2001-03-10,Botswana,Eswatini,1,0,Friendly,Maseru,Lesotho,True
2001-03-11,Lesotho,Eswatini,2,1,Friendly,Maseru,Lesotho,False
2001-05-20,Lesotho,Eswatini,1,0,Friendly,Maseru,Lesotho,False
2001-07-01,Malawi,Eswatini,2,2,Friendly,Lilongwe,Malawi,False
2001-07-08,Zimbabwe,Eswatini,2,1,COSAFA Cup,Harare,Zimbabwe,False
2002-03-02,Botswana,Eswatini,6,2,Friendly,Gaborone,Botswana,False
2002-03-10,Eswatini,Lesotho,1,0,Friendly,Mbabane,Swaziland,False
2002-03-30,Eswatini,Mozambique,1,2,Friendly,Mhlume,Swaziland,False
2002-03-31,Eswatini,Mozambique,1,1,Friendly,Big Bend,Swaziland,False
2002-04-21,Eswatini,Namibia,2,1,COSAFA Cup,Lobamba,Swaziland,False
2002-05-05,Zimbabwe,Eswatini,0,2,COSAFA Cup,Harare,Zimbabwe,False
2002-08-01,Eswatini,Mauritius,0,1,Friendly,Mbabane,Swaziland,False
2002-08-03,Eswatini,Mauritius,0,0,Friendly,Big Bend,Swaziland,False
2002-08-24,South Africa,Eswatini,4,1,COSAFA Cup,Polokwane,South Africa,False
2002-09-07,Botswana,Eswatini,0,0,African Cup of Nations qualification,Gaborone,Botswana,False
2002-10-06,Eswatini,Lesotho,0,0,Friendly,Big Bend,Swaziland,False
2002-10-13,Eswatini,Libya,2,1,African Cup of Nations qualification,Lobamba,Swaziland,False
2003-03-19,Eswatini,Lesotho,1,0,Friendly,Lobamba,Swaziland,False
2003-03-30,Eswatini,DR Congo,1,1,African Cup of Nations qualification,Lobamba,Swaziland,False
2003-05-25,Lesotho,Eswatini,2,1,Friendly,Maseru,Lesotho,False
2003-06-08,DR Congo,Eswatini,2,0,African Cup of Nations qualification,Kinshasa,DR Congo,False
2003-06-22,Eswatini,Botswana,3,2,African Cup of Nations qualification,Lobamba,Swaziland,False
2003-07-05,Libya,Eswatini,6,2,African Cup of Nations qualification,Tripoli,Libya,False
2003-07-13,Eswatini,Madagascar,2,0,COSAFA Cup,Lobamba,Swaziland,False
2003-08-31,Zimbabwe,Eswatini,2,0,COSAFA Cup,Bulawayo,Zimbabwe,False
2003-09-06,Eswatini,Botswana,0,3,Friendly,Mbabane,Swaziland,False
2003-10-04,Lesotho,Eswatini,5,2,Friendly,Maseru,Lesotho,False
2003-10-12,Eswatini,Cape Verde,1,1,FIFA World Cup qualification,Lobamba,Swaziland,False
2003-11-09,Mozambique,Eswatini,2,0,Friendly,Maputo,Mozambique,False
2003-11-16,Cape Verde,Eswatini,3,0,FIFA World Cup qualification,Praia,Cape Verde,False
2004-04-11,Mozambique,Eswatini,2,0,Friendly,Maputo,Mozambique,False
2004-05-31,Mozambique,Eswatini,1,1,Friendly,Maputo,Mozambique,False
2004-06-27,Eswatini,Zimbabwe,0,5,COSAFA Cup,Lobamba,Swaziland,False
2004-07-06,Malawi,Eswatini,1,2,Friendly,Blantyre,Malawi,False
2004-07-08,Malawi,Eswatini,1,1,Friendly,Lilongwe,Malawi,False
2005-06-01,Lesotho,Eswatini,3,4,Friendly,Maseru,Lesotho,False
2005-06-11,Zambia,Eswatini,3,0,COSAFA Cup,Lusaka,Zambia,False
2006-04-14,Lesotho,Eswatini,5,0,Friendly,Maseru,Lesotho,False
2006-04-16,Lesotho,Eswatini,2,2,Friendly,Maseru,Lesotho,False
2006-05-20,South Africa,Eswatini,1,0,COSAFA Cup,Gaborone,Botswana,True
2006-05-21,Madagascar,Eswatini,0,2,COSAFA Cup,Gaborone,Botswana,True
2006-06-24,Mozambique,Eswatini,4,0,Friendly,Maputo,Mozambique,False
2006-06-25,Eswatini,Zimbabwe,1,2,Friendly,Maputo,Mozambique,True
2006-08-26,Eswatini,Lesotho,3,1,Friendly,Lobamba,Swaziland,False
2006-09-03,Eswatini,Angola,0,2,African Cup of Nations qualification,Lobamba,Swaziland,False
2006-10-04,Ethiopia,Eswatini,2,0,Friendly,Addis Ababa,Ethiopia,False
2006-10-07,Eritrea,Eswatini,0,0,African Cup of Nations qualification,Asmara,Eritrea,False
2006-11-15,Botswana,Eswatini,1,0,Friendly,Gaborone,Botswana,False
2007-02-13,Lesotho,Eswatini,0,1,Friendly,Maseru,Lesotho,False
2007-03-18,Eswatini,Lesotho,0,1,Friendly,Lobamba,Swaziland,False
2007-03-25,Kenya,Eswatini,2,0,African Cup of Nations qualification,Nairobi,Kenya,False
2007-05-26,Eswatini,Mauritius,0,0,COSAFA Cup,Lobamba,Swaziland,False
2007-05-27,Eswatini,Malawi,1,0,COSAFA Cup,Lobamba,Swaziland,False
2007-06-03,Eswatini,Kenya,0,0,African Cup of Nations qualification,Lobamba,Swaziland,False
2007-06-17,Angola,Eswatini,3,0,African Cup of Nations qualification,Luanda,Angola,False
2007-09-09,Eswatini,Eritrea,0,0,African Cup of Nations qualification,Manzini,Swaziland,False
2007-11-18,Eswatini,Malawi,0,3,Friendly,Manzini,Swaziland,False
2008-02-09,Eswatini,Botswana,1,4,Friendly,Lobamba,Swaziland,False
2008-02-10,Eswatini,Lesotho,2,2,Friendly,Lobamba,Swaziland,False
2008-05-23,Eswatini,Lesotho,1,1,Friendly,Lobamba,Swaziland,False
2008-06-08,Eswatini,Togo,2,1,FIFA World Cup qualification,Lobamba,Swaziland,False
2008-06-15,Eswatini,Zambia,0,0,FIFA World Cup qualification,Lobamba,Swaziland,False
2008-06-21,Zambia,Eswatini,1,0,FIFA World Cup qualification,Chililabombwe,Zambia,False
2008-07-19,Madagascar,Eswatini,1,1,COSAFA Cup qualification,Witbank,South Africa,True
2008-07-21,Mauritius,Eswatini,1,1,COSAFA Cup qualification,Witbank,South Africa,True
2008-07-23,Seychelles,Eswatini,0,1,COSAFA Cup qualification,Witbank,South Africa,True
2008-08-20,Mozambique,Eswatini,3,0,Friendly,Maputo,Mozambique,False
2008-10-11,Togo,Eswatini,6,0,FIFA World Cup qualification,Accra,Ghana,True
2009-06-19,Eswatini,Lesotho,1,1,Friendly,Manzini,Swaziland,False
2009-06-21,Eswatini,Lesotho,1,1,Friendly,Lobamba,Swaziland,False
2009-07-06,Malawi,Eswatini,3,1,Friendly,Blantyre,Malawi,False
2009-08-12,Mozambique,Eswatini,1,0,Friendly,Maputo,Mozambique,False
2009-09-05,Namibia,Eswatini,1,1,Friendly,Windhoek,Namibia,False
2009-10-18,Eswatini,Seychelles,2,1,COSAFA Cup,Bulawayo,Zimbabwe,True
2009-10-20,Botswana,Eswatini,1,0,COSAFA Cup,Bulawayo,Zimbabwe,True
2009-10-22,Eswatini,Comoros,3,0,COSAFA Cup,Bulawayo,Zimbabwe,True
2010-08-11,Mozambique,Eswatini,2,1,Friendly,Maputo,Mozambique,False
2010-09-05,Eswatini,Ghana,0,3,African Cup of Nations qualification,Lobamba,Swaziland,False
2010-10-10,Congo,Eswatini,3,1,African Cup of Nations qualification,Brazzaville,Congo,False
2010-10-27,Botswana,Eswatini,2,0,Friendly,Lobatse,Botswana,False
2011-02-09,Eswatini,Zambia,0,4,Friendly,Manzini,Swaziland,False
2011-03-27,Sudan,Eswatini,3,0,African Cup of Nations qualification,Omdurman,Sudan,False
2011-05-25,Eswatini,Botswana,0,0,Friendly,Manzini,Swaziland,False
2011-05-29,Eswatini,Malawi,1,1,Friendly,Mhlume,Swaziland,False
2011-06-05,Eswatini,Sudan,1,2,African Cup of Nations qualification,Lobamba,Swaziland,False
2011-07-31,Eswatini,Botswana,0,2,Friendly,Pretoria,South Africa,True
2011-08-20,Lesotho,Eswatini,0,0,Friendly,Maseru,Lesotho,False
2011-08-22,Lesotho,Eswatini,0,1,Friendly,Maseru,Lesotho,False
2011-09-02,Ghana,Eswatini,2,0,African Cup of Nations qualification,Accra,Ghana,False
2011-10-08,Eswatini,Congo,0,1,African Cup of Nations qualification,Lobamba,Swaziland,False
2011-11-11,Eswatini,DR Congo,1,3,FIFA World Cup qualification,Lobamba,Swaziland,False
2011-11-15,DR Congo,Eswatini,5,1,FIFA World Cup qualification,Kinshasa,DR Congo,False
2012-10-12,Lesotho,Eswatini,2,1,Friendly,Maseru,Lesotho,False
2012-10-14,Lesotho,Eswatini,0,1,Friendly,Maseru,Lesotho,False
2012-11-11,Eswatini,Lesotho,0,0,Friendly,Lobamba,Swaziland,False
2013-01-17,Eswatini,Burkina Faso,0,3,Friendly,Nelspruit,South Africa,True
2013-03-22,Egypt,Eswatini,10,0,Friendly,Alexandria,Egypt,False
2013-07-07,Botswana,Eswatini,0,0,COSAFA Cup,Kitwe,Zambia,True
2013-07-09,Kenya,Eswatini,2,0,COSAFA Cup,Kitwe,Zambia,True
2013-07-11,Lesotho,Eswatini,2,0,COSAFA Cup,Lusaka,Zambia,True
2013-11-15,Eswatini,South Africa,0,3,Friendly,Lobamba,Swaziland,False
2014-03-07,Lesotho,Eswatini,0,1,Friendly,Maseru,Lesotho,False
2014-03-09,Lesotho,Eswatini,0,0,Friendly,Maseru,Lesotho,False
2014-05-18,Eswatini,Sierra Leone,1,1,African Cup of Nations qualification,Lobamba,Swaziland,False
2014-05-31,Sierra Leone,Eswatini,1,0,African Cup of Nations qualification,Freetown,Sierra Leone,False
2014-10-15,Eswatini,Zimbabwe,0,2,Friendly,Lobamba,Swaziland,False
2014-11-16,Eswatini,Tanzania,1,1,Friendly,Lobamba,Swaziland,False
2015-01-10,Burkina Faso,Eswatini,5,1,Friendly,Nelspruit,South Africa,True
2015-03-25,Eswatini,South Africa,1,3,Friendly,Lobamba,Swaziland,False
2015-05-18,Tanzania,Eswatini,0,1,COSAFA Cup,Phokeng,South Africa,True
2015-05-20,Lesotho,Eswatini,0,2,COSAFA Cup,Phokeng,South Africa,True
2015-05-22,Madagascar,Eswatini,1,1,COSAFA Cup,Phokeng,South Africa,True
2015-06-12,Guinea,Eswatini,1,2,African Cup of Nations qualification,Casablanca,Morocco,True
2015-09-06,Eswatini,Malawi,2,2,African Cup of Nations qualification,Lobamba,Swaziland,False
2015-10-09,Djibouti,Eswatini,0,6,FIFA World Cup qualification,Djibouti,Djibouti,False
2015-10-17,Eswatini,Djibouti,2,1,FIFA World Cup qualification,Lobamba,Swaziland,False
2015-11-13,Eswatini,Nigeria,0,0,FIFA World Cup qualification,Lobamba,Swaziland,False
2015-11-17,Nigeria,Eswatini,2,0,FIFA World Cup qualification,Port Harcourt,Nigeria,False
2016-03-25,Eswatini,Zimbabwe,1,1,African Cup of Nations qualification,Lobamba,Swaziland,False
2016-03-26,Zimbabwe,Eswatini,4,0,African Cup of Nations qualification,Harare,Zimbabwe,False
2016-06-05,Eswatini,Guinea,1,0,African Cup of Nations qualification,Lobamba,Swaziland,False
2016-06-11,Zimbabwe,Eswatini,2,2,COSAFA Cup,Windhoek,Namibia,True
2016-06-13,Eswatini,Seychelles,4,0,COSAFA Cup,Windhoek,Namibia,True
2016-06-15,Eswatini,Madagascar,1,0,COSAFA Cup,Windhoek,Namibia,True
2016-06-19,Zambia,Eswatini,0,0,COSAFA Cup,Windhoek,Namibia,True
2016-06-22,South Africa,Eswatini,5,1,COSAFA Cup,Windhoek,Namibia,True
2016-06-25,Eswatini,DR Congo,1,0,COSAFA Cup,Windhoek,Namibia,True
2016-09-04,Malawi,Eswatini,1,0,African Cup of Nations qualification,Blantyre,Malawi,False
2017-06-10,Niger,Eswatini,0,0,African Cup of Nations qualification,Niamey,Niger,False
2017-07-02,Eswatini,Zimbabwe,1,2,COSAFA Cup,Rustenburg,South Africa,True
2017-07-04,Namibia,Eswatini,1,0,COSAFA Cup,Moruleng,South Africa,True
2018-03-27,Seychelles,Eswatini,0,0,Friendly,Victoria,Seychelles,False
2018-05-25,Kenya,Eswatini,0,1,Friendly,Machakos,Kenya,False
2018-06-02,Lesotho,Eswatini,1,0,COSAFA Cup,Polokwane,South Africa,True
2018-06-05,Eswatini,Botswana,0,2,COSAFA Cup,Polokwane,South Africa,True
2018-09-09,Eswatini,Tunisia,0,2,African Cup of Nations qualification,Manzini,Eswatini,False
2018-10-12,Egypt,Eswatini,4,1,African Cup of Nations qualification,Cairo,Egypt,False
2018-10-16,Eswatini,Egypt,0,2,African Cup of Nations qualification,Manzini,Eswatini,False
2018-11-18,Eswatini,Niger,1,2,African Cup of Nations qualification,Manzini,Eswatini,False
2019-03-22,Tunisia,Eswatini,4,0,African Cup of Nations qualification,Radès,Tunisia,False
2019-05-25,Eswatini,Mauritius,2,2,COSAFA Cup,Durban,South Africa,True
2019-05-27,Eswatini,Comoros,2,2,COSAFA Cup,Durban,South Africa,True
2019-09-04,Djibouti,Eswatini,2,1,FIFA World Cup qualification,Djibouti,Djibouti,False
2019-09-10,Eswatini,Djibouti,0,0,FIFA World Cup qualification,Manzini,Eswatini,False
2019-11-13,Guinea-Bissau,Eswatini,3,0,African Cup of Nations qualification,Bissau,Guinea-Bissau,False
2019-11-17,Eswatini,Senegal,1,4,African Cup of Nations qualification,Manzini,Eswatini,False
2020-11-12,Congo,Eswatini,2,0,African Cup of Nations qualification,Brazzaville,Congo,False
2020-11-16,Eswatini,Congo,0,0,African Cup of Nations qualification,Manzini,Eswatini,False
2021-03-26,Eswatini,Guinea-Bissau,1,3,African Cup of Nations qualification,Manzini,Eswatini,False
2021-03-30,Senegal,Eswatini,1,1,African Cup of Nations qualification,Thiès,Senegal,False
2021-06-08,Mozambique,Eswatini,1,1,Friendly,Maputo,Mozambique,False
2021-07-06,Eswatini,Lesotho,3,1,COSAFA Cup,Port Elizabeth,South Africa,True
2021-07-08,South Africa,Eswatini,1,0,COSAFA Cup,Port Elizabeth,South Africa,False
2021-07-10,Zambia,Eswatini,0,1,COSAFA Cup,Port Elizabeth,South Africa,True
2021-07-14,Eswatini,Botswana,1,1,COSAFA Cup,Port Elizabeth,South Africa,True
2021-07-16,Senegal,Eswatini,2,2,COSAFA Cup,Port Elizabeth,South Africa,True
2021-07-18,Eswatini,Mozambique,1,1,COSAFA Cup,Port Elizabeth,South Africa,True
2022-03-23,Somalia,Eswatini,0,3,African Cup of Nations qualification,Dar es Salaam,Tanzania,True
2022-03-27,Eswatini,Somalia,2,1,African Cup of Nations qualification,Mbombela,South Africa,True
2022-05-24,Mozambique,Eswatini,0,1,Friendly,Maputo,Mozambique,False
2022-06-03,Togo,Eswatini,2,2,African Cup of Nations qualification,Lomé,Togo,False
2022-06-07,Eswatini,Burkina Faso,1,3,African Cup of Nations qualification,Johannesburg,South Africa,True
2022-07-06,Mauritius,Eswatini,0,3,COSAFA Cup,Durban,South Africa,True
2022-07-08,Malawi,Eswatini,1,1,COSAFA Cup,Durban,South Africa,True
2022-07-10,Eswatini,Lesotho,2,0,COSAFA Cup,Durban,South Africa,True
2022-07-13,Senegal,Eswatini,1,1,COSAFA Cup,KwaMashu,South Africa,True
2022-07-15,Botswana,Eswatini,2,0,COSAFA Cup,Sugar Ray Xulu Stadium,South Africa,True
2023-03-24,Cape Verde,Eswatini,0,0,African Cup of Nations qualification,Praia,Cape Verde,False
2023-03-28,Eswatini,Cape Verde,0,1,African Cup of Nations qualification,Mbombela,South Africa,True
2023-06-18,Eswatini,Togo,0,2,African Cup of Nations qualification,Mbombela,South Africa,True
2023-07-05,Eswatini,Botswana,0,1,COSAFA Cup,Durban,South Africa,True
2023-07-08,Namibia,Eswatini,1,2,COSAFA Cup,Durban,South Africa,True
2023-07-11,South Africa,Eswatini,2,1,COSAFA Cup,KwaMashu,South Africa,False
2023-09-08,Burkina Faso,Eswatini,0,0,African Cup of Nations qualification,Marrakech,Morocco,True
2023-10-13,South Africa,Eswatini,0,0,Friendly,Johannesburg,South Africa,False
2023-10-16,Botswana,Eswatini,2,1,Friendly,Lobatse,Botswana,False
2023-11-17,Eswatini,Libya,0,1,FIFA World Cup qualification,Mbombela,South Africa,True
2023-11-21,Eswatini,Cape Verde,0,2,FIFA World Cup qualification,Mbombela,South Africa,True
2024-03-20,Somalia,Eswatini,0,3,African Cup of Nations qualification,El Jadida,Morocco,True
2024-03-26,Eswatini,Somalia,2,2,African Cup of Nations qualification,Mbombela,South Africa,True
2024-06-07,Angola,Eswatini,1,0,FIFA World Cup qualification,Luanda,Angola,False
2024-06-11,Mauritius,Eswatini,2,1,FIFA World Cup qualification,Saint Pierre,Mauritius,False
2024-09-05,Guinea-Bissau,Eswatini,1,0,African Cup of Nations qualification,Bissau,Guinea-Bissau,False
2024-09-10,Eswatini,Mali,0,1,African Cup of Nations qualification,Mbombela,South Africa,True
2024-10-11,Mozambique,Eswatini,1,1,African Cup of Nations qualification,Maputo,Mozambique,False
2024-10-14,Eswatini,Mozambique,0,3,African Cup of Nations qualification,Mbombela,South Africa,True
2025-03-19,Eswatini,Cameroon,0,0,FIFA World Cup qualification,Mbombela,South Africa,True
2025-03-23,Eswatini,Mauritius,3,3,FIFA World Cup qualification,Mbombela,South Africa,True
