Date,Home_team,Away_team,home_score,away_score,Match_type,venue_city,venue_country,neutral_venue
1917-05-07,Japan,Philippines,2,15,Friendly,Tokyo,Japan,False
1917-05-09,Japan,China PR,0,5,Far Eastern Championship Games,Tokyo,Japan,False
1917-05-10,Japan,Philippines,2,15,Far Eastern Championship Games,Tokyo,Japan,False
1921-05-30,Japan,Philippines,0,3,Friendly,Shanghai,China PR,True
1921-05-30,Philippines,Japan,3,1,Far Eastern Championship Games,Shanghai,China PR,True
1921-06-01,China PR,Japan,4,0,Far Eastern Championship Games,Shanghai,China PR,False
1921-06-03,China PR,Japan,3,0,Open International Championship,Shanghai,China PR,False
1923-05-23,Japan,Philippines,1,2,Far Eastern Championship Games,Osaka,Japan,False
1923-05-24,Japan,China PR,1,5,Friendly,Osaka,Japan,False
1923-05-24,Japan,China PR,1,5,Far Eastern Championship Games,Osaka,Japan,False
1925-05-18,Philippines,Japan,4,0,Far Eastern Championship Games,Manila,Philippines,False
1925-05-20,China PR,Japan,2,0,Friendly,Manila,Philippines,True
1925-05-20,Japan,China PR,0,2,Far Eastern Championship Games,Manila,Philippines,True
1927-08-27,China PR,Japan,5,1,Friendly,Shanghai,China PR,False
1927-08-27,China PR,Japan,5,1,Far Eastern Championship Games,Shanghai,China PR,False
1927-08-29,Japan,Philippines,2,1,Friendly,Shanghai,China PR,True
1927-08-29,Japan,Philippines,2,1,Far Eastern Championship Games,Shanghai,China PR,True
1930-05-25,Japan,Philippines,7,2,Far Eastern Championship Games,Tokyo,Japan,False
1930-05-29,Japan,China PR,3,3,Friendly,Tokyo,Japan,False
1930-05-30,Japan,China PR,3,3,Far Eastern Championship Games,Tokyo,Japan,False
1934-05-13,Japan,Indonesia,1,7,Friendly,Manila,Philippines,True
1934-05-13,Japan,Indonesia,1,7,Far Eastern Championship Games,Manila,Philippines,True
1934-05-15,Philippines,Japan,3,4,Far Eastern Championship Games,Manila,Philippines,False
1934-05-20,China PR,Japan,4,3,Friendly,Manila,Philippines,True
1934-05-20,China PR,Japan,4,3,Far Eastern Championship Games,Manila,Philippines,True
1939-09-02,China PR,Japan,0,3,Friendly,Xinjing,Manchuria,True
1939-09-03,Manchukuo,Japan,0,6,Friendly,Xinjing,Manchuria,False
1940-06-07,Japan,Manchukuo,7,0,Friendly,Tokyo,Japan,False
1940-06-09,Japan,China PR,6,0,Friendly,Tokyo,Japan,False
1940-06-16,Japan,Philippines,1,0,Friendly,Nishinomiya,Japan,False
1942-08-08,China PR,Japan,1,6,Friendly,Xinjing,Manchuria,True
1942-08-09,Manchukuo,Japan,0,3,Friendly,Xinjing,Manchuria,False
1942-08-10,Japan,Mongolia,12,0,Friendly,Xinjing,Manchuria,True
1951-03-07,Iran,Japan,0,0,Asian Games,New Delhi,India,True
1951-03-08,Iran,Japan,3,2,Asian Games,New Delhi,India,True
1951-03-09,Japan,Afghanistan,2,0,Asian Games,New Delhi,India,True
1954-03-07,Japan,South Korea,1,5,FIFA World Cup qualification,Tokyo,Japan,False
1954-03-14,Japan,South Korea,2,2,FIFA World Cup qualification,Tokyo,Japan,False
1954-05-01,Japan,Indonesia,3,5,Asian Games,Manila,Philippines,True
1954-05-03,India,Japan,3,2,Asian Games,Manila,Philippines,True
1955-01-11,Myanmar,Japan,0,1,Friendly,Yangon,Burma,False
1955-10-09,Japan,Myanmar,0,0,Friendly,Tokyo,Japan,False
1958-05-26,Japan,Philippines,0,1,Asian Games,Tokyo,Japan,False
1958-05-28,Japan,Hong Kong,0,2,Asian Games,Tokyo,Japan,False
1958-12-25,Hong Kong,Japan,5,2,Friendly,So Kon Po,Hong Kong,False
1958-12-28,Malaysia,Japan,6,2,Friendly,Kuala Lumpur,Malaya,False
1959-01-04,Malaysia,Japan,1,3,Friendly,George Town,Malaya,True
1959-01-10,Singapore,Japan,3,4,Friendly,Kallang,Singapore,False
1959-01-11,Singapore,Japan,3,2,Friendly,Kallang,Singapore,False
1959-09-03,Japan,Singapore,4,1,Merdeka Tournament,Kuala Lumpur,Malaya,True
1959-09-05,Japan,South Korea,0,0,Merdeka Tournament,Kuala Lumpur,Malaya,True
1959-09-06,Japan,South Korea,1,3,Merdeka Tournament,Kuala Lumpur,Malaya,True
1960-08-05,Malaysia,Japan,3,0,Merdeka Tournament,Kuala Lumpur,Malaya,False
1960-08-10,Pakistan,Japan,3,1,Merdeka Tournament,Kuala Lumpur,Malaya,True
1960-08-12,Japan,Thailand,3,1,Merdeka Tournament,Kuala Lumpur,Malaya,True
1960-11-06,South Korea,Japan,2,1,FIFA World Cup qualification,Seoul,South Korea,False
1961-05-28,Japan,Malaysia,3,2,Friendly,Tokyo,Japan,False
1961-06-11,Japan,South Korea,0,2,FIFA World Cup qualification,Tokyo,Japan,False
1961-08-02,Malaysia,Japan,3,2,Merdeka Tournament,Kuala Lumpur,Malaya,False
1961-08-06,India,Japan,1,3,Merdeka Tournament,Kuala Lumpur,Malaya,True
1961-08-10,Japan,Vietnam Republic,2,3,Merdeka Tournament,Kuala Lumpur,Malaya,True
1961-08-15,Indonesia,Japan,2,0,Friendly,Kallang,Singapore,True
1962-08-25,Japan,Thailand,3,1,Asian Games,Jakarta,Indonesia,True
1962-08-29,India,Japan,2,0,Asian Games,Jakarta,Indonesia,True
1962-08-30,South Korea,Japan,1,0,Asian Games,Jakarta,Indonesia,True
1962-09-08,Malaysia,Japan,2,2,Merdeka Tournament,Kuala Lumpur,Malaya,False
1962-09-12,Japan,Pakistan,1,1,Merdeka Tournament,Kuala Lumpur,Malaya,True
1962-09-15,Myanmar,Japan,3,1,Merdeka Tournament,Kuala Lumpur,Malaya,True
1962-09-21,Singapore,Japan,2,1,Friendly,Kallang,Singapore,False
1963-08-08,Malaysia,Japan,3,4,Merdeka Tournament,Kuala Lumpur,Malaya,False
1963-08-10,Thailand,Japan,1,4,Merdeka Tournament,Kuala Lumpur,Malaya,True
1963-08-12,Vietnam Republic,Japan,1,5,Merdeka Tournament,Kuala Lumpur,Malaya,True
1963-08-13,South Korea,Japan,1,1,Merdeka Tournament,Kuala Lumpur,Malaya,True
1963-08-15,Taiwan,Japan,2,0,Merdeka Tournament,Kuala Lumpur,Malaya,True
1963-10-12,Japan,Vietnam Republic,2,1,Friendly,Tokyo,Japan,False
1964-03-03,Singapore,Japan,1,2,Friendly,Kallang,Singapore,False
1965-03-11,Hong Kong,Japan,1,4,Friendly,So Kon Po,Hong Kong,False
1965-03-15,Hong Kong,Japan,1,2,Friendly,So Kon Po,Hong Kong,False
1965-03-22,Myanmar,Japan,1,1,Friendly,Yangon,Burma,False
1965-03-25,Singapore,Japan,1,4,Friendly,Kallang,Singapore,False
1965-03-27,Malaysia,Japan,1,1,Friendly,Kuala Lumpur,Malaysia,False
1965-08-14,Malaysia,Japan,2,2,Merdeka Tournament,Kuala Lumpur,Malaysia,False
1965-08-15,India,Japan,1,1,Merdeka Tournament,Kuala Lumpur,Malaysia,True
1965-08-18,Japan,Taiwan,0,4,Merdeka Tournament,Kuala Lumpur,Malaysia,True
1965-08-20,Japan,Myanmar,3,1,Merdeka Tournament,Kuala Lumpur,Malaysia,True
1965-08-24,Japan,Thailand,0,0,Merdeka Tournament,Kuala Lumpur,Malaysia,True
1965-08-28,Japan,Vietnam Republic,2,1,Merdeka Tournament,Kuala Lumpur,Malaysia,True
1966-08-14,South Korea,Japan,2,0,Merdeka Tournament,Kuala Lumpur,Malaysia,True
1966-08-17,India,Japan,3,0,Merdeka Tournament,Kuala Lumpur,Malaysia,True
1966-08-20,Japan,Taiwan,5,2,Merdeka Tournament,Kuala Lumpur,Malaysia,True
1966-08-22,Japan,Vietnam Republic,0,2,Merdeka Tournament,Ipoh,Malaysia,True
1966-08-25,Singapore,Japan,0,1,Merdeka Tournament,Kuala Lumpur,Malaysia,True
1966-12-10,Japan,India,2,1,Asian Games,Bangkok,Thailand,True
1966-12-11,Iran,Japan,1,3,Asian Games,Bangkok,Thailand,True
1966-12-14,Malaysia,Japan,0,1,Asian Games,Bangkok,Thailand,True
1966-12-16,Japan,Singapore,5,1,Asian Games,Bangkok,Thailand,True
1966-12-17,Thailand,Japan,1,5,Asian Games,Bangkok,Thailand,False
1966-12-18,Japan,Iran,0,1,Asian Games,Bangkok,Thailand,True
1966-12-19,Japan,Singapore,2,0,Asian Games,Bangkok,Thailand,True
1967-07-28,Peru,Japan,1,0,Friendly,Lima,Peru,False
1967-07-30,Peru,Japan,0,0,Friendly,Lima,Peru,False
1967-08-01,Japan,South Korea,2,1,AFC Asian Cup qualification,Taipei,Taiwan,True
1967-08-03,Japan,Philippines,2,0,AFC Asian Cup qualification,Taipei,Taiwan,True
1967-08-05,Japan,Indonesia,2,1,AFC Asian Cup qualification,Taipei,Taiwan,True
1968-03-26,Mexico,Japan,4,0,Friendly,Mexico City,Mexico,False
1968-03-30,Australia,Japan,2,2,Friendly,Sydney,Australia,False
1968-03-31,Australia,Japan,3,1,Friendly,Melbourne,Australia,False
1968-04-04,Australia,Japan,1,3,Friendly,Adelaide,Australia,False
1969-10-10,Japan,Australia,1,3,FIFA World Cup qualification,Seoul,South Korea,True
1969-10-12,South Korea,Japan,2,2,FIFA World Cup qualification,Seoul,South Korea,False
1969-10-16,Australia,Japan,1,1,FIFA World Cup qualification,Seoul,South Korea,True
1969-10-18,South Korea,Japan,2,0,FIFA World Cup qualification,Seoul,South Korea,False
1970-07-31,Hong Kong,Japan,2,1,Merdeka Tournament,Kuala Lumpur,Malaysia,True
1970-08-02,Japan,South Korea,1,1,Merdeka Tournament,Kuala Lumpur,Malaysia,True
1970-08-04,Japan,Thailand,0,0,Merdeka Tournament,Kuala Lumpur,Malaysia,True
1970-08-08,Indonesia,Japan,3,4,Merdeka Tournament,Kuala Lumpur,Malaysia,True
1970-08-10,Japan,Singapore,4,0,Merdeka Tournament,Kuala Lumpur,Malaysia,True
1970-08-16,Japan,Taiwan,3,2,Merdeka Tournament,Kuala Lumpur,Malaysia,True
1970-12-10,Japan,Malaysia,1,0,Asian Games,Bangkok,Thailand,True
1970-12-12,Japan,Cambodia,1,0,Asian Games,Bangkok,Thailand,True
1970-12-14,Japan,Myanmar,2,1,Asian Games,Bangkok,Thailand,True
1970-12-16,Indonesia,Japan,1,2,Asian Games,Bangkok,Thailand,True
1970-12-17,Japan,India,1,0,Asian Games,Bangkok,Thailand,True
1970-12-18,Japan,South Korea,1,2,Asian Games,Bangkok,Thailand,True
1970-12-19,Japan,India,0,1,Asian Games,Bangkok,Thailand,True
1971-07-28,Denmark,Japan,3,2,Friendly,Copenhagen,Denmark,False
1971-08-13,Iceland,Japan,0,2,Friendly,Reykjavík,Iceland,False
1972-07-12,Japan,Cambodia,4,1,Merdeka Tournament,Kuala Lumpur,Malaysia,True
1972-07-16,Japan,Sri Lanka,5,0,Merdeka Tournament,Ipoh,Malaysia,True
1972-07-18,Japan,Philippines,5,1,Merdeka Tournament,Kuala Lumpur,Malaysia,True
1972-07-22,Malaysia,Japan,3,1,Merdeka Tournament,Kuala Lumpur,Malaysia,False
1972-07-26,Japan,South Korea,0,3,Merdeka Tournament,Kuala Lumpur,Malaysia,True
1972-08-04,Japan,Philippines,4,1,Friendly,Kallang,Singapore,True
1972-08-06,Indonesia,Japan,1,0,Friendly,Kallang,Singapore,True
1972-09-14,Japan,South Korea,2,2,Friendly,Tokyo,Japan,False
1973-05-16,Israel,Japan,2,1,FIFA World Cup qualification,Seoul,South Korea,True
1973-05-20,Vietnam Republic,Japan,0,4,FIFA World Cup qualification,Seoul,South Korea,True
1973-05-22,Japan,Hong Kong,0,1,FIFA World Cup qualification,Seoul,South Korea,True
1973-05-26,Israel,Japan,1,0,FIFA World Cup qualification,Seoul,South Korea,True
1973-06-23,South Korea,Japan,2,0,Friendly,Seoul,South Korea,False
1974-02-12,Singapore,Japan,0,1,Friendly,Kallang,Singapore,False
1974-02-20,Hong Kong,Japan,0,0,Friendly,So Kon Po,Hong Kong,False
1974-09-03,Japan,Philippines,4,0,Asian Games,Tehran,Iran,True
1974-09-05,Japan,Malaysia,1,1,Asian Games,Tehran,Iran,True
1974-09-07,Japan,Israel,0,3,Asian Games,Tehran,Iran,True
1974-09-28,Japan,South Korea,4,1,Friendly,Tokyo,Japan,False
1975-06-14,Hong Kong,Japan,0,0,AFC Asian Cup qualification,So Kon Po,Hong Kong,False
1975-06-17,North Korea,Japan,1,0,AFC Asian Cup qualification,So Kon Po,Hong Kong,True
1975-06-23,China PR,Japan,2,1,AFC Asian Cup qualification,So Kon Po,Hong Kong,True
1975-07-30,Hong Kong,Japan,2,0,Merdeka Tournament,Kuala Lumpur,Malaysia,True
1975-08-02,Malaysia,Japan,2,0,Merdeka Tournament,Kuala Lumpur,Malaysia,False
1975-08-04,Bangladesh,Japan,0,3,Merdeka Tournament,Kuala Lumpur,Malaysia,True
1975-08-07,Indonesia,Japan,1,4,Merdeka Tournament,Kuala Lumpur,Malaysia,True
1975-08-09,Japan,South Korea,1,3,Merdeka Tournament,Kuala Lumpur,Malaysia,True
1975-08-11,Japan,Thailand,4,0,Merdeka Tournament,Kuala Lumpur,Malaysia,True
1975-08-14,Myanmar,Japan,0,2,Merdeka Tournament,Kuala Lumpur,Malaysia,True
1975-09-08,South Korea,Japan,3,0,Friendly,Seoul,South Korea,False
1976-01-25,Japan,Bulgaria,1,3,Friendly,Tokyo,Japan,False
1976-01-28,Japan,Bulgaria,1,1,Friendly,Osaka,Japan,False
1976-02-01,Japan,Bulgaria,0,3,Friendly,Tokyo,Japan,False
1976-08-08,India,Japan,1,5,Merdeka Tournament,Kuala Lumpur,Malaysia,True
1976-08-10,Indonesia,Japan,0,6,Merdeka Tournament,Kuala Lumpur,Malaysia,True
1976-08-13,Myanmar,Japan,2,2,Merdeka Tournament,Kuala Lumpur,Malaysia,True
1976-08-16,Japan,Thailand,2,2,Merdeka Tournament,Kuala Lumpur,Malaysia,True
1976-08-18,Japan,South Korea,0,0,Merdeka Tournament,Kuala Lumpur,Malaysia,True
1976-08-20,Malaysia,Japan,2,2,Merdeka Tournament,Kuala Lumpur,Malaysia,False
1976-08-22,Malaysia,Japan,2,0,Merdeka Tournament,Kuala Lumpur,Malaysia,False
1976-12-04,Japan,South Korea,1,2,Friendly,Tokyo,Japan,False
1977-03-06,Israel,Japan,2,0,FIFA World Cup qualification,Ramat Gan,Israel,False
1977-03-10,Israel,Japan,2,0,FIFA World Cup qualification,Ramat Gan,Israel,False
1977-03-26,Japan,South Korea,0,0,FIFA World Cup qualification,Tokyo,Japan,False
1977-04-03,South Korea,Japan,1,0,FIFA World Cup qualification,Seoul,South Korea,False
1977-06-15,South Korea,Japan,2,1,Friendly,Seoul,South Korea,False
1978-05-23,Japan,Thailand,3,0,Kirin Cup,Nagoya,Japan,False
1978-07-13,Iraq,Japan,0,0,Merdeka Tournament,Kuala Lumpur,Malaysia,True
1978-07-15,Indonesia,Japan,2,1,Merdeka Tournament,Kuala Lumpur,Malaysia,True
1978-07-17,Japan,Syria,3,2,Merdeka Tournament,Kuala Lumpur,Malaysia,True
1978-07-19,Japan,South Korea,0,4,Merdeka Tournament,Kuala Lumpur,Malaysia,True
1978-07-21,Malaysia,Japan,4,1,Merdeka Tournament,Kuala Lumpur,Malaysia,False
1978-07-23,Japan,Singapore,1,2,Merdeka Tournament,Kuala Lumpur,Malaysia,True
1978-07-26,Japan,Thailand,4,0,Merdeka Tournament,Kuala Lumpur,Malaysia,True
1978-11-19,Japan,Russia,1,4,Friendly,Tokyo,Japan,False
1978-11-23,Japan,Russia,1,4,Friendly,Tokyo,Japan,False
1978-11-26,Japan,Russia,0,3,Friendly,Osaka,Japan,False
1978-12-11,Japan,Kuwait,0,2,Asian Games,Bangkok,Thailand,True
1978-12-13,Bahrain,Japan,0,4,Asian Games,Bangkok,Thailand,True
1978-12-15,Japan,South Korea,1,3,Asian Games,Bangkok,Thailand,True
1979-03-04,Japan,South Korea,2,1,Friendly,Tokyo,Japan,False
1979-05-31,Japan,Indonesia,4,0,Kirin Cup,Tokyo,Japan,False
1979-06-16,South Korea,Japan,4,1,Friendly,Seoul,South Korea,False
1979-06-29,Malaysia,Japan,1,1,Merdeka Tournament,Kuala Lumpur,Malaysia,False
1979-06-29,Japan,Thailand,2,0,Merdeka Tournament,Kuala Lumpur,Malaysia,True
1979-07-01,Myanmar,Japan,0,1,Merdeka Tournament,Kuala Lumpur,Malaysia,True
1979-07-11,Indonesia,Japan,0,0,Merdeka Tournament,Kuala Lumpur,Malaysia,True
1979-07-13,Japan,Singapore,3,1,Merdeka Tournament,Kuala Lumpur,Malaysia,True
1979-08-23,North Korea,Japan,0,0,Friendly,Pyongyang,North Korea,False
1980-05-11,Japan,Luxembourg,1,0,Friendly,Medan,Indonesia,True
1980-06-09,Hong Kong,Japan,1,3,Guangzhou International Friendship Tournament,Guangzhou,China PR,True
1980-06-11,China PR,Japan,1,0,Guangzhou International Friendship Tournament,Guangzhou,China PR,False
1980-06-18,Hong Kong,Japan,0,2,Guangzhou International Friendship Tournament,Guangzhou,China PR,True
1980-12-22,Singapore,Japan,0,1,FIFA World Cup qualification,So Kon Po,Hong Kong,True
1980-12-26,China PR,Japan,1,0,FIFA World Cup qualification,So Kon Po,Hong Kong,True
1980-12-28,Japan,Macau,3,0,FIFA World Cup qualification,So Kon Po,Hong Kong,True
1980-12-30,North Korea,Japan,1,0,FIFA World Cup qualification,So Kon Po,Hong Kong,True
1981-02-08,Malaysia,Japan,1,0,Friendly,Kuantan,Malaysia,False
1981-02-10,Malaysia,Japan,1,1,Friendly,Kuala Lumpur,Malaysia,False
1981-02-17,Singapore,Japan,0,1,Friendly,Kallang,Singapore,False
1981-02-19,Singapore,Japan,0,0,Friendly,Kallang,Singapore,False
1981-02-24,Indonesia,Japan,2,0,Friendly,Jakarta,Indonesia,False
1981-03-08,Japan,South Korea,0,1,Friendly,Tokyo,Japan,False
1981-06-02,Japan,China PR,0,0,Kirin Cup,Saitama,Japan,False
1981-06-19,Japan,Malaysia,2,0,Korea Cup,Daegu,South Korea,True
1981-06-21,South Korea,Japan,2,0,Korea Cup,Busan,South Korea,False
1981-08-30,Malaysia,Japan,0,2,Merdeka Tournament,Kuala Lumpur,Malaysia,False
1981-09-03,India,Japan,2,3,Merdeka Tournament,Kuala Lumpur,Malaysia,True
1981-09-08,Japan,United Arab Emirates,3,2,Merdeka Tournament,Kuala Lumpur,Malaysia,True
1981-09-12,Japan,New Zealand,0,1,Merdeka Tournament,Kuala Lumpur,Malaysia,True
1981-09-14,Indonesia,Japan,0,2,Merdeka Tournament,Kuala Lumpur,Malaysia,True
1981-09-18,Iraq,Japan,2,0,Merdeka Tournament,Kuala Lumpur,Malaysia,True
1982-03-21,South Korea,Japan,3,0,Friendly,Seoul,South Korea,False
1982-06-02,Japan,Singapore,2,0,Kirin Cup,Hiroshima,Japan,False
1982-11-21,Japan,Iran,1,0,Asian Games,New Delhi,India,True
1982-11-23,Japan,South Yemen,3,1,Asian Games,New Delhi,India,True
1982-11-25,South Korea,Japan,1,2,Asian Games,New Delhi,India,True
1982-11-28,Japan,Iraq,0,1,Asian Games,New Delhi,India,True
1983-02-12,Syria,Japan,2,2,Friendly,Damascus,Syria,False
1983-03-06,Japan,South Korea,1,1,Friendly,Tokyo,Japan,False
1983-06-07,Japan,Syria,1,0,Kirin Cup,Tokyo,Japan,False
1984-03-06,Brunei,Japan,1,7,Friendly,Bandar Seri Begawan,Brunei,False
1984-05-31,Japan,China PR,1,0,Kirin Cup,Saitama,Japan,False
1984-09-30,South Korea,Japan,1,2,Friendly,Seoul,South Korea,False
1985-02-23,Singapore,Japan,1,3,FIFA World Cup qualification,Kallang,Singapore,False
1985-03-21,Japan,North Korea,1,0,FIFA World Cup qualification,Tokyo,Japan,False
1985-04-30,North Korea,Japan,0,0,FIFA World Cup qualification,Pyongyang,North Korea,False
1985-05-18,Japan,Singapore,5,0,FIFA World Cup qualification,Tokyo,Japan,False
1985-05-26,Japan,Uruguay,1,4,Kirin Cup,Tokyo,Japan,False
1985-08-11,Japan,Hong Kong,3,0,FIFA World Cup qualification,Kobe,Japan,False
1985-09-22,Hong Kong,Japan,1,2,FIFA World Cup qualification,Siu Sai Wan,Hong Kong,False
1985-10-26,Japan,South Korea,1,2,FIFA World Cup qualification,Tokyo,Japan,False
1985-11-03,South Korea,Japan,1,0,FIFA World Cup qualification,Seoul,South Korea,False
1986-05-11,Japan,Algeria,2,1,Kirin Cup,Matsuyama,Japan,False
1986-07-25,Japan,Syria,2,1,Merdeka Tournament,Kuala Lumpur,Malaysia,True
1986-08-01,Malaysia,Japan,2,1,Merdeka Tournament,Kuala Lumpur,Malaysia,False
1986-09-20,Japan,Nepal,5,0,Asian Games,Daejeon,South Korea,True
1986-09-22,Japan,Iran,0,2,Asian Games,Daejeon,South Korea,True
1986-09-24,Japan,Kuwait,0,2,Asian Games,Daejeon,South Korea,True
1986-09-28,Japan,Bangladesh,4,0,Asian Games,Daejeon,South Korea,True
1987-05-27,Japan,Senegal,2,2,Kirin Cup,Hiroshima,Japan,False
1988-01-27,United Arab Emirates,Japan,1,1,Friendly,Dubai,United Arab Emirates,False
1988-01-30,United Arab Emirates,Japan,2,0,Friendly,Abu Dhabi,United Arab Emirates,False
1988-02-02,Oman,Japan,1,1,Friendly,Muscat,Oman,False
1988-04-08,Kuwait,Japan,1,0,AFC Asian Cup qualification,Kuala Lumpur,Malaysia,True
1988-04-11,Malaysia,Japan,0,1,AFC Asian Cup qualification,Kuala Lumpur,Malaysia,False
1988-04-16,Japan,Jordan,1,1,AFC Asian Cup qualification,Kuala Lumpur,Malaysia,True
1988-04-18,Japan,Pakistan,4,1,AFC Asian Cup qualification,Kuala Lumpur,Malaysia,True
1988-06-02,Japan,China PR,0,3,Kirin Cup,Nagoya,Japan,False
1988-10-26,Japan,South Korea,0,1,Friendly,Tokyo,Japan,False
1988-12-04,Japan,Iran,0,0,AFC Asian Cup,Doha,Qatar,True
1988-12-06,South Korea,Japan,2,0,AFC Asian Cup,Doha,Qatar,True
1988-12-10,United Arab Emirates,Japan,1,0,AFC Asian Cup,Doha,Qatar,True
1988-12-12,Qatar,Japan,3,0,AFC Asian Cup,Doha,Qatar,False
1989-01-20,Iran,Japan,2,2,Friendly,Tehran,Iran,False
1989-05-05,South Korea,Japan,1,0,Friendly,Seoul,South Korea,False
1989-05-10,Japan,China PR,2,2,Friendly,Tokyo,Japan,False
1989-05-13,Japan,China PR,2,0,Friendly,Okayama,Japan,False
1989-05-22,Hong Kong,Japan,0,0,FIFA World Cup qualification,Victoria,Hong Kong,False
1989-05-28,Indonesia,Japan,0,0,FIFA World Cup qualification,Jakarta,Indonesia,False
1989-06-04,Japan,North Korea,2,1,FIFA World Cup qualification,Tokyo,Japan,False
1989-06-11,Japan,Indonesia,5,0,FIFA World Cup qualification,Tokyo,Japan,False
1989-06-18,Japan,Hong Kong,0,0,FIFA World Cup qualification,Kobe,Japan,False
1989-06-25,North Korea,Japan,2,0,FIFA World Cup qualification,Pyongyang,North Korea,False
1989-07-23,Brazil,Japan,1,0,Friendly,Rio de Janeiro,Brazil,False
1990-07-27,Japan,South Korea,0,2,Dynasty Cup,Beijing,China PR,True
1990-07-29,China PR,Japan,1,0,Dynasty Cup,Beijing,China PR,False
1990-07-31,Japan,North Korea,0,1,Dynasty Cup,Beijing,China PR,True
1990-09-26,Bangladesh,Japan,0,3,Asian Games,Beijing,China PR,True
1990-09-28,Japan,Saudi Arabia,0,2,Asian Games,Beijing,China PR,True
1990-10-01,Iran,Japan,1,0,Asian Games,Beijing,China PR,True
1991-06-02,Japan,Thailand,1,0,Kirin Cup,Tendo,Japan,False
1991-07-27,Japan,South Korea,0,1,Friendly,Nagasaki,Japan,False
1992-05-30,Japan,Argentina,0,1,Kirin Cup,Tokyo,Japan,False
1992-06-07,Japan,Wales,0,1,Kirin Cup,Matsuyama,Japan,False
1992-08-22,Japan,South Korea,0,0,Dynasty Cup,Beijing,China PR,True
1992-08-24,China PR,Japan,0,2,Dynasty Cup,Beijing,China PR,False
1992-08-26,Japan,North Korea,4,1,Dynasty Cup,Beijing,China PR,True
1992-08-29,Japan,South Korea,2,2,Dynasty Cup,Beijing,China PR,True
1992-10-30,Japan,United Arab Emirates,0,0,AFC Asian Cup,Onomichi,Japan,False
1992-11-01,Japan,North Korea,1,1,AFC Asian Cup,Hiroshima,Japan,False
1992-11-03,Japan,Iran,1,0,AFC Asian Cup,Hiroshima,Japan,False
1992-11-06,Japan,China PR,3,2,AFC Asian Cup,Hiroshima,Japan,False
1992-11-08,Japan,Saudi Arabia,1,0,AFC Asian Cup,Hiroshima,Japan,False
1993-01-23,Japan,Switzerland,1,1,Friendly,Hong Kong,Hong Kong,True
1993-03-07,Japan,Hungary,0,1,Kirin Cup,Fukuoka,Japan,False
1993-03-14,Japan,United States,3,1,Kirin Cup,Tokyo,Japan,False
1993-04-08,Japan,Thailand,1,0,FIFA World Cup qualification,Kobe,Japan,False
1993-04-11,Japan,Bangladesh,8,0,FIFA World Cup qualification,Tokyo,Japan,False
1993-04-15,Japan,Sri Lanka,5,0,FIFA World Cup qualification,Tokyo,Japan,False
1993-04-18,Japan,United Arab Emirates,2,0,FIFA World Cup qualification,Tokyo,Japan,False
1993-04-28,Thailand,Japan,0,1,FIFA World Cup qualification,Dubai,United Arab Emirates,True
1993-04-30,Bangladesh,Japan,1,4,FIFA World Cup qualification,Dubai,United Arab Emirates,True
1993-05-05,Sri Lanka,Japan,0,6,FIFA World Cup qualification,Dubai,United Arab Emirates,True
1993-05-07,United Arab Emirates,Japan,1,1,FIFA World Cup qualification,Al Ain,United Arab Emirates,False
1993-10-04,Japan,Ivory Coast,1,0,Friendly,Tokyo,Japan,False
1993-10-15,Saudi Arabia,Japan,0,0,FIFA World Cup qualification,Doha,Qatar,True
1993-10-18,Japan,Iran,1,2,FIFA World Cup qualification,Doha,Qatar,True
1993-10-21,North Korea,Japan,0,3,FIFA World Cup qualification,Doha,Qatar,True
1993-10-25,Japan,South Korea,1,0,FIFA World Cup qualification,Doha,Qatar,True
1993-10-28,Iraq,Japan,2,2,FIFA World Cup qualification,Doha,Qatar,True
1994-05-22,Japan,Australia,1,1,Kirin Cup,Hiroshima,Japan,False
1994-05-29,Japan,France,1,4,Kirin Cup,Tokyo,Japan,False
1994-07-08,Japan,Ghana,3,2,Friendly,Nagoya,Japan,False
1994-07-14,Japan,Ghana,2,1,Friendly,Kobe,Japan,False
1994-09-27,Japan,Australia,0,0,Friendly,Tokyo,Japan,False
1994-10-03,Japan,United Arab Emirates,1,1,Asian Games,Miyoshi,Japan,False
1994-10-05,Japan,Qatar,1,1,Asian Games,Hiroshima,Japan,False
1994-10-09,Japan,Myanmar,5,0,Asian Games,Onomichi,Japan,False
1994-10-11,Japan,South Korea,2,3,Asian Games,Hiroshima,Japan,False
1995-01-06,Japan,Nigeria,0,3,Confederations Cup,Riyadh,Saudi Arabia,True
1995-01-08,Japan,Argentina,1,5,Confederations Cup,Riyadh,Saudi Arabia,True
1995-02-15,Australia,Japan,2,1,Friendly,Sydney,Australia,False
1995-02-19,Hong Kong,Japan,0,3,Dynasty Cup,Victoria,Hong Kong,False
1995-02-21,Japan,South Korea,1,1,Dynasty Cup,Victoria,Hong Kong,True
1995-02-22,Thailand,Japan,3,2,King's Cup,Bangkok,Thailand,False
1995-02-23,China PR,Japan,1,2,Dynasty Cup,Victoria,Hong Kong,True
1995-02-26,Japan,South Korea,2,2,Dynasty Cup,Victoria,Hong Kong,True
1995-05-21,Japan,Scotland,0,0,Kirin Cup,Hiroshima,Japan,False
1995-05-28,Japan,Ecuador,3,0,Kirin Cup,Tokyo,Japan,False
1995-06-03,England,Japan,2,1,Friendly,London,England,False
1995-06-06,Brazil,Japan,3,0,Friendly,Liverpool,England,True
1995-06-10,Sweden,Japan,2,2,Friendly,Nottingham,England,True
1995-08-06,Japan,Costa Rica,3,0,Friendly,Kyoto,Japan,False
1995-08-09,Japan,Brazil,1,5,Friendly,Tokyo,Japan,False
1995-09-20,Japan,Paraguay,1,2,Friendly,Tokyo,Japan,False
1995-10-24,Japan,Saudi Arabia,2,1,Friendly,Tokyo,Japan,False
1995-10-28,Japan,Saudi Arabia,2,1,Friendly,Matsuyama,Japan,False
1996-02-10,Australia,Japan,1,4,Friendly,Wollongong,Australia,False
1996-02-14,Australia,Japan,3,0,Friendly,Melbourne,Australia,False
1996-02-19,Japan,Poland,5,0,Lunar New Year Cup,So Kon Po,Hong Kong,True
1996-02-22,Japan,Sweden,1,1,Lunar New Year Cup,So Kon Po,Hong Kong,True
1996-05-26,Japan,Serbia,1,0,Kirin Cup,Tokyo,Japan,False
1996-05-29,Japan,Mexico,3,2,Kirin Cup,Fukuoka,Japan,False
1996-08-25,Japan,Uruguay,5,3,Friendly,Osaka,Japan,False
1996-09-11,Japan,Uzbekistan,1,0,Friendly,Tokyo,Japan,False
1996-10-13,Japan,Tunisia,1,0,Friendly,Kobe,Japan,False
1996-12-06,Japan,Syria,2,1,AFC Asian Cup,Al Ain,United Arab Emirates,True
1996-12-09,Japan,Uzbekistan,4,0,AFC Asian Cup,Al Ain,United Arab Emirates,True
1996-12-12,Japan,China PR,1,0,AFC Asian Cup,Al Ain,United Arab Emirates,True
1996-12-15,Kuwait,Japan,2,0,AFC Asian Cup,Al Ain,United Arab Emirates,True
1997-02-09,Thailand,Japan,1,1,King's Cup,Bangkok,Thailand,False
1997-02-13,Japan,Sweden,0,1,King's Cup,Bangkok,Thailand,True
1997-03-15,Thailand,Japan,3,1,Friendly,Bangkok,Thailand,False
1997-03-23,Oman,Japan,0,1,FIFA World Cup qualification,Muscat,Oman,False
1997-03-25,Macau,Japan,0,10,FIFA World Cup qualification,Muscat,Oman,True
1997-03-27,Nepal,Japan,0,6,FIFA World Cup qualification,Muscat,Oman,True
1997-05-11,Guam,Japan,0,12,East Asian Games,Busan,South Korea,True
1997-05-13,Japan,Mongolia,5,0,East Asian Games,Busan,South Korea,True
1997-05-15,Kazakhstan,Japan,2,2,East Asian Games,Busan,South Korea,True
1997-05-17,China PR,Japan,2,0,East Asian Games,Busan,South Korea,True
1997-05-21,Japan,South Korea,1,1,Friendly,Tokyo,Japan,False
1997-06-08,Japan,Croatia,4,3,Kirin Cup,Tokyo,Japan,False
1997-06-15,Japan,Turkey,1,0,Kirin Cup,Osaka,Japan,False
1997-06-22,Japan,Macau,10,0,FIFA World Cup qualification,Tokyo,Japan,False
1997-06-25,Japan,Nepal,3,0,FIFA World Cup qualification,Tokyo,Japan,False
1997-06-28,Japan,Oman,1,1,FIFA World Cup qualification,Tokyo,Japan,False
1997-08-13,Japan,Brazil,0,3,Friendly,Osaka,Japan,False
1997-09-07,Japan,Uzbekistan,6,3,FIFA World Cup qualification,Tokyo,Japan,False
1997-09-19,United Arab Emirates,Japan,0,0,FIFA World Cup qualification,Abu Dhabi,United Arab Emirates,False
1997-09-28,Japan,South Korea,1,2,FIFA World Cup qualification,Tokyo,Japan,False
1997-10-04,Kazakhstan,Japan,1,1,FIFA World Cup qualification,Almaty,Kazakhstan,False
1997-10-11,Uzbekistan,Japan,1,1,FIFA World Cup qualification,Tashkent,Uzbekistan,False
1997-10-26,Japan,United Arab Emirates,1,1,FIFA World Cup qualification,Tokyo,Japan,False
1997-11-01,South Korea,Japan,0,2,FIFA World Cup qualification,Seoul,South Korea,False
1997-11-08,Japan,Kazakhstan,5,1,FIFA World Cup qualification,Tokyo,Japan,False
1997-11-16,Japan,Iran,3,2,FIFA World Cup qualification,Johor Bahru,Malaysia,True
1998-02-15,Australia,Japan,0,3,Friendly,Adelaide,Australia,False
1998-03-01,Japan,South Korea,2,1,Dynasty Cup,Yokohama,Japan,False
1998-03-04,Japan,Hong Kong,5,1,Dynasty Cup,Yokohama,Japan,False
1998-03-07,Japan,China PR,0,2,Dynasty Cup,Tokyo,Japan,False
1998-04-01,South Korea,Japan,2,1,Friendly,Seoul,South Korea,False
1998-05-17,Japan,Paraguay,1,1,Kirin Cup,Tokyo,Japan,False
1998-05-24,Japan,Czech Republic,0,0,Kirin Cup,Yokohama,Japan,False
1998-05-31,Japan,Mexico,1,2,Friendly,Lausanne,Switzerland,True
1998-06-03,Serbia,Japan,1,0,Friendly,Lausanne,Switzerland,True
1998-06-14,Argentina,Japan,1,0,FIFA World Cup,Toulouse,France,True
1998-06-20,Japan,Croatia,0,1,FIFA World Cup,Nantes,France,True
1998-06-26,Japan,Jamaica,1,2,FIFA World Cup,Lyon,France,True
1998-10-28,Japan,Egypt,1,0,Friendly,Osaka,Japan,False
1998-12-01,Nepal,Japan,0,5,Asian Games,Trang,Thailand,True
1998-12-03,Japan,India,1,0,Asian Games,Trang,Thailand,True
1998-12-07,Japan,South Korea,0,2,Asian Games,Bangkok,Thailand,True
1998-12-09,Japan,Kuwait,2,1,Asian Games,Bangkok,Thailand,True
1998-12-11,Japan,United Arab Emirates,0,1,Asian Games,Bangkok,Thailand,True
1999-03-31,Japan,Brazil,0,2,Friendly,Tokyo,Japan,False
1999-06-03,Japan,Belgium,0,0,Kirin Cup,Tokyo,Japan,False
1999-06-06,Japan,Peru,0,0,Kirin Cup,Yokohama,Japan,False
1999-06-29,Peru,Japan,3,2,Copa América,Asunción,Paraguay,True
1999-07-02,Paraguay,Japan,4,0,Copa América,Asunción,Paraguay,False
1999-07-05,Bolivia,Japan,1,1,Copa América,Pedro Juan Caballero,Paraguay,True
1999-09-08,Japan,Iran,1,1,Friendly,Yokohama,Japan,False
2000-02-05,Japan,Mexico,0,1,Lunar New Year Cup,So Kon Po,Hong Kong,True
2000-02-13,Singapore,Japan,0,3,AFC Asian Cup qualification,Macau,Macau,True
2000-02-16,Japan,Brunei,9,0,AFC Asian Cup qualification,Macau,Macau,True
2000-02-20,Macau,Japan,0,3,AFC Asian Cup qualification,Macau,Macau,False
2000-03-15,Japan,China PR,0,0,Friendly,Kobe,Japan,False
2000-04-26,South Korea,Japan,1,0,Friendly,Seoul,South Korea,False
2000-06-04,France,Japan,2,2,King Hassan II Tournament,Casablanca,Morocco,True
2000-06-06,Jamaica,Japan,0,4,King Hassan II Tournament,Casablanca,Morocco,True
2000-06-11,Japan,Slovakia,1,1,Kirin Cup,Rifu,Japan,False
2000-06-18,Japan,Bolivia,2,0,Kirin Cup,Yokohama,Japan,False
2000-08-16,Japan,United Arab Emirates,3,1,Friendly,Hiroshima,Japan,False
2000-10-14,Saudi Arabia,Japan,1,4,AFC Asian Cup,Sidon,Lebanon,True
2000-10-17,Japan,Uzbekistan,8,1,AFC Asian Cup,Sidon,Lebanon,True
2000-10-20,Japan,Qatar,1,1,AFC Asian Cup,Beirut,Lebanon,True
2000-10-24,Japan,Iraq,4,1,AFC Asian Cup,Beirut,Lebanon,True
2000-10-26,China PR,Japan,2,3,AFC Asian Cup,Beirut,Lebanon,True
2000-10-29,Japan,Saudi Arabia,1,0,AFC Asian Cup,Beirut,Lebanon,True
2000-12-20,Japan,South Korea,1,1,Friendly,Tokyo,Japan,False
2001-01-23,Serbia,Japan,1,0,Millennium Cup,Calcutta,India,True
2001-03-24,France,Japan,5,0,Friendly,Saint-Denis,France,False
2001-04-25,Spain,Japan,1,0,Friendly,Córdoba,Spain,False
2001-05-31,Japan,Canada,3,0,Confederations Cup,Niigata,Japan,False
2001-06-02,Japan,Cameroon,2,0,Confederations Cup,Niigata,Japan,False
2001-06-04,Japan,Brazil,0,0,Confederations Cup,Kashima,Japan,False
2001-06-07,Japan,Australia,1,0,Confederations Cup,Yokohama,Japan,False
2001-06-10,Japan,France,0,1,Confederations Cup,Yokohama,Japan,False
2001-07-01,Japan,Paraguay,2,0,Kirin Cup,Sapporo,Japan,False
2001-07-04,Japan,Serbia,1,0,Kirin Cup,Ōita,Japan,False
2001-08-15,Japan,Australia,3,0,Friendly,Fukuroi,Japan,False
2001-10-04,Japan,Senegal,0,2,Friendly,Lens,France,True
2001-10-07,Japan,Nigeria,2,2,Friendly,Southampton,England,True
2001-11-07,Japan,Italy,1,1,Friendly,Saitama,Japan,False
2002-03-21,Japan,Ukraine,1,0,Friendly,Osaka,Japan,False
2002-03-27,Poland,Japan,0,2,Friendly,Łódź,Poland,False
2002-04-17,Japan,Costa Rica,1,1,Friendly,Yokohama,Japan,False
2002-04-29,Japan,Slovakia,1,0,Kirin Cup,Tokyo,Japan,False
2002-05-02,Japan,Honduras,3,3,Kirin Cup,Kobe,Japan,False
2002-05-14,Norway,Japan,3,0,Friendly,Oslo,Norway,False
2002-05-25,Japan,Sweden,1,1,Friendly,Tokyo,Japan,False
2002-06-04,Japan,Belgium,2,2,FIFA World Cup,Saitama,Japan,False
2002-06-09,Japan,Russia,1,0,FIFA World Cup,Yokohama,Japan,False
2002-06-14,Japan,Tunisia,2,0,FIFA World Cup,Osaka,Japan,False
2002-06-18,Japan,Turkey,0,1,FIFA World Cup,Rifu,Japan,False
2002-10-16,Japan,Jamaica,1,1,Friendly,Tokyo,Japan,False
2002-11-20,Japan,Argentina,0,2,Friendly,Saitama,Japan,False
2003-03-28,Japan,Uruguay,2,2,Friendly,Tokyo,Japan,False
2003-04-16,South Korea,Japan,0,1,Friendly,Seoul,South Korea,False
2003-05-31,Japan,South Korea,0,1,Friendly,Tokyo,Japan,False
2003-06-08,Japan,Argentina,1,4,Kirin Cup,Osaka,Japan,False
2003-06-11,Japan,Paraguay,0,0,Kirin Cup,Saitama,Japan,False
2003-06-18,New Zealand,Japan,0,3,Confederations Cup,Saint-Denis,France,True
2003-06-20,France,Japan,2,1,Confederations Cup,Saint-Étienne,France,False
2003-06-22,Japan,Colombia,0,1,Confederations Cup,Saint-Étienne,France,True
2003-08-20,Japan,Nigeria,3,0,Friendly,Tokyo,Japan,False
2003-09-10,Japan,Senegal,0,1,Friendly,Niigata,Japan,False
2003-10-08,Tunisia,Japan,0,1,Friendly,Tunis,Tunisia,False
2003-10-11,Romania,Japan,1,1,Friendly,Bucharest,Romania,False
2003-11-19,Japan,Cameroon,0,0,Friendly,Ōita,Japan,False
2003-12-04,Japan,China PR,2,0,EAFF Championship,Tokyo,Japan,False
2003-12-10,Japan,South Korea,0,0,EAFF Championship,Yokohama,Japan,False
2004-02-07,Japan,Malaysia,4,0,Friendly,Kashima,Japan,False
2004-02-12,Japan,Iraq,2,0,Friendly,Tokyo,Japan,False
2004-02-18,Japan,Oman,1,0,FIFA World Cup qualification,Saitama,Japan,False
2004-03-31,Singapore,Japan,1,2,FIFA World Cup qualification,Singapore,Singapore,False
2004-04-25,Hungary,Japan,3,2,Friendly,Zalaegerszeg,Hungary,False
2004-04-28,Czech Republic,Japan,0,1,Friendly,Prague,Czech Republic,False
2004-05-30,Iceland,Japan,2,3,Friendly,Manchester,England,True
2004-06-01,England,Japan,1,1,Friendly,Manchester,England,False
2004-06-09,Japan,India,7,0,FIFA World Cup qualification,Saitama,Japan,False
2004-07-09,Japan,Slovakia,3,1,Kirin Cup,Hiroshima,Japan,False
2004-07-13,Japan,Serbia,1,0,Kirin Cup,Yokohama,Japan,False
2004-07-20,Japan,Oman,1,0,AFC Asian Cup,Chongqing,China PR,True
2004-07-24,Thailand,Japan,1,4,AFC Asian Cup,Chongqing,China PR,True
2004-07-28,Japan,Iran,0,0,AFC Asian Cup,Chongqing,China PR,True
2004-07-31,Japan,Jordan,1,1,AFC Asian Cup,Chongqing,China PR,True
2004-08-03,Bahrain,Japan,3,4,AFC Asian Cup,Jinan,China PR,True
2004-08-07,China PR,Japan,1,3,AFC Asian Cup,Beijing,China PR,False
2004-08-18,Japan,Argentina,1,2,Friendly,Fukuroi,Japan,False
2004-09-08,India,Japan,0,4,FIFA World Cup qualification,Calcutta,India,False
2004-10-13,Oman,Japan,0,1,FIFA World Cup qualification,Muscat,Oman,False
2004-11-17,Japan,Singapore,1,0,FIFA World Cup qualification,Saitama,Japan,False
2004-12-16,Japan,Germany,0,3,Friendly,Yokohama,Japan,False
2005-01-29,Japan,Kazakhstan,4,0,Friendly,Yokohama,Japan,False
2005-02-02,Japan,Syria,3,0,Friendly,Saitama,Japan,False
2005-02-09,Japan,North Korea,2,1,FIFA World Cup qualification,Saitama,Japan,False
2005-03-25,Iran,Japan,2,1,FIFA World Cup qualification,Tehran,Iran,False
2005-03-30,Japan,Bahrain,1,0,FIFA World Cup qualification,Saitama,Japan,False
2005-05-22,Japan,Peru,0,1,Kirin Cup,Niigata,Japan,False
2005-05-27,Japan,United Arab Emirates,0,1,Kirin Cup,Tokyo,Japan,False
2005-06-03,Bahrain,Japan,0,1,FIFA World Cup qualification,Riffa,Bahrain,False
2005-06-08,North Korea,Japan,0,2,FIFA World Cup qualification,Bangkok,Thailand,True
2005-06-16,Japan,Mexico,1,2,Confederations Cup,Hanover,Germany,True
2005-06-19,Greece,Japan,0,1,Confederations Cup,Frankfurt am Main,Germany,True
2005-06-22,Japan,Brazil,2,2,Confederations Cup,Cologne,Germany,True
2005-07-31,North Korea,Japan,1,0,EAFF Championship,Daejeon,South Korea,True
2005-08-03,Japan,China PR,2,2,EAFF Championship,Daejeon,South Korea,True
2005-08-07,South Korea,Japan,0,1,EAFF Championship,Daegu,South Korea,False
2005-08-17,Japan,Iran,2,1,FIFA World Cup qualification,Yokohama,Japan,False
2005-09-07,Japan,Honduras,5,4,Friendly,Rifu,Japan,False
2005-10-08,Latvia,Japan,2,2,Friendly,Riga,Latvia,False
2005-10-12,Ukraine,Japan,1,0,Friendly,Kyiv,Ukraine,False
2005-11-16,Japan,Angola,1,0,Friendly,Tokyo,Japan,False
2006-02-10,United States,Japan,3,2,Friendly,San Francisco,United States,False
2006-02-18,Japan,Finland,2,0,Friendly,Fukuroi,Japan,False
2006-02-22,Japan,India,6,0,AFC Asian Cup qualification,Yokohama,Japan,False
2006-02-28,Bosnia and Herzegovina,Japan,2,2,Friendly,Dortmund,Germany,True
2006-03-30,Japan,Ecuador,1,0,Friendly,Ōita,Japan,False
2006-05-09,Japan,Bulgaria,1,2,Kirin Cup,Osaka,Japan,False
2006-05-13,Japan,Scotland,0,0,Kirin Cup,Saitama,Japan,False
2006-05-30,Germany,Japan,2,2,Friendly,Leverkusen,Germany,False
2006-06-04,Japan,Malta,1,0,Friendly,Düsseldorf,Germany,True
2006-06-12,Australia,Japan,3,1,FIFA World Cup,Kaiserslautern,Germany,True
2006-06-18,Japan,Croatia,0,0,FIFA World Cup,Nuremberg,Germany,True
2006-06-22,Japan,Brazil,1,4,FIFA World Cup,Dortmund,Germany,True
2006-08-09,Japan,Trinidad and Tobago,2,0,Friendly,Tokyo,Japan,False
2006-08-16,Japan,Yemen,2,0,AFC Asian Cup qualification,Niigata,Japan,False
2006-09-03,Saudi Arabia,Japan,1,0,AFC Asian Cup qualification,Jeddah,Saudi Arabia,False
2006-09-06,Yemen,Japan,0,1,AFC Asian Cup qualification,Sana'a,Yemen,False
2006-10-04,Japan,Ghana,0,1,Friendly,Yokohama,Japan,False
2006-10-11,India,Japan,0,3,AFC Asian Cup qualification,Bangalore,India,False
2006-11-15,Japan,Saudi Arabia,3,1,AFC Asian Cup qualification,Sapporo,Japan,False
2007-03-24,Japan,Peru,2,0,Friendly,Yokohama,Japan,False
2007-06-01,Japan,Montenegro,2,0,Kirin Cup,Fukuroi,Japan,False
2007-06-05,Japan,Colombia,0,0,Kirin Cup,Saitama,Japan,False
2007-07-09,Japan,Qatar,1,1,AFC Asian Cup,Hanoi,Vietnam,True
2007-07-13,United Arab Emirates,Japan,1,3,AFC Asian Cup,Hanoi,Vietnam,True
2007-07-16,Vietnam,Japan,1,4,AFC Asian Cup,Hanoi,Vietnam,False
2007-07-21,Japan,Australia,1,1,AFC Asian Cup,Hanoi,Vietnam,True
2007-07-25,Japan,Saudi Arabia,2,3,AFC Asian Cup,Hanoi,Vietnam,True
2007-07-28,South Korea,Japan,0,0,AFC Asian Cup,Palembang,Indonesia,True
2007-08-22,Japan,Cameroon,2,0,Friendly,Ōita,Japan,False
2007-09-07,Austria,Japan,0,0,Friendly,Klagenfurt,Austria,False
2007-09-11,Switzerland,Japan,3,4,Friendly,Klagenfurt,Austria,True
2007-10-17,Japan,Egypt,4,1,Friendly,Osaka,Japan,False
2008-01-26,Japan,Chile,0,0,Friendly,Tokyo,Japan,False
2008-01-30,Japan,Bosnia and Herzegovina,3,0,Friendly,Tokyo,Japan,False
2008-02-06,Japan,Thailand,4,1,FIFA World Cup qualification,Saitama,Japan,False
2008-02-17,Japan,North Korea,1,1,EAFF Championship,Chongqing,China PR,True
2008-02-20,China PR,Japan,0,1,EAFF Championship,Chongqing,China PR,False
2008-02-23,Japan,South Korea,1,1,EAFF Championship,Chongqing,China PR,True
2008-03-26,Bahrain,Japan,1,0,FIFA World Cup qualification,Riffa,Bahrain,False
2008-05-24,Japan,Ivory Coast,1,0,Kirin Cup,Toyota,Japan,False
2008-05-27,Japan,Paraguay,0,0,Kirin Cup,Saitama,Japan,False
2008-06-02,Japan,Oman,3,0,FIFA World Cup qualification,Yokohama,Japan,False
2008-06-07,Oman,Japan,1,1,FIFA World Cup qualification,Muscat,Oman,False
2008-06-14,Thailand,Japan,0,3,FIFA World Cup qualification,Bangkok,Thailand,False
2008-06-22,Japan,Bahrain,1,0,FIFA World Cup qualification,Saitama,Japan,False
2008-08-20,Japan,Uruguay,1,3,Friendly,Sapporo,Japan,False
2008-09-06,Bahrain,Japan,2,3,FIFA World Cup qualification,Riffa,Bahrain,False
2008-10-09,Japan,United Arab Emirates,1,1,Friendly,Niigata,Japan,False
2008-10-15,Japan,Uzbekistan,1,1,FIFA World Cup qualification,Saitama,Japan,False
2008-11-13,Japan,Syria,3,1,Friendly,Kobe,Japan,False
2008-11-19,Qatar,Japan,0,3,FIFA World Cup qualification,Doha,Qatar,False
2009-01-20,Japan,Yemen,2,1,AFC Asian Cup qualification,Kumamoto,Japan,False
2009-01-28,Bahrain,Japan,1,0,AFC Asian Cup qualification,Riffa,Bahrain,False
2009-02-04,Japan,Finland,5,1,Friendly,Tokyo,Japan,False
2009-02-11,Japan,Australia,0,0,FIFA World Cup qualification,Yokohama,Japan,False
2009-03-28,Japan,Bahrain,1,0,FIFA World Cup qualification,Saitama,Japan,False
2009-05-27,Japan,Chile,4,0,Kirin Cup,Osaka,Japan,False
2009-05-31,Japan,Belgium,4,0,Kirin Cup,Tokyo,Japan,False
2009-06-06,Uzbekistan,Japan,0,1,FIFA World Cup qualification,Tashkent,Uzbekistan,False
2009-06-10,Japan,Qatar,1,1,FIFA World Cup qualification,Yokohama,Japan,False
2009-06-17,Australia,Japan,2,1,FIFA World Cup qualification,Melbourne,Australia,False
2009-09-05,Netherlands,Japan,3,0,Friendly,Enschede,Netherlands,False
2009-09-09,Japan,Ghana,4,3,Friendly,Utrecht,Netherlands,True
2009-10-08,Japan,Hong Kong,6,0,AFC Asian Cup qualification,Shizuoka,Japan,False
2009-10-10,Japan,Scotland,2,0,Friendly,Yokohama,Japan,False
2009-10-14,Japan,Togo,5,0,Friendly,Miyagi,Japan,False
2009-11-14,South Africa,Japan,0,0,Friendly,Port Elizabeth,South Africa,False
2009-11-18,Hong Kong,Japan,0,4,AFC Asian Cup qualification,So Kon Po,Hong Kong,False
2010-01-06,Yemen,Japan,2,3,AFC Asian Cup qualification,Sana'a,Yemen,False
2010-02-02,Japan,Venezuela,0,0,Friendly,Ōita,Japan,False
2010-02-06,Japan,China PR,0,0,EAFF Championship,Tokyo,Japan,False
2010-02-11,Japan,Hong Kong,3,0,EAFF Championship,Tokyo,Japan,False
2010-02-14,Japan,South Korea,1,3,EAFF Championship,Tokyo,Japan,False
2010-03-03,Japan,Bahrain,2,0,AFC Asian Cup qualification,Toyota,Japan,False
2010-04-07,Japan,Serbia,0,3,Friendly,Osaka,Japan,False
2010-05-24,Japan,South Korea,0,2,Friendly,Saitama,Japan,False
2010-05-30,Japan,England,1,2,Friendly,Graz,Austria,True
2010-06-04,Japan,Ivory Coast,0,2,Friendly,Sion,Switzerland,True
2010-06-14,Japan,Cameroon,1,0,FIFA World Cup,Bloemfontein,South Africa,True
2010-06-19,Netherlands,Japan,1,0,FIFA World Cup,Durban,South Africa,True
2010-06-24,Denmark,Japan,1,3,FIFA World Cup,Rustenburg,South Africa,True
2010-06-29,Paraguay,Japan,0,0,FIFA World Cup,Pretoria,South Africa,True
2010-09-04,Japan,Paraguay,1,0,Friendly,Yokohama,Japan,False
2010-09-07,Japan,Guatemala,2,1,Friendly,Osaka,Japan,False
2010-10-08,Japan,Argentina,1,0,Friendly,Saitama,Japan,False
2010-10-12,South Korea,Japan,0,0,Friendly,Seoul,South Korea,False
2011-01-09,Japan,Jordan,1,1,AFC Asian Cup,Doha,Qatar,True
2011-01-13,Syria,Japan,1,2,AFC Asian Cup,Doha,Qatar,True
2011-01-17,Saudi Arabia,Japan,0,5,AFC Asian Cup,Al Rayyan,Qatar,True
2011-01-21,Qatar,Japan,2,3,AFC Asian Cup,Doha,Qatar,False
2011-01-25,Japan,South Korea,2,2,AFC Asian Cup,Doha,Qatar,True
2011-01-29,Australia,Japan,0,1,AFC Asian Cup,Doha,Qatar,True
2011-06-01,Japan,Peru,0,0,Kirin Cup,Niigata,Japan,False
2011-06-07,Japan,Czech Republic,0,0,Kirin Cup,Yokohama,Japan,False
2011-08-10,Japan,South Korea,3,0,Friendly,Sapporo,Japan,False
2011-09-02,Japan,North Korea,1,0,FIFA World Cup qualification,Saitama,Japan,False
2011-09-06,Uzbekistan,Japan,1,1,FIFA World Cup qualification,Tashkent,Uzbekistan,False
2011-10-07,Japan,Vietnam,1,0,Friendly,Kobe,Japan,False
2011-10-11,Japan,Tajikistan,8,0,FIFA World Cup qualification,Osaka,Japan,False
2011-11-11,Tajikistan,Japan,0,4,FIFA World Cup qualification,Dushanbe,Tajikistan,False
2011-11-15,North Korea,Japan,1,0,FIFA World Cup qualification,Pyongyang,North Korea,False
2012-02-24,Japan,Iceland,3,1,Friendly,Osaka,Japan,False
2012-02-29,Japan,Uzbekistan,0,1,FIFA World Cup qualification,Toyota,Japan,False
2012-05-23,Japan,Azerbaijan,2,0,Friendly,Shizuoka,Japan,False
2012-06-03,Japan,Oman,3,0,FIFA World Cup qualification,Saitama,Japan,False
2012-06-08,Japan,Jordan,6,0,FIFA World Cup qualification,Saitama,Japan,False
2012-06-12,Australia,Japan,1,1,FIFA World Cup qualification,Brisbane,Australia,False
2012-08-15,Japan,Venezuela,1,1,Friendly,Sapporo,Japan,False
2012-09-06,Japan,United Arab Emirates,1,0,Friendly,Niigata,Japan,False
2012-09-11,Japan,Iraq,1,0,FIFA World Cup qualification,Saitama,Japan,False
2012-10-12,France,Japan,0,1,Friendly,Saint-Denis,France,False
2012-10-16,Japan,Brazil,0,4,Friendly,Wrocław,Poland,True
2012-11-14,Oman,Japan,1,2,FIFA World Cup qualification,Muscat,Oman,False
2013-02-06,Japan,Latvia,3,0,Friendly,Kobe,Japan,False
2013-03-22,Japan,Canada,2,1,Friendly,Doha,Qatar,True
2013-03-26,Jordan,Japan,2,1,FIFA World Cup qualification,Amman,Jordan,False
2013-05-30,Japan,Bulgaria,0,2,Kirin Challenge Cup,Toyota,Japan,False
2013-06-04,Japan,Australia,1,1,FIFA World Cup qualification,Saitama,Japan,False
2013-06-11,Iraq,Japan,0,1,FIFA World Cup qualification,Doha,Qatar,True
2013-06-15,Brazil,Japan,3,0,Confederations Cup,Brasília,Brazil,False
2013-06-19,Italy,Japan,4,3,Confederations Cup,Recife,Brazil,True
2013-06-22,Japan,Mexico,1,2,Confederations Cup,Belo Horizonte,Brazil,True
2013-07-21,Japan,China PR,3,3,EAFF Championship,Seoul,South Korea,True
2013-07-25,Japan,Australia,3,2,EAFF Championship,Hwaseong,South Korea,True
2013-07-28,South Korea,Japan,1,2,EAFF Championship,Seoul,South Korea,False
2013-08-14,Japan,Uruguay,2,4,Friendly,Rifu,Japan,False
2013-09-06,Japan,Guatemala,3,0,Friendly,Osaka,Japan,False
2013-09-10,Japan,Ghana,3,1,Friendly,Saitama,Japan,False
2013-10-11,Serbia,Japan,2,0,Friendly,Novi Sad,Serbia,False
2013-10-15,Belarus,Japan,1,0,Friendly,Minsk,Belarus,False
2013-11-16,Netherlands,Japan,2,2,Friendly,Genk,Belgium,True
2013-11-19,Belgium,Japan,2,3,Friendly,Brussels,Belgium,False
2014-03-05,Japan,New Zealand,4,2,Friendly,Tokyo,Japan,False
2014-05-27,Japan,Cyprus,1,0,Friendly,Saitama,Japan,False
2014-06-02,Costa Rica,Japan,1,3,Friendly,Tampa,United States,True
2014-06-06,Japan,Zambia,4,3,Friendly,Tampa,United States,True
2014-06-14,Ivory Coast,Japan,2,1,FIFA World Cup,Recife,Brazil,True
2014-06-19,Japan,Greece,0,0,FIFA World Cup,Natal,Brazil,True
2014-06-24,Japan,Colombia,1,4,FIFA World Cup,Cuiabá,Brazil,True
2014-09-05,Japan,Uruguay,0,2,Kirin Challenge Cup,Sapporo,Japan,False
2014-09-09,Japan,Venezuela,2,2,Friendly,Yokohama,Japan,False
2014-10-10,Japan,Jamaica,1,0,Friendly,Niigata,Japan,False
2014-10-14,Japan,Brazil,0,4,Friendly,Kallang,Singapore,True
2014-11-14,Japan,Honduras,6,0,Friendly,Toyota,Japan,False
2014-11-18,Japan,Australia,2,1,Friendly,Osaka,Japan,False
2015-01-12,Japan,Palestine,4,0,AFC Asian Cup,Newcastle,Australia,True
2015-01-16,Iraq,Japan,0,1,AFC Asian Cup,Brisbane,Australia,True
2015-01-20,Japan,Jordan,2,0,AFC Asian Cup,Melbourne,Australia,True
2015-01-23,Japan,United Arab Emirates,1,1,AFC Asian Cup,Sydney,Australia,True
2015-03-27,Japan,Tunisia,2,0,Kirin Challenge Cup,Ōita,Japan,False
2015-03-31,Japan,Uzbekistan,5,1,Friendly,Chōfu,Japan,False
2015-06-11,Japan,Iraq,4,0,Kirin Challenge Cup,Yokohama,Japan,False
2015-06-16,Japan,Singapore,0,0,FIFA World Cup qualification,Saitama,Japan,False
2015-08-02,North Korea,Japan,2,1,EAFF Championship,Wuhan,China PR,True
2015-08-05,Japan,South Korea,1,1,EAFF Championship,Wuhan,China PR,True
2015-08-09,China PR,Japan,1,1,EAFF Championship,Wuhan,China PR,False
2015-09-03,Japan,Cambodia,3,0,FIFA World Cup qualification,Saitama,Japan,False
2015-09-08,Afghanistan,Japan,0,6,FIFA World Cup qualification,Tehran,Iran,True
2015-10-08,Syria,Japan,0,3,FIFA World Cup qualification,Seeb,Oman,True
2015-10-13,Iran,Japan,1,1,Friendly,Tehran,Iran,False
2015-11-12,Singapore,Japan,0,3,FIFA World Cup qualification,Kallang,Singapore,False
2015-11-17,Cambodia,Japan,0,2,FIFA World Cup qualification,Phnom Penh,Cambodia,False
2016-03-24,Japan,Afghanistan,5,0,FIFA World Cup qualification,Saitama,Japan,False
2016-03-29,Japan,Syria,5,0,FIFA World Cup qualification,Saitama,Japan,False
2016-06-03,Japan,Bulgaria,7,2,Kirin Cup,Toyota,Japan,False
2016-06-07,Japan,Bosnia and Herzegovina,1,2,Kirin Cup,Suita,Japan,False
2016-09-01,Japan,United Arab Emirates,1,2,FIFA World Cup qualification,Saitama,Japan,False
2016-09-06,Thailand,Japan,0,2,FIFA World Cup qualification,Bangkok,Thailand,False
2016-10-06,Japan,Iraq,2,1,FIFA World Cup qualification,Saitama,Japan,False
2016-10-11,Australia,Japan,1,1,FIFA World Cup qualification,Melbourne,Australia,False
2016-11-11,Japan,Oman,4,0,Kirin Challenge Cup,Kashima,Japan,False
2016-11-15,Japan,Saudi Arabia,2,1,FIFA World Cup qualification,Saitama,Japan,False
2017-03-23,United Arab Emirates,Japan,0,2,FIFA World Cup qualification,Al Ain,United Arab Emirates,False
2017-03-28,Japan,Thailand,4,0,FIFA World Cup qualification,Saitama,Japan,False
2017-06-07,Japan,Syria,1,1,Kirin Challenge Cup,Chōfu,Japan,False
2017-06-13,Iraq,Japan,1,1,FIFA World Cup qualification,Tehran,Iran,True
2017-08-31,Japan,Australia,2,0,FIFA World Cup qualification,Saitama,Japan,False
2017-09-05,Saudi Arabia,Japan,1,0,FIFA World Cup qualification,Jeddah,Saudi Arabia,False
2017-10-06,Japan,New Zealand,2,1,Kirin Challenge Cup,Toyota,Japan,False
2017-10-10,Japan,Haiti,3,3,Kirin Challenge Cup,Yokohama,Japan,False
2017-11-10,Japan,Brazil,1,3,Friendly,Villeneuve-d'Ascq,France,True
2017-11-14,Belgium,Japan,1,0,Friendly,Bruges,Belgium,False
2017-12-09,Japan,North Korea,1,0,EAFF Championship,Chōfu,Japan,False
2017-12-12,Japan,China PR,2,1,EAFF Championship,Chōfu,Japan,False
2017-12-16,Japan,South Korea,1,4,EAFF Championship,Chōfu,Japan,False
2018-03-23,Japan,Mali,1,1,Friendly,Liège,Belgium,True
2018-03-27,Ukraine,Japan,2,1,Friendly,Liège,Belgium,True
2018-05-30,Japan,Ghana,0,2,Friendly,Yokohama,Japan,False
2018-06-08,Switzerland,Japan,2,0,Friendly,Lugano,Switzerland,False
2018-06-12,Japan,Paraguay,4,2,Friendly,Innsbruck,Austria,True
2018-06-19,Colombia,Japan,1,2,FIFA World Cup,Saransk,Russia,True
2018-06-24,Japan,Senegal,2,2,FIFA World Cup,Ekaterinburg,Russia,True
2018-06-28,Japan,Poland,0,1,FIFA World Cup,Volgograd,Russia,True
2018-07-02,Belgium,Japan,3,2,FIFA World Cup,Rostov-on-Don,Russia,True
2018-09-11,Japan,Costa Rica,3,0,Kirin Challenge Cup,Suita,Japan,False
2018-10-12,Japan,Panama,3,0,Kirin Challenge Cup,Niigata,Japan,False
2018-10-16,Japan,Uruguay,4,3,Kirin Challenge Cup,Saitama,Japan,False
2018-11-16,Japan,Venezuela,1,1,Kirin Challenge Cup,Ōita,Japan,False
2018-11-20,Japan,Kyrgyzstan,4,0,Kirin Challenge Cup,Toyota,Japan,False
2019-01-09,Japan,Turkmenistan,3,2,AFC Asian Cup,Abu Dhabi,United Arab Emirates,True
2019-01-13,Oman,Japan,0,1,AFC Asian Cup,Abu Dhabi,United Arab Emirates,True
2019-01-17,Japan,Uzbekistan,2,1,AFC Asian Cup,Al Ain,United Arab Emirates,True
2019-01-21,Japan,Saudi Arabia,1,0,AFC Asian Cup,Sharjah,United Arab Emirates,True
2019-01-24,Vietnam,Japan,0,1,AFC Asian Cup,Dubai,United Arab Emirates,True
2019-01-28,Iran,Japan,0,3,AFC Asian Cup,Al Ain,United Arab Emirates,True
2019-02-01,Japan,Qatar,1,3,AFC Asian Cup,Abu Dhabi,United Arab Emirates,True
2019-03-22,Japan,Colombia,0,1,Kirin Challenge Cup,Yokohama,Japan,False
2019-03-26,Japan,Bolivia,1,0,Kirin Challenge Cup,Kobe,Japan,False
2019-06-05,Japan,Trinidad and Tobago,0,0,Kirin Challenge Cup,Toyota,Japan,False
2019-06-09,Japan,El Salvador,2,0,Kirin Challenge Cup,Rifu,Japan,False
2019-06-17,Japan,Chile,0,4,Copa América,São Paulo,Brazil,True
2019-06-20,Uruguay,Japan,2,2,Copa América,Porto Alegre,Brazil,True
2019-06-24,Ecuador,Japan,1,1,Copa América,Belo Horizonte,Brazil,True
2019-09-05,Japan,Paraguay,2,0,Kirin Challenge Cup,Kashima,Japan,False
2019-09-10,Myanmar,Japan,0,2,FIFA World Cup qualification,Yangon,Myanmar,False
2019-10-10,Japan,Mongolia,6,0,FIFA World Cup qualification,Saitama,Japan,False
2019-10-15,Tajikistan,Japan,0,3,FIFA World Cup qualification,Dushanbe,Tajikistan,False
2019-11-14,Kyrgyzstan,Japan,0,2,FIFA World Cup qualification,Bishkek,Kyrgyzstan,False
2019-11-19,Japan,Venezuela,1,4,Kirin Challenge Cup,Suita,Japan,False
2019-12-10,China PR,Japan,1,2,EAFF Championship,Busan,South Korea,True
2019-12-14,Japan,Hong Kong,5,0,EAFF Championship,Busan,South Korea,True
2019-12-18,South Korea,Japan,1,0,EAFF Championship,Busan,South Korea,False
2020-10-09,Japan,Cameroon,0,0,Friendly,Utrecht,Netherlands,True
2020-10-13,Japan,Ivory Coast,1,0,Friendly,Utrecht,Netherlands,True
2020-11-13,Japan,Panama,1,0,Friendly,Graz,Austria,True
2020-11-17,Japan,Mexico,0,2,Friendly,Graz,Austria,True
2021-03-25,Japan,South Korea,3,0,Friendly,Yokohama,Japan,False
2021-03-30,Japan,Mongolia,14,0,FIFA World Cup qualification,Chiba,Japan,False
2021-05-28,Japan,Myanmar,10,0,FIFA World Cup qualification,Chiba,Japan,False
2021-06-07,Japan,Tajikistan,4,1,FIFA World Cup qualification,Suita,Japan,False
2021-06-11,Japan,Serbia,1,0,Kirin Challenge Cup,Kobe,Japan,False
2021-06-15,Japan,Kyrgyzstan,5,1,FIFA World Cup qualification,Suita,Japan,False
2021-09-02,Japan,Oman,0,1,FIFA World Cup qualification,Suita,Japan,False
2021-09-07,China PR,Japan,0,1,FIFA World Cup qualification,Doha,Qatar,True
2021-10-07,Saudi Arabia,Japan,1,0,FIFA World Cup qualification,Jeddah,Saudi Arabia,False
2021-10-12,Japan,Australia,2,1,FIFA World Cup qualification,Saitama,Japan,False
2021-11-11,Vietnam,Japan,0,1,FIFA World Cup qualification,Hanoi,Vietnam,False
2021-11-16,Oman,Japan,0,1,FIFA World Cup qualification,Muscat,Oman,False
2022-01-27,Japan,China PR,2,0,FIFA World Cup qualification,Saitama,Japan,False
2022-02-01,Japan,Saudi Arabia,2,0,FIFA World Cup qualification,Saitama,Japan,False
2022-03-24,Australia,Japan,0,2,FIFA World Cup qualification,Sydney,Australia,False
2022-03-29,Japan,Vietnam,1,1,FIFA World Cup qualification,Saitama,Japan,False
2022-06-02,Japan,Paraguay,4,1,Friendly,Sapporo,Japan,False
2022-06-06,Japan,Brazil,0,1,Friendly,Tokyo,Japan,False
2022-06-10,Japan,Ghana,4,1,Kirin Cup,Kobe,Japan,False
2022-06-14,Japan,Tunisia,0,3,Kirin Cup,Suita,Japan,False
2022-07-19,Japan,Hong Kong,6,0,EAFF Championship,Kashima,Japan,False
2022-07-24,Japan,China PR,0,0,EAFF Championship,Toyota,Japan,False
2022-07-27,Japan,South Korea,3,0,EAFF Championship,Toyota,Japan,False
2022-09-23,Japan,United States,2,0,Kirin Challenge Cup,Düsseldorf,Germany,True
2022-09-27,Ecuador,Japan,0,0,Kirin Challenge Cup,Düsseldorf,Germany,True
2022-11-17,Japan,Canada,1,2,Friendly,Dubai,United Arab Emirates,True
2022-11-23,Germany,Japan,1,2,FIFA World Cup,Al Rayyan,Qatar,True
2022-11-27,Japan,Costa Rica,0,1,FIFA World Cup,Al Rayyan,Qatar,True
2022-12-01,Japan,Spain,2,1,FIFA World Cup,Al Rayyan,Qatar,True
2022-12-05,Japan,Croatia,1,1,FIFA World Cup,Al Wakrah,Qatar,True
2023-03-24,Japan,Uruguay,1,1,Friendly,Tokyo,Japan,False
2023-03-28,Japan,Colombia,1,2,Friendly,Osaka,Japan,False
2023-06-15,Japan,El Salvador,6,0,Friendly,Toyota,Japan,False
2023-06-20,Japan,Peru,4,1,Friendly,Suita,Japan,False
2023-09-09,Germany,Japan,1,4,Friendly,Wolfsburg,Germany,False
2023-09-12,Japan,Turkey,4,2,Friendly,Genk,Belgium,True
2023-10-13,Japan,Canada,4,1,Friendly,Niigata,Japan,False
2023-11-16,Japan,Myanmar,5,0,FIFA World Cup qualification,Suita,Japan,False
2023-11-21,Syria,Japan,0,5,FIFA World Cup qualification,Jeddah,Saudi Arabia,True
2024-01-01,Japan,Thailand,5,0,Friendly,Tokyo,Japan,False
2024-01-09,Japan,Jordan,6,1,Friendly,Doha,Qatar,True
2024-01-14,Japan,Vietnam,4,2,AFC Asian Cup,Doha,Qatar,True
2024-01-19,Iraq,Japan,2,1,AFC Asian Cup,Al Rayyan,Qatar,True
2024-01-24,Japan,Indonesia,3,1,AFC Asian Cup,Doha,Qatar,True
2024-01-31,Bahrain,Japan,1,3,AFC Asian Cup,Doha,Qatar,True
2024-02-03,Iran,Japan,2,1,AFC Asian Cup,Al Rayyan,Qatar,True
2024-03-21,Japan,North Korea,1,0,FIFA World Cup qualification,Tokyo,Japan,False
2024-06-06,Myanmar,Japan,0,5,FIFA World Cup qualification,Yangon,Myanmar,False
2024-06-11,Japan,Syria,5,0,FIFA World Cup qualification,Hiroshima,Japan,False
2024-09-05,Japan,China PR,7,0,FIFA World Cup qualification,Saitama,Japan,False
2024-09-10,Bahrain,Japan,0,5,FIFA World Cup qualification,Riffa,Bahrain,False
2024-10-10,Saudi Arabia,Japan,0,2,FIFA World Cup qualification,Jeddah,Saudi Arabia,False
2024-10-15,Japan,Australia,1,1,FIFA World Cup qualification,Saitama,Japan,False
2024-11-15,Indonesia,Japan,0,4,FIFA World Cup qualification,Jakarta,Indonesia,False
2024-11-19,China PR,Japan,1,3,FIFA World Cup qualification,Xiamen,China PR,False
2025-03-20,Japan,Bahrain,2,0,FIFA World Cup qualification,Saitama,Japan,False
2025-03-25,Japan,Saudi Arabia,0,0,FIFA World Cup qualification,Saitama,Japan,False
