Date,Home_team,Away_team,home_score,away_score,Match_type,venue_city,venue_country,neutral_venue
1963-01-06,Kuwait,Jordan,2,1,Friendly,Kuwait City,Kuwait,False
1963-03-03,Tunisia,Kuwait,2,1,Friendly,Tunis,Tunisia,False
1963-03-31,Lebanon,Kuwait,6,0,Arab Cup,Beirut,Lebanon,False
1963-04-02,Kuwait,Jordan,4,0,Arab Cup,Beirut,Lebanon,True
1963-04-06,Kuwait,Tunisia,1,5,Arab Cup,Beirut,Lebanon,True
1963-04-07,Kuwait,Syria,0,4,Arab Cup,Beirut,Lebanon,True
1964-11-13,Kuwait,Iraq,0,1,Arab Cup,Kuwait City,Kuwait,False
1964-11-15,Kuwait,Jordan,2,0,Arab Cup,Kuwait City,Kuwait,False
1964-11-17,Kuwait,Lebanon,2,3,Arab Cup,Kuwait City,Kuwait,False
1964-11-19,Kuwait,Libya,1,1,Arab Cup,Kuwait City,Kuwait,False
1965-03-12,Kuwait,Morocco,0,2,Friendly,Tripoli,Libya,True
1965-03-14,Libya,Kuwait,4,1,Friendly,Tripoli,Libya,False
1966-04-01,Iraq,Kuwait,3,1,Arab Cup,Baghdad,Iraq,False
1966-04-03,Kuwait,Lebanon,1,2,Arab Cup,Baghdad,Iraq,True
1966-04-06,Bahrain,Kuwait,4,4,Arab Cup,Habbaniyah,Iraq,True
1966-04-08,Jordan,Kuwait,0,4,Arab Cup,Baghdad,Iraq,True
1970-03-28,Saudi Arabia,Kuwait,1,3,Gulf Cup,Isa Town,Bahrain,True
1970-03-31,Kuwait,Qatar,4,2,Gulf Cup,Isa Town,Bahrain,True
1970-04-03,Bahrain,Kuwait,1,3,Gulf Cup,Isa Town,Bahrain,False
1971-01-28,Kuwait,Iraq,0,2,Friendly,Kuwait City,Kuwait,False
1971-11-19,Iraq,Kuwait,3,1,Friendly,Baghdad,Iraq,False
1971-12-10,Kuwait,Iraq,1,1,AFC Asian Cup qualification,Kuwait City,Kuwait,False
1971-12-14,Kuwait,Lebanon,1,0,AFC Asian Cup qualification,Kuwait City,Kuwait,False
1971-12-17,Kuwait,Syria,2,2,AFC Asian Cup qualification,Kuwait City,Kuwait,False
1971-12-21,Kuwait,Jordan,2,0,AFC Asian Cup qualification,Kuwait City,Kuwait,False
1971-12-24,Kuwait,Iraq,0,1,AFC Asian Cup qualification,Kuwait City,Kuwait,False
1972-01-01,Kuwait,Libya,3,2,Palestine Cup,Baghdad,Iraq,True
1972-01-05,Egypt,Kuwait,2,0,Palestine Cup,Baghdad,Iraq,True
1972-01-07,Iraq,Kuwait,3,1,Palestine Cup,Baghdad,Iraq,False
1972-03-16,Saudi Arabia,Kuwait,2,2,Gulf Cup,Riyadh,Saudi Arabia,False
1972-03-18,Bahrain,Kuwait,0,2,Gulf Cup,Riyadh,Saudi Arabia,True
1972-03-22,Kuwait,United Arab Emirates,7,0,Gulf Cup,Riyadh,Saudi Arabia,True
1972-03-26,Kuwait,Qatar,5,0,Gulf Cup,Riyadh,Saudi Arabia,True
1972-05-08,Thailand,Kuwait,0,2,AFC Asian Cup,Bangkok,Thailand,False
1972-05-12,South Korea,Kuwait,1,2,AFC Asian Cup,Bangkok,Thailand,True
1972-05-14,Cambodia,Kuwait,4,0,AFC Asian Cup,Bangkok,Thailand,True
1973-04-12,Kuwait,Qatar,9,0,Friendly,Kuwait City,Kuwait,False
1973-04-17,Kuwait,Qatar,4,1,Friendly,Kuwait City,Kuwait,False
1973-05-04,Syria,Kuwait,2,1,FIFA World Cup qualification,Tehran,Iran,True
1973-05-06,Iran,Kuwait,2,1,FIFA World Cup qualification,Tehran,Iran,False
1973-05-08,North Korea,Kuwait,0,0,FIFA World Cup qualification,Tehran,Iran,True
1973-05-11,Syria,Kuwait,2,0,FIFA World Cup qualification,Tehran,Iran,True
1973-05-13,Iran,Kuwait,2,0,FIFA World Cup qualification,Tehran,Iran,False
1973-05-15,North Korea,Kuwait,0,2,FIFA World Cup qualification,Tehran,Iran,True
1973-07-26,Malaysia,Kuwait,0,0,Merdeka Tournament,Kuala Lumpur,Malaysia,False
1973-07-28,Kuwait,Singapore,2,0,Merdeka Tournament,Ipoh,Malaysia,True
1973-07-31,Bangladesh,Kuwait,1,2,Merdeka Tournament,Kuala Lumpur,Malaysia,True
1973-08-05,Myanmar,Kuwait,2,0,Merdeka Tournament,Kuala Lumpur,Malaysia,True
1973-08-08,Kuwait,Vietnam Republic,2,1,Merdeka Tournament,Kuala Lumpur,Malaysia,True
1973-08-11,South Korea,Kuwait,0,1,Merdeka Tournament,Kuala Lumpur,Malaysia,True
1973-08-12,Malaysia,Kuwait,3,1,Merdeka Tournament,Kuala Lumpur,Malaysia,False
1974-02-08,Kuwait,Bulgaria,1,3,Friendly,Kuwait City,Kuwait,False
1974-02-10,Kuwait,Bulgaria,1,2,Friendly,Kuwait City,Kuwait,False
1974-02-25,Kuwait,Morocco,0,2,Friendly,Kuwait City,Kuwait,False
1974-03-15,Kuwait,United Arab Emirates,2,0,Gulf Cup,Kuwait City,Kuwait,False
1974-03-19,Kuwait,Oman,5,0,Gulf Cup,Kuwait City,Kuwait,False
1974-03-24,Kuwait,Qatar,1,0,Gulf Cup,Kuwait City,Kuwait,False
1974-03-26,Kuwait,United Arab Emirates,6,0,Gulf Cup,Kuwait City,Kuwait,False
1974-03-29,Kuwait,Saudi Arabia,4,0,Gulf Cup,Kuwait City,Kuwait,False
1974-09-02,Kuwait,Thailand,3,2,Asian Games,Tehran,Iran,True
1974-09-06,South Korea,Kuwait,0,4,Asian Games,Tehran,Iran,True
1974-09-10,Kuwait,North Korea,0,2,Asian Games,Tehran,Iran,True
1974-09-12,Kuwait,Myanmar,5,2,Asian Games,Tehran,Iran,True
1974-09-14,Israel,Kuwait,2,0,Asian Games,Tehran,Iran,True
1974-12-29,Kuwait,Tunisia,2,0,Friendly,Kuwait City,Kuwait,False
1975-01-14,Kuwait,Libya,1,0,Friendly,Kuwait City,Kuwait,False
1975-08-14,China PR,Kuwait,3,3,Friendly,Beijing,China PR,False
1976-03-28,Qatar,Kuwait,0,4,Gulf Cup,Doha,Qatar,False
1976-03-31,Kuwait,Oman,8,0,Gulf Cup,Doha,Qatar,True
1976-04-03,Kuwait,United Arab Emirates,0,0,Gulf Cup,Doha,Qatar,True
1976-04-06,Bahrain,Kuwait,2,5,Gulf Cup,Doha,Qatar,True
1976-04-08,Iraq,Kuwait,2,2,Gulf Cup,Doha,Qatar,True
1976-04-11,Kuwait,Saudi Arabia,3,1,Gulf Cup,Doha,Qatar,True
1976-04-15,Iraq,Kuwait,2,4,Gulf Cup,Doha,Qatar,True
1976-06-03,Kuwait,Malaysia,2,0,AFC Asian Cup,Tehran,Iran,True
1976-06-07,China PR,Kuwait,0,1,AFC Asian Cup,Tehran,Iran,True
1976-06-11,Iraq,Kuwait,2,3,AFC Asian Cup,Tehran,Iran,True
1976-06-13,Iran,Kuwait,1,0,AFC Asian Cup,Tehran,Iran,False
1977-03-11,Bahrain,Kuwait,0,2,FIFA World Cup qualification,Doha,Qatar,True
1977-03-15,Qatar,Kuwait,0,2,FIFA World Cup qualification,Doha,Qatar,False
1977-03-17,Bahrain,Kuwait,1,2,FIFA World Cup qualification,Doha,Qatar,True
1977-03-21,Qatar,Kuwait,1,4,FIFA World Cup qualification,Doha,Qatar,False
1977-09-06,Wales,Kuwait,0,0,Friendly,Wrexham,Wales,False
1977-09-20,Kuwait,Wales,0,0,Friendly,Kuwait City,Kuwait,False
1977-10-02,Hong Kong,Kuwait,1,3,FIFA World Cup qualification,So Kon Po,Hong Kong,False
1977-10-09,South Korea,Kuwait,1,0,FIFA World Cup qualification,Seoul,South Korea,False
1977-10-16,Australia,Kuwait,1,2,FIFA World Cup qualification,Sydney,Australia,False
1977-10-28,Iran,Kuwait,1,0,FIFA World Cup qualification,Tehran,Iran,False
1977-11-05,Kuwait,South Korea,2,2,FIFA World Cup qualification,Kuwait City,Kuwait,False
1977-11-12,Kuwait,Hong Kong,4,0,FIFA World Cup qualification,Kuwait City,Kuwait,False
1977-11-19,Kuwait,Australia,1,0,FIFA World Cup qualification,Kuwait City,Kuwait,False
1977-12-03,Kuwait,Iran,1,2,FIFA World Cup qualification,Kuwait City,Kuwait,False
1978-12-11,Japan,Kuwait,0,2,Asian Games,Bangkok,Thailand,True
1978-12-13,South Korea,Kuwait,2,0,Asian Games,Bangkok,Thailand,True
1978-12-15,Bahrain,Kuwait,0,3,Asian Games,Bangkok,Thailand,True
1978-12-17,India,Kuwait,1,6,Asian Games,Bangkok,Thailand,True
1978-12-18,Iraq,Kuwait,3,0,Asian Games,Bangkok,Thailand,True
1978-12-19,North Korea,Kuwait,2,2,Asian Games,Bangkok,Thailand,True
1979-03-24,Kuwait,Qatar,3,1,Gulf Cup,Baghdad,Iraq,True
1979-03-30,Iraq,Kuwait,3,1,Gulf Cup,Baghdad,Iraq,False
1979-04-01,Kuwait,United Arab Emirates,7,0,Gulf Cup,Baghdad,Iraq,True
1979-04-03,Kuwait,Oman,2,0,Gulf Cup,Baghdad,Iraq,True
1979-04-06,Kuwait,Saudi Arabia,0,0,Gulf Cup,Baghdad,Iraq,True
1979-04-09,Bahrain,Kuwait,0,2,Gulf Cup,Baghdad,Iraq,True
1980-03-08,Kuwait,Bulgaria,1,1,Friendly,Kuwait City,Kuwait,False
1980-09-15,Kuwait,United Arab Emirates,1,1,AFC Asian Cup,Kuwait City,Kuwait,False
1980-09-18,Kuwait,Malaysia,3,1,AFC Asian Cup,Kuwait City,Kuwait,False
1980-09-21,Kuwait,South Korea,0,3,AFC Asian Cup,Kuwait City,Kuwait,False
1980-09-25,Kuwait,Qatar,4,0,AFC Asian Cup,Kuwait City,Kuwait,False
1980-09-28,Kuwait,Iran,2,1,AFC Asian Cup,Kuwait City,Kuwait,False
1980-09-30,Kuwait,South Korea,3,0,AFC Asian Cup,Kuwait City,Kuwait,False
1980-10-18,South Korea,Kuwait,3,0,Merdeka Tournament,Kuala Lumpur,Malaysia,True
1980-10-19,Kuwait,New Zealand,1,5,Merdeka Tournament,Kuala Lumpur,Malaysia,True
1980-10-22,Kuwait,Myanmar,3,1,Merdeka Tournament,Kuala Lumpur,Malaysia,True
1980-10-24,Kuwait,Thailand,0,1,Merdeka Tournament,Kuala Lumpur,Malaysia,True
1980-10-25,Kuwait,Indonesia,1,2,Merdeka Tournament,Kuala Lumpur,Malaysia,True
1980-10-27,Kuwait,Morocco,0,3,Merdeka Tournament,Kuala Lumpur,Malaysia,True
1980-10-29,Malaysia,Kuwait,2,1,Merdeka Tournament,Kuala Lumpur,Malaysia,False
1981-04-22,Kuwait,Thailand,6,0,FIFA World Cup qualification,Kuwait City,Kuwait,False
1981-04-25,Kuwait,Malaysia,4,0,FIFA World Cup qualification,Kuwait City,Kuwait,False
1981-04-29,Kuwait,South Korea,2,0,FIFA World Cup qualification,Kuwait City,Kuwait,False
1981-10-10,New Zealand,Kuwait,1,2,FIFA World Cup qualification,Auckland,New Zealand,False
1981-10-18,China PR,Kuwait,3,0,FIFA World Cup qualification,Beijing,China PR,False
1981-11-04,Saudi Arabia,Kuwait,0,1,FIFA World Cup qualification,Riyadh,Saudi Arabia,False
1981-11-30,Kuwait,China PR,1,0,FIFA World Cup qualification,Kuwait City,Kuwait,False
1981-12-07,Kuwait,Saudi Arabia,2,0,FIFA World Cup qualification,Kuwait City,Kuwait,False
1981-12-14,Kuwait,New Zealand,2,2,FIFA World Cup qualification,Kuwait City,Kuwait,False
1982-03-14,Kuwait,Iceland,0,0,Friendly,Kuwait City,Kuwait,False
1982-03-20,Bahrain,Kuwait,0,2,Gulf Cup,Abu Dhabi,United Arab Emirates,True
1982-03-24,United Arab Emirates,Kuwait,0,2,Gulf Cup,Abu Dhabi,United Arab Emirates,False
1982-03-26,Saudi Arabia,Kuwait,0,1,Gulf Cup,Abu Dhabi,United Arab Emirates,True
1982-03-29,Kuwait,Oman,2,0,Gulf Cup,Abu Dhabi,United Arab Emirates,True
1982-04-04,Kuwait,Qatar,1,2,Gulf Cup,Abu Dhabi,United Arab Emirates,True
1982-06-17,Czechoslovakia,Kuwait,1,1,FIFA World Cup,Valladolid,Spain,True
1982-06-21,France,Kuwait,4,1,FIFA World Cup,Valladolid,Spain,True
1982-06-25,England,Kuwait,1,0,FIFA World Cup,Bilbao,Spain,True
1982-11-13,Kuwait,Norway,1,0,Friendly,Kuwait City,Kuwait,False
1982-11-21,Kuwait,Nepal,3,1,Asian Games,New Delhi,India,True
1982-11-23,Kuwait,Myanmar,4,0,Asian Games,New Delhi,India,True
1982-11-25,Iraq,Kuwait,1,2,Asian Games,New Delhi,India,True
1982-11-28,Kuwait,Iran,1,0,Asian Games,New Delhi,India,True
1982-11-30,North Korea,Kuwait,2,3,Asian Games,New Delhi,India,True
1982-12-03,Kuwait,Iraq,0,1,Asian Games,New Delhi,India,True
1984-03-09,Kuwait,Finland,1,0,Friendly,Kuwait City,Kuwait,False
1984-03-10,Kuwait,United Arab Emirates,0,2,Gulf Cup,Muscat,Oman,True
1984-03-12,Bahrain,Kuwait,0,1,Gulf Cup,Muscat,Oman,True
1984-03-16,Kuwait,Qatar,1,2,Gulf Cup,Muscat,Oman,True
1984-03-20,Saudi Arabia,Kuwait,1,1,Gulf Cup,Muscat,Oman,True
1984-03-22,Iraq,Kuwait,3,1,Gulf Cup,Muscat,Oman,True
1984-03-25,Oman,Kuwait,0,0,Gulf Cup,Muscat,Oman,False
1984-04-02,Kuwait,Bulgaria,1,1,Friendly,Kuwait City,Kuwait,False
1984-12-03,Kuwait,Qatar,1,0,AFC Asian Cup,Kallang,Singapore,True
1984-12-05,South Korea,Kuwait,0,0,AFC Asian Cup,Kallang,Singapore,True
1984-12-09,Kuwait,Syria,3,1,AFC Asian Cup,Kallang,Singapore,True
1984-12-11,Saudi Arabia,Kuwait,1,0,AFC Asian Cup,Kallang,Singapore,True
1984-12-14,Kuwait,China PR,0,1,AFC Asian Cup,Kallang,Singapore,True
1984-12-16,Iran,Kuwait,1,1,AFC Asian Cup,Kallang,Singapore,True
1985-03-22,Syria,Kuwait,1,0,FIFA World Cup qualification,Damascus,Syria,False
1985-03-31,Kuwait,Iceland,1,1,Friendly,Kuwait City,Kuwait,False
1985-04-05,Kuwait,Yemen,5,0,FIFA World Cup qualification,Kuwait City,Kuwait,False
1985-04-12,Kuwait,Syria,0,0,FIFA World Cup qualification,Kuwait City,Kuwait,False
1985-04-26,Yemen,Kuwait,1,3,FIFA World Cup qualification,Sana'a,Yemen AR,True
1985-10-25,Kuwait,Mexico,0,0,Friendly,Kuwait City,Kuwait,False
1986-03-19,Kuwait,Iceland,1,0,Friendly,Kuwait City,Kuwait,False
1986-03-23,Saudi Arabia,Kuwait,1,3,Gulf Cup,Riffa,Bahrain,True
1986-03-25,Kuwait,Oman,2,0,Gulf Cup,Riffa,Bahrain,True
1986-03-28,United Arab Emirates,Kuwait,0,1,Gulf Cup,Manama,Bahrain,True
1986-04-01,Kuwait,Qatar,2,1,Gulf Cup,Riffa,Bahrain,True
1986-04-03,Iraq,Kuwait,1,2,Gulf Cup,Riffa,Bahrain,True
1986-04-07,Bahrain,Kuwait,1,1,Gulf Cup,Riffa,Bahrain,False
1986-09-20,Kuwait,Bangladesh,4,0,Asian Games,Daejeon,South Korea,True
1986-09-22,Nepal,Kuwait,0,5,Asian Games,Daejeon,South Korea,True
1986-09-24,Japan,Kuwait,0,2,Asian Games,Daejeon,South Korea,True
1986-09-26,Iran,Kuwait,0,1,Asian Games,Daejeon,South Korea,True
1986-10-01,Kuwait,China PR,1,1,Asian Games,Busan,South Korea,True
1986-10-03,Saudi Arabia,Kuwait,2,2,Asian Games,Seoul,South Korea,True
1986-10-04,Indonesia,Kuwait,0,5,Asian Games,Seoul,South Korea,True
1987-02-16,Kuwait,Algeria,2,0,Friendly,Kuwait City,Kuwait,False
1987-02-21,Kuwait,Iraq,2,0,Friendly,Kuwait City,Kuwait,False
1987-02-26,Kuwait,Iceland,1,1,Friendly,Kuwait City,Kuwait,False
1987-02-28,Kuwait,Iceland,0,1,Friendly,Kuwait City,Kuwait,False
1987-11-07,Kuwait,Egypt,0,2,Friendly,Kuwait City,Kuwait,False
1988-03-03,Qatar,Kuwait,1,1,Gulf Cup,Riyadh,Saudi Arabia,True
1988-03-05,Kuwait,United Arab Emirates,0,1,Gulf Cup,Riyadh,Saudi Arabia,True
1988-03-08,Iraq,Kuwait,1,0,Gulf Cup,Riyadh,Saudi Arabia,True
1988-03-12,Kuwait,Bahrain,0,1,Gulf Cup,Riyadh,Saudi Arabia,True
1988-03-14,Oman,Kuwait,0,2,Gulf Cup,Riyadh,Saudi Arabia,True
1988-03-18,Saudi Arabia,Kuwait,0,0,Gulf Cup,Riyadh,Saudi Arabia,False
1988-04-08,Kuwait,Japan,1,0,AFC Asian Cup qualification,Kuala Lumpur,Malaysia,True
1988-04-12,Kuwait,Jordan,0,0,AFC Asian Cup qualification,Kuala Lumpur,Malaysia,True
1988-04-15,Kuwait,Pakistan,3,0,AFC Asian Cup qualification,Kuala Lumpur,Malaysia,True
1988-04-18,Malaysia,Kuwait,0,5,AFC Asian Cup qualification,Kuala Lumpur,Malaysia,False
1988-11-03,Kuwait,Finland,0,0,Friendly,Kuwait City,Kuwait,False
1988-11-06,Kuwait,Finland,0,0,Friendly,Kuwait City,Kuwait,False
1988-11-16,Kuwait,Egypt,2,2,Friendly,Kuwait City,Kuwait,False
1988-11-23,Kuwait,Russia,0,1,Friendly,Kuwait City,Kuwait,False
1988-11-27,Kuwait,Russia,0,2,Friendly,Kuwait City,Kuwait,False
1988-12-03,Kuwait,Bahrain,0,0,AFC Asian Cup,Doha,Qatar,True
1988-12-05,Saudi Arabia,Kuwait,0,0,AFC Asian Cup,Doha,Qatar,True
1988-12-08,Syria,Kuwait,1,0,AFC Asian Cup,Doha,Qatar,True
1988-12-10,Kuwait,China PR,2,2,AFC Asian Cup,Doha,Qatar,True
1989-01-06,Pakistan,Kuwait,0,1,FIFA World Cup qualification,Islamabad,Pakistan,False
1989-01-13,Kuwait,United Arab Emirates,3,2,FIFA World Cup qualification,Kuwait City,Kuwait,False
1989-01-27,Kuwait,Pakistan,2,0,FIFA World Cup qualification,Kuwait City,Kuwait,False
1989-02-03,United Arab Emirates,Kuwait,1,0,FIFA World Cup qualification,Sharjah,United Arab Emirates,False
1989-09-20,Kuwait,China PR,2,0,Friendly,Kuwait City,Kuwait,False
1989-09-22,Kuwait,Qatar,1,0,Friendly,Kuwait City,Kuwait,False
1989-09-25,Kuwait,Egypt,0,0,Friendly,Kuwait City,Kuwait,False
1989-10-15,Iraq,Kuwait,1,0,Friendly,Baghdad,Iraq,False
1989-10-25,Kuwait,Norway,2,2,Friendly,Kuwait City,Kuwait,False
1989-10-30,Kuwait,Lebanon,5,0,Friendly,Kuwait City,Kuwait,False
1989-11-04,Kuwait,Uganda,1,1,Friendly,Kuwait City,Kuwait,False
1989-11-08,Kuwait,Iraq,1,2,Friendly,Kuwait City,Kuwait,False
1989-11-12,Kuwait,Iran,1,0,Friendly,Kuwait City,Kuwait,False
1990-01-21,Kuwait,France,0,1,Friendly,Kuwait City,Kuwait,False
1990-01-26,Kuwait,German DR,1,2,Friendly,Kuwait City,Kuwait,False
1990-02-11,Kuwait,Poland,1,1,Friendly,Cairo,Egypt,True
1990-02-15,Kuwait,Finland,0,1,Friendly,Kuwait City,Kuwait,False
1990-02-21,Kuwait,Bahrain,1,0,Gulf Cup,Kuwait City,Kuwait,False
1990-02-24,Kuwait,Oman,1,1,Gulf Cup,Kuwait City,Kuwait,False
1990-03-07,Kuwait,Qatar,2,0,Gulf Cup,Kuwait City,Kuwait,False
1990-03-09,Kuwait,United Arab Emirates,6,1,Gulf Cup,Kuwait City,Kuwait,False
1990-09-23,Kuwait,Hong Kong,2,1,Asian Games,Beijing,China PR,True
1990-09-25,Yemen,Kuwait,0,0,Asian Games,Beijing,China PR,True
1990-09-27,Thailand,Kuwait,2,1,Asian Games,Beijing,China PR,True
1990-10-01,South Korea,Kuwait,1,0,Asian Games,Beijing,China PR,True
1991-12-09,Kuwait,Poland,0,2,Friendly,Kuwait City,Kuwait,False
1992-05-14,Kuwait,Syria,0,0,Friendly,Kuwait City,Kuwait,False
1992-05-17,Qatar,Kuwait,0,0,Friendly,Doha,Qatar,False
1992-09-10,Kuwait,Jordan,4,1,Arab Cup,Aleppo,Syria,True
1992-09-12,Egypt,Kuwait,1,0,Arab Cup,Aleppo,Syria,True
1992-09-15,Saudi Arabia,Kuwait,2,0,Arab Cup,Aleppo,Syria,True
1992-09-17,Syria,Kuwait,1,2,Arab Cup,Aleppo,Syria,False
1992-10-18,Kuwait,Iran,1,1,Friendly,Kuwait City,Kuwait,False
1992-10-22,Kuwait,Oman,4,0,Friendly,Kuwait City,Kuwait,False
1992-11-02,Egypt,Kuwait,1,1,Friendly,Cairo,Egypt,False
1992-11-20,Egypt,Kuwait,1,1,Friendly,Cairo,Egypt,False
1992-11-28,United Arab Emirates,Kuwait,0,2,Gulf Cup,Doha,Qatar,True
1992-11-30,Kuwait,Oman,2,1,Gulf Cup,Doha,Qatar,True
1992-12-03,Qatar,Kuwait,4,0,Gulf Cup,Doha,Qatar,False
1992-12-06,Kuwait,Saudi Arabia,1,2,Gulf Cup,Doha,Qatar,True
1992-12-10,Kuwait,Bahrain,0,1,Gulf Cup,Doha,Qatar,True
1993-01-02,Kuwait,Lebanon,2,0,Friendly,Kuwait City,Kuwait,False
1993-02-24,Kuwait,China PR,1,0,Friendly,Kuwait City,Kuwait,False
1993-03-16,Kuwait,Syria,2,1,Friendly,Kuwait City,Kuwait,False
1993-04-04,Kuwait,Egypt,1,3,Friendly,Kuwait City,Kuwait,False
1993-04-16,Australia,Kuwait,1,0,Friendly,Singapore,Singapore,True
1993-04-19,Australia,Kuwait,1,3,Friendly,Singapore,Singapore,True
1993-04-23,Hong Kong,Kuwait,2,2,Friendly,Singapore,Singapore,True
1993-04-25,Hong Kong,Kuwait,0,1,Friendly,Singapore,Singapore,True
1993-05-01,Malaysia,Kuwait,1,1,FIFA World Cup qualification,Kuala Lumpur,Malaysia,False
1993-05-03,Macau,Kuwait,1,10,FIFA World Cup qualification,Kuala Lumpur,Malaysia,True
1993-05-05,Kuwait,Saudi Arabia,0,0,FIFA World Cup qualification,Kuala Lumpur,Malaysia,True
1993-05-14,Kuwait,Malaysia,2,0,FIFA World Cup qualification,Taif,Saudi Arabia,True
1993-05-16,Kuwait,Macau,8,0,FIFA World Cup qualification,Taif,Saudi Arabia,True
1993-05-18,Saudi Arabia,Kuwait,2,0,FIFA World Cup qualification,Taif,Saudi Arabia,False
1994-04-28,Kuwait,Bulgaria,2,2,Friendly,Kuwait City,Kuwait,False
1994-09-22,Malaysia,Kuwait,0,2,Friendly,Kuala Lumpur,Malaysia,False
1994-09-24,Australia,Kuwait,0,0,Friendly,Kuala Lumpur,Malaysia,True
1994-10-01,Kuwait,Oman,2,2,Asian Games,Miyoshi,Japan,True
1994-10-03,Kuwait,Nepal,8,0,Asian Games,Onomichi,Japan,True
1994-10-07,South Korea,Kuwait,0,1,Asian Games,Miyoshi,Japan,True
1994-10-11,Kuwait,United Arab Emirates,2,1,Asian Games,Hiroshima,Japan,True
1994-10-13,China PR,Kuwait,2,0,Asian Games,Hiroshima,Japan,True
1994-10-15,Kuwait,South Korea,2,1,Asian Games,Hiroshima,Japan,True
1994-10-29,Kuwait,Iceland,0,1,Friendly,Al Ain,United Arab Emirates,True
1994-11-04,Bahrain,Kuwait,2,1,Gulf Cup,Abu Dhabi,United Arab Emirates,True
1994-11-07,Kuwait,Qatar,1,0,Gulf Cup,Abu Dhabi,United Arab Emirates,True
1994-11-09,United Arab Emirates,Kuwait,2,0,Gulf Cup,Abu Dhabi,United Arab Emirates,False
1994-11-13,Oman,Kuwait,0,0,Gulf Cup,Abu Dhabi,United Arab Emirates,True
1994-11-16,Kuwait,Saudi Arabia,0,2,Gulf Cup,Abu Dhabi,United Arab Emirates,True
1995-05-04,Kuwait,Mali,2,1,Friendly,Kuwait City,Kuwait,False
1995-12-13,Kuwait,Czech Republic,1,2,Friendly,Kuwait City,Kuwait,False
1995-12-27,Kuwait,Kazakhstan,0,0,Friendly,Kuwait City,Kuwait,False
1996-02-23,Kuwait,Ecuador,0,3,Friendly,Kuwait City,Kuwait,False
1996-02-24,Kuwait,Oman,1,0,Friendly,Kuwait City,Kuwait,False
1996-03-02,Oman,Kuwait,0,3,Friendly,Muscat,Oman,False
1996-03-05,Syria,Kuwait,0,2,Friendly,Damascus,Syria,False
1996-03-10,Turkmenistan,Kuwait,2,2,AFC Asian Cup qualification,Ashgabat,Turkmenistan,False
1996-03-16,Kuwait,Finland,0,1,Friendly,Kuwait City,Kuwait,False
1996-03-22,Kuwait,Turkmenistan,2,0,AFC Asian Cup qualification,Kuwait City,Kuwait,False
1996-04-21,Qatar,Kuwait,3,1,Friendly,Doha,Qatar,False
1996-05-23,Kuwait,Syria,3,1,Friendly,Kuwait City,Kuwait,False
1996-06-09,Lebanon,Kuwait,3,5,AFC Asian Cup qualification,Beirut,Lebanon,False
1996-06-20,Kuwait,Lebanon,0,0,AFC Asian Cup qualification,Kuwait City,Kuwait,False
1996-10-04,Kuwait,Iran,0,1,Friendly,Kuwait City,Kuwait,False
1996-10-08,Kuwait,Cyprus,1,1,Friendly,Al Ain,United Arab Emirates,True
1996-10-16,Kuwait,Bahrain,1,0,Gulf Cup,Muscat,Oman,True
1996-10-18,Oman,Kuwait,1,2,Gulf Cup,Muscat,Oman,False
1996-10-22,Kuwait,United Arab Emirates,1,2,Gulf Cup,Muscat,Oman,True
1996-10-24,Kuwait,Saudi Arabia,1,0,Gulf Cup,Muscat,Oman,True
1996-10-28,Qatar,Kuwait,1,2,Gulf Cup,Muscat,Oman,True
1996-11-19,Kuwait,Syria,2,2,Friendly,Kuwait City,Kuwait,False
1996-11-22,Kuwait,Mali,4,2,Friendly,Kuwait City,Kuwait,False
1996-12-04,Indonesia,Kuwait,2,2,AFC Asian Cup,Abu Dhabi,United Arab Emirates,True
1996-12-07,United Arab Emirates,Kuwait,3,2,AFC Asian Cup,Abu Dhabi,United Arab Emirates,False
1996-12-10,Kuwait,South Korea,2,0,AFC Asian Cup,Abu Dhabi,United Arab Emirates,True
1996-12-15,Kuwait,Japan,2,0,AFC Asian Cup,Al Ain,United Arab Emirates,True
1996-12-19,United Arab Emirates,Kuwait,1,0,AFC Asian Cup,Abu Dhabi,United Arab Emirates,False
1996-12-21,Iran,Kuwait,1,1,AFC Asian Cup,Abu Dhabi,United Arab Emirates,True
1997-02-18,Kuwait,Egypt,2,0,Friendly,Kuwait City,Kuwait,False
1997-03-18,Kuwait,Bahrain,3,1,Friendly,Kuwait City,Kuwait,False
1997-04-11,Kuwait,Iran,0,2,Friendly,Kuwait City,Kuwait,False
1997-04-17,Thailand,Kuwait,3,1,Friendly,Bangkok,Thailand,False
1997-04-26,Singapore,Kuwait,0,1,FIFA World Cup qualification,Singapore,Singapore,False
1997-05-08,Kuwait,Lebanon,2,0,FIFA World Cup qualification,Kuwait City,Kuwait,False
1997-05-27,Kuwait,Zambia,2,1,Friendly,Kuwait City,Kuwait,False
1997-06-05,Kuwait,Singapore,4,0,FIFA World Cup qualification,Kuwait City,Kuwait,False
1997-06-22,Lebanon,Kuwait,1,3,FIFA World Cup qualification,Beirut,Lebanon,False
1997-09-14,Saudi Arabia,Kuwait,2,1,FIFA World Cup qualification,Taif,Saudi Arabia,False
1997-09-19,Qatar,Kuwait,0,2,FIFA World Cup qualification,Doha,Qatar,False
1997-09-26,Kuwait,Iran,1,1,FIFA World Cup qualification,Kuwait City,Kuwait,False
1997-10-10,Kuwait,China PR,1,2,FIFA World Cup qualification,Kuwait City,Kuwait,False
1997-10-17,Kuwait,Saudi Arabia,2,1,FIFA World Cup qualification,Kuwait City,Kuwait,False
1997-10-24,Kuwait,Qatar,0,1,FIFA World Cup qualification,Kuwait City,Kuwait,False
1997-10-31,Iran,Kuwait,0,0,FIFA World Cup qualification,Tehran,Iran,False
1997-11-12,China PR,Kuwait,1,0,FIFA World Cup qualification,Dalian,China PR,False
1998-04-14,Iran,Kuwait,1,1,Friendly,Tehran,Iran,False
1998-05-24,United States,Kuwait,2,0,Friendly,Portland,United States,False
1998-09-09,Kuwait,Lebanon,0,0,Friendly,Kuwait City,Kuwait,False
1998-09-13,Kuwait,North Korea,4,0,Friendly,Kuwait City,Kuwait,False
1998-09-26,Kuwait,Syria,4,0,Arab Cup,Doha,Qatar,True
1998-09-29,Saudi Arabia,Kuwait,2,1,Arab Cup,Doha,Qatar,True
1998-10-01,Kuwait,United Arab Emirates,4,1,Arab Cup,Doha,Qatar,True
1998-10-13,Kuwait,Iran,3,0,Friendly,Kuwait City,Kuwait,False
1998-10-31,Kuwait,Saudi Arabia,1,2,Gulf Cup,Manama,Bahrain,True
1998-11-02,Kuwait,Qatar,6,2,Gulf Cup,Manama,Bahrain,True
1998-11-06,Bahrain,Kuwait,0,2,Gulf Cup,Manama,Bahrain,False
1998-11-09,Oman,Kuwait,0,5,Gulf Cup,Manama,Bahrain,True
1998-11-12,United Arab Emirates,Kuwait,1,4,Gulf Cup,Manama,Bahrain,True
1998-12-01,Mongolia,Kuwait,0,11,Asian Games,Chiang Mai,Thailand,True
1998-12-03,Uzbekistan,Kuwait,3,3,Asian Games,Chiang Mai,Thailand,True
1998-12-07,United Arab Emirates,Kuwait,0,5,Asian Games,Bangkok,Thailand,True
1998-12-09,Japan,Kuwait,2,1,Asian Games,Bangkok,Thailand,True
1998-12-11,South Korea,Kuwait,1,0,Asian Games,Bangkok,Thailand,True
1998-12-14,Qatar,Kuwait,0,0,Asian Games,Bangkok,Thailand,True
1998-12-16,Thailand,Kuwait,0,3,Asian Games,Bangkok,Thailand,False
1998-12-19,Iran,Kuwait,2,0,Asian Games,Bangkok,Thailand,True
1998-12-27,Kuwait,Egypt,1,1,Friendly,Kuwait City,Kuwait,False
1999-02-15,Kuwait,Iran,1,2,Friendly,Kuwait City,Kuwait,False
2000-01-31,Kuwait,Syria,4,0,Friendly,Kuwait City,Kuwait,False
2000-02-04,Kuwait,Iran,1,1,Friendly,Kuwait City,Kuwait,False
2000-02-10,Kuwait,Turkmenistan,6,1,AFC Asian Cup qualification,Kuwait City,Kuwait,False
2000-02-14,Kuwait,Bhutan,20,0,AFC Asian Cup qualification,Kuwait City,Kuwait,False
2000-02-16,Kuwait,Yemen,2,0,AFC Asian Cup qualification,Kuwait City,Kuwait,False
2000-02-18,Kuwait,Nepal,5,0,AFC Asian Cup qualification,Kuwait City,Kuwait,False
2000-06-25,Lebanon,Kuwait,3,1,Friendly,Tripoli,Lebanon,False
2000-09-24,Qatar,Kuwait,0,0,Friendly,Doha,Qatar,False
2000-09-30,Kuwait,Thailand,3,2,Friendly,Kuwait City,Kuwait,False
2000-10-04,Australia,Kuwait,1,0,United Arab Emirates Friendship Tournament,Dubai,United Arab Emirates,True
2000-10-07,United Arab Emirates,Kuwait,1,0,United Arab Emirates Friendship Tournament,Dubai,United Arab Emirates,False
2000-10-13,Kuwait,Indonesia,0,0,AFC Asian Cup,Tripoli,Lebanon,True
2000-10-16,South Korea,Kuwait,0,1,AFC Asian Cup,Tripoli,Lebanon,True
2000-10-19,China PR,Kuwait,0,0,AFC Asian Cup,Tripoli,Lebanon,True
2000-10-24,Kuwait,Saudi Arabia,2,3,AFC Asian Cup,Beirut,Lebanon,True
2001-01-12,Qatar,Kuwait,1,0,Friendly,Doha,Qatar,False
2001-01-17,Kuwait,Syria,2,0,Friendly,Doha,Qatar,True
2001-01-23,Thailand,Kuwait,5,4,Friendly,Bangkok,Thailand,False
2001-02-03,Bahrain,Kuwait,1,2,FIFA World Cup qualification,Singapore,Singapore,True
2001-02-06,Singapore,Kuwait,1,1,FIFA World Cup qualification,Singapore,Singapore,False
2001-02-09,Kyrgyzstan,Kuwait,0,3,FIFA World Cup qualification,Singapore,Singapore,True
2001-02-15,Kuwait,Finland,4,3,Friendly,Kuwait City,Kuwait,False
2001-02-21,Kuwait,Singapore,1,0,FIFA World Cup qualification,Kuwait City,Kuwait,False
2001-02-24,Kuwait,Kyrgyzstan,2,0,FIFA World Cup qualification,Kuwait City,Kuwait,False
2001-02-27,Kuwait,Bahrain,0,1,FIFA World Cup qualification,Kuwait City,Kuwait,False
2001-08-03,Kuwait,Trinidad and Tobago,1,1,Friendly,Shanghai,China PR,True
2001-08-05,Kuwait,North Korea,1,1,Friendly,Shanghai,China PR,True
2001-10-18,Kuwait,Qatar,0,1,Friendly,Kuwait City,Kuwait,False
2001-11-29,Oman,Kuwait,1,1,Friendly,Muscat,Oman,False
2001-12-29,Kuwait,Syria,0,0,Friendly,Kuwait City,Kuwait,False
2001-12-31,Kuwait,Syria,2,2,Friendly,Kuwait City,Kuwait,False
2002-01-05,Kuwait,Zimbabwe,3,0,Friendly,Kuwait City,Kuwait,False
2002-01-08,Kuwait,Iceland,0,0,Friendly,Muscat,Oman,True
2002-01-16,Saudi Arabia,Kuwait,1,1,Gulf Cup,Riyadh,Saudi Arabia,False
2002-01-19,Kuwait,Oman,1,3,Gulf Cup,Riyadh,Saudi Arabia,True
2002-01-22,Kuwait,Bahrain,0,0,Gulf Cup,Riyadh,Saudi Arabia,True
2002-01-26,Kuwait,Qatar,0,1,Gulf Cup,Riyadh,Saudi Arabia,True
2002-01-29,Kuwait,United Arab Emirates,2,1,Gulf Cup,Riyadh,Saudi Arabia,True
2002-05-09,Germany,Kuwait,7,0,Friendly,Freiburg,Germany,False
2002-05-30,Kuwait,Iran,1,3,Friendly,Kuwait City,Kuwait,False
2002-12-18,Kuwait,Sudan,1,0,Arab Cup,Kuwait City,Kuwait,False
2002-12-23,Kuwait,Jordan,1,2,Arab Cup,Kuwait City,Kuwait,False
2002-12-25,Kuwait,Palestine,3,3,Arab Cup,Kuwait City,Kuwait,False
2003-09-04,Singapore,Kuwait,1,3,AFC Asian Cup qualification,Singapore,Singapore,False
2003-09-14,Kuwait,Qatar,2,1,AFC Asian Cup qualification,Kuwait City,Kuwait,False
2003-09-20,Qatar,Kuwait,2,2,AFC Asian Cup qualification,Doha,Qatar,False
2003-09-27,Kuwait,Singapore,4,0,AFC Asian Cup qualification,Kuwait City,Kuwait,False
2003-10-05,Kuwait,Palestine,2,1,AFC Asian Cup qualification,Kuwait City,Kuwait,False
2003-10-08,Kuwait,Palestine,4,0,AFC Asian Cup qualification,Kuwait City,Kuwait,False
2003-11-19,Portugal,Kuwait,8,0,Friendly,Leiria,Portugal,False
2003-12-16,Kuwait,Lebanon,2,0,Friendly,Paphos,Cyprus,True
2003-12-18,Kuwait,Lebanon,0,0,Friendly,Paphos,Cyprus,True
2003-12-20,Latvia,Kuwait,0,2,Friendly,Paphos,Cyprus,True
2003-12-26,Kuwait,Oman,0,0,Gulf Cup,Kuwait City,Kuwait,False
2003-12-29,Kuwait,United Arab Emirates,0,2,Gulf Cup,Kuwait City,Kuwait,False
2004-01-01,Kuwait,Yemen,4,0,Gulf Cup,Kuwait City,Kuwait,False
2004-01-04,Kuwait,Saudi Arabia,1,1,Gulf Cup,Kuwait City,Kuwait,False
2004-01-08,Kuwait,Qatar,1,2,Gulf Cup,Kuwait City,Kuwait,False
2004-01-10,Kuwait,Bahrain,0,4,Gulf Cup,Kuwait City,Kuwait,False
2004-02-18,China PR,Kuwait,1,0,FIFA World Cup qualification,Guangzhou,China PR,False
2004-03-31,Malaysia,Kuwait,0,2,FIFA World Cup qualification,Kuantan,Malaysia,False
2004-06-01,Kuwait,Syria,0,1,Friendly,Kuwait City,Kuwait,False
2004-06-03,Kuwait,Syria,1,2,Friendly,Kuwait City,Kuwait,False
2004-06-09,Kuwait,Hong Kong,4,0,FIFA World Cup qualification,Kuwait City,Kuwait,False
2004-07-19,Kuwait,United Arab Emirates,3,1,AFC Asian Cup,Jinan,China PR,True
2004-07-23,Jordan,Kuwait,2,0,AFC Asian Cup,Jinan,China PR,True
2004-07-27,South Korea,Kuwait,4,0,AFC Asian Cup,Jinan,China PR,True
2004-08-26,Bahrain,Kuwait,0,0,Friendly,Muharraq,Bahrain,False
2004-09-01,Saudi Arabia,Kuwait,1,1,Friendly,Riyadh,Saudi Arabia,False
2004-09-08,Hong Kong,Kuwait,0,2,FIFA World Cup qualification,Siu Sai Wan,Hong Kong,False
2004-09-29,Kuwait,Syria,1,1,Friendly,Tripoli,Lebanon,True
2004-10-03,Lebanon,Kuwait,1,3,Friendly,Tripoli,Lebanon,False
2004-10-06,Lebanon,Kuwait,1,1,Friendly,Beirut,Lebanon,False
2004-10-13,Kuwait,China PR,1,0,FIFA World Cup qualification,Kuwait City,Kuwait,False
2004-11-05,Kuwait,India,2,3,Friendly,Kuwait City,Kuwait,False
2004-11-10,Kuwait,Kyrgyzstan,3,0,Friendly,Kuwait City,Kuwait,False
2004-11-17,Kuwait,Malaysia,6,1,FIFA World Cup qualification,Kuwait City,Kuwait,False
2004-11-27,United Arab Emirates,Kuwait,0,1,Friendly,Abu Dhabi,United Arab Emirates,False
2004-12-03,United Arab Emirates,Kuwait,1,1,Friendly,Dubai,United Arab Emirates,False
2004-12-06,Kuwait,Tajikistan,3,0,Friendly,Kuwait City,Kuwait,False
2004-12-11,Saudi Arabia,Kuwait,1,2,Gulf Cup,Al Rayyan,Qatar,True
2004-12-14,Kuwait,Bahrain,1,1,Gulf Cup,Al Rayyan,Qatar,True
2004-12-17,Kuwait,Yemen,3,0,Gulf Cup,Doha,Qatar,True
2004-12-20,Qatar,Kuwait,2,0,Gulf Cup,Doha,Qatar,False
2004-12-23,Bahrain,Kuwait,3,1,Gulf Cup,Doha,Qatar,True
2005-01-22,Kuwait,Norway,1,1,Friendly,Kuwait City,Kuwait,False
2005-01-26,Kuwait,Syria,3,2,Friendly,Kuwait City,Kuwait,False
2005-02-02,North Korea,Kuwait,0,0,Friendly,Beijing,China PR,True
2005-02-09,South Korea,Kuwait,2,0,FIFA World Cup qualification,Seoul,South Korea,False
2005-03-12,Kuwait,Finland,0,1,Friendly,Kuwait City,Kuwait,False
2005-03-18,Kuwait,Armenia,3,1,Friendly,Al Ain,United Arab Emirates,True
2005-03-25,Kuwait,Uzbekistan,2,1,FIFA World Cup qualification,Kuwait City,Kuwait,False
2005-03-30,Kuwait,Saudi Arabia,0,0,FIFA World Cup qualification,Kuwait City,Kuwait,False
2005-05-27,Kuwait,Egypt,0,1,Friendly,Kuwait City,Kuwait,False
2005-06-03,Saudi Arabia,Kuwait,3,0,FIFA World Cup qualification,Riyadh,Saudi Arabia,False
2005-06-08,Kuwait,South Korea,0,4,FIFA World Cup qualification,Kuwait City,Kuwait,False
2005-07-28,Kuwait,United Arab Emirates,1,1,Friendly,Geneva,Switzerland,True
2005-08-17,Uzbekistan,Kuwait,3,2,FIFA World Cup qualification,Tashkent,Uzbekistan,False
2005-11-26,Kuwait,Iraq,0,0,Friendly,Kuwait City,Kuwait,False
2006-02-07,Kuwait,Jordan,2,1,Friendly,Kuwait City,Kuwait,False
2006-02-22,Lebanon,Kuwait,1,1,AFC Asian Cup qualification,Beirut,Lebanon,False
2006-03-01,Kuwait,Bahrain,0,0,AFC Asian Cup qualification,Kuwait City,Kuwait,False
2006-08-16,Australia,Kuwait,2,0,AFC Asian Cup qualification,Sydney,Australia,False
2006-09-06,Kuwait,Australia,2,0,AFC Asian Cup qualification,Kuwait City,Kuwait,False
2006-10-11,Kuwait,Lithuania,1,0,Friendly,Kuwait City,Kuwait,False
2006-11-09,Kuwait,Taiwan,10,0,Friendly,Al Ain,United Arab Emirates,True
2006-11-15,Bahrain,Kuwait,2,1,AFC Asian Cup qualification,Riffa,Bahrain,False
2007-01-17,Kuwait,Yemen,1,1,Gulf Cup,Abu Dhabi,United Arab Emirates,True
2007-01-20,Kuwait,Oman,1,2,Gulf Cup,Abu Dhabi,United Arab Emirates,True
2007-01-23,United Arab Emirates,Kuwait,3,2,Gulf Cup,Abu Dhabi,United Arab Emirates,False
2007-06-05,Kuwait,Portugal,1,1,Friendly,Salmiya,Kuwait,False
2007-06-12,Kuwait,Egypt,1,1,Friendly,Kuwait City,Kuwait,False
2008-01-02,Kuwait,Lebanon,3,2,Friendly,Salmiya,Kuwait,False
2008-01-12,Kuwait,Ivory Coast,0,2,Friendly,Kuwait City,Kuwait,False
2008-01-16,Bahrain,Kuwait,1,0,Friendly,Manama,Bahrain,False
2008-01-24,Kuwait,Singapore,0,2,Friendly,Muscat,Oman,True
2008-01-30,Oman,Kuwait,1,1,Friendly,Muscat,Oman,False
2008-02-06,United Arab Emirates,Kuwait,2,0,FIFA World Cup qualification,Abu Dhabi,United Arab Emirates,False
2008-03-21,Kuwait,Iraq,0,0,Friendly,Kuwait City,Kuwait,False
2008-03-26,Kuwait,Iran,2,2,FIFA World Cup qualification,Kuwait City,Kuwait,False
2008-05-23,Qatar,Kuwait,1,1,Friendly,Doha,Qatar,False
2008-05-27,Saudi Arabia,Kuwait,2,1,Friendly,Dammam,Saudi Arabia,False
2008-06-02,Syria,Kuwait,1,0,FIFA World Cup qualification,Damascus,Syria,False
2008-06-08,Kuwait,Syria,4,2,FIFA World Cup qualification,Kuwait City,Kuwait,False
2008-06-14,Kuwait,United Arab Emirates,2,3,FIFA World Cup qualification,Kuwait City,Kuwait,False
2008-06-22,Iran,Kuwait,2,0,FIFA World Cup qualification,Tehran,Iran,False
2008-12-30,United Arab Emirates,Kuwait,0,0,Friendly,Dubai,United Arab Emirates,False
2009-01-04,Oman,Kuwait,0,0,Gulf Cup,Muscat,Oman,False
2009-01-07,Bahrain,Kuwait,0,1,Gulf Cup,Muscat,Oman,True
2009-01-10,Iraq,Kuwait,1,1,Gulf Cup,Muscat,Oman,True
2009-01-14,Kuwait,Saudi Arabia,0,1,Gulf Cup,Muscat,Oman,True
2009-01-20,Kuwait,Turkmenistan,2,0,Friendly,Kuwait City,Kuwait,False
2009-01-23,Kuwait,Syria,2,3,Friendly,Kuwait City,Kuwait,False
2009-01-28,Kuwait,Oman,0,1,AFC Asian Cup qualification,Kuwait City,Kuwait,False
2009-02-11,Kuwait,Azerbaijan,1,1,Friendly,Kuwait City,Kuwait,False
2009-03-05,Australia,Kuwait,0,1,AFC Asian Cup qualification,Canberra,Australia,False
2009-03-17,Qatar,Kuwait,1,0,Friendly,Doha,Qatar,False
2009-03-23,Kuwait,Iran,0,1,Friendly,Kuwait City,Kuwait,False
2009-05-31,Kuwait,Vietnam,0,1,Friendly,Kuwait City,Kuwait,False
2009-10-05,Kuwait,Libya,1,1,Friendly,Cairo,Egypt,True
2009-10-10,Kuwait,Jordan,2,1,Friendly,Cairo,Egypt,True
2009-10-26,Kuwait,Syria,1,0,Friendly,Al-Jahra,Kuwait,False
2009-11-03,Kenya,Kuwait,0,5,Friendly,Cairo,Egypt,True
2009-11-08,Kuwait,China PR,2,2,Friendly,Kuwait City,Kuwait,False
2009-11-14,Kuwait,Indonesia,2,1,AFC Asian Cup qualification,Kuwait City,Kuwait,False
2009-11-18,Indonesia,Kuwait,1,1,AFC Asian Cup qualification,Jakarta,Indonesia,False
2009-12-16,Kuwait,United Arab Emirates,0,0,Friendly,Kuwait City,Kuwait,False
2010-01-06,Kuwait,Australia,2,2,AFC Asian Cup qualification,Kuwait City,Kuwait,False
2010-02-19,Kuwait,Syria,1,1,Friendly,Al Ain,United Arab Emirates,True
2010-02-25,Kuwait,Bahrain,4,1,Friendly,Al Ain,United Arab Emirates,True
2010-03-03,Oman,Kuwait,0,0,AFC Asian Cup qualification,Muscat,Oman,False
2010-08-11,Azerbaijan,Kuwait,1,1,Friendly,Baku,Azerbaijan,False
2010-09-03,Kuwait,Syria,3,0,Friendly,Kuwait City,Kuwait,False
2010-09-07,United Arab Emirates,Kuwait,3,0,Friendly,Abu Dhabi,United Arab Emirates,False
2010-09-26,Syria,Kuwait,1,2,WAFF Championship,Amman,Jordan,True
2010-09-28,Jordan,Kuwait,2,2,WAFF Championship,Amman,Jordan,False
2010-10-01,Kuwait,Yemen,1,1,WAFF Championship,Amman,Jordan,True
2010-10-03,Iran,Kuwait,1,2,WAFF Championship,Amman,Jordan,True
2010-10-08,Kuwait,Bahrain,1,3,Friendly,Kuwait City,Kuwait,False
2010-10-12,Kuwait,Vietnam,3,1,Friendly,Kuwait City,Kuwait,False
2010-11-14,India,Kuwait,1,9,Friendly,Abu Dhabi,United Arab Emirates,True
2010-11-17,Iraq,Kuwait,1,1,Friendly,Abu Dhabi,United Arab Emirates,True
2010-11-22,Kuwait,Qatar,1,0,Gulf Cup,Aden,Yemen,True
2010-11-25,Saudi Arabia,Kuwait,0,0,Gulf Cup,Zinjibar,Yemen,True
2010-11-28,Yemen,Kuwait,0,3,Gulf Cup,Zinjibar,Yemen,False
2010-12-02,Kuwait,Iraq,2,2,Gulf Cup,Aden,Yemen,True
2010-12-05,Kuwait,Saudi Arabia,1,0,Gulf Cup,Aden,Yemen,True
2010-12-24,Kuwait,North Korea,2,1,Friendly,6th of October City,Egypt,True
2010-12-27,Kuwait,North Korea,2,2,Friendly,6th of October City,Egypt,True
2010-12-31,Kuwait,Zambia,4,0,Friendly,6th of October City,Egypt,True
2011-01-08,Kuwait,China PR,0,2,AFC Asian Cup,Doha,Qatar,True
2011-01-12,Uzbekistan,Kuwait,2,1,AFC Asian Cup,Doha,Qatar,True
2011-01-16,Qatar,Kuwait,3,0,AFC Asian Cup,Doha,Qatar,False
2011-02-14,Bahrain,Kuwait,0,0,Friendly,Riffa,Bahrain,False
2011-03-26,Jordan,Kuwait,1,1,Friendly,Sharjah,United Arab Emirates,True
2011-03-29,Kuwait,Iraq,1,0,Friendly,Sharjah,United Arab Emirates,True
2011-07-02,Lebanon,Kuwait,0,6,Friendly,Beirut,Lebanon,False
2011-07-06,Kuwait,Oman,1,1,Friendly,Beirut,Lebanon,True
2011-07-13,Iraq,Kuwait,0,2,Friendly,Amman,Jordan,True
2011-07-16,Kuwait,Saudi Arabia,1,0,Friendly,Amman,Jordan,True
2011-07-23,Kuwait,Philippines,3,0,FIFA World Cup qualification,Hawalli,Kuwait,False
2011-07-28,Philippines,Kuwait,1,2,FIFA World Cup qualification,Manila,Philippines,False
2011-08-10,Kuwait,North Korea,0,0,Friendly,Kuwait City,Kuwait,False
2011-08-27,Oman,Kuwait,1,0,Friendly,Muscat,Oman,False
2011-09-02,United Arab Emirates,Kuwait,2,3,FIFA World Cup qualification,Al Ain,United Arab Emirates,False
2011-09-06,Kuwait,South Korea,1,1,FIFA World Cup qualification,Kuwait City,Kuwait,False
2011-10-11,Lebanon,Kuwait,2,2,FIFA World Cup qualification,Beirut,Lebanon,False
2011-11-04,Kuwait,Bahrain,0,1,Friendly,Kuwait City,Kuwait,False
2011-11-11,Kuwait,Lebanon,0,1,FIFA World Cup qualification,Kuwait City,Kuwait,False
2011-11-15,Kuwait,United Arab Emirates,2,1,FIFA World Cup qualification,Kuwait City,Kuwait,False
2012-01-17,Kuwait,Uzbekistan,1,0,Friendly,Kuwait City,Kuwait,False
2012-02-17,North Korea,Kuwait,1,1,Friendly,Changsha,China PR,True
2012-02-22,China PR,Kuwait,2,0,Friendly,Changsha,China PR,False
2012-02-29,South Korea,Kuwait,2,0,FIFA World Cup qualification,Seoul,South Korea,False
2012-06-08,Bahrain,Kuwait,1,1,Friendly,6th of October City,Egypt,True
2012-06-12,Bahrain,Kuwait,0,1,Friendly,6th of October City,Egypt,True
2012-06-22,Saudi Arabia,Kuwait,4,0,Arab Cup,Taif,Saudi Arabia,False
2012-06-25,Kuwait,Palestine,2,0,Arab Cup,Taif,Saudi Arabia,True
2012-09-07,Uzbekistan,Kuwait,3,0,Friendly,Tashkent,Uzbekistan,False
2012-09-11,United Arab Emirates,Kuwait,3,0,Friendly,Dubai,United Arab Emirates,False
2012-10-11,Kuwait,Syria,1,1,Friendly,Muscat,Oman,True
2012-10-16,Kuwait,Philippines,2,1,Friendly,Hawalli,Kuwait,False
2012-11-14,Kuwait,Bahrain,1,1,Friendly,Kuwait City,Kuwait,False
2012-12-08,Kuwait,Palestine,2,1,WAFF Championship,Kuwait City,Kuwait,False
2012-12-11,Kuwait,Oman,0,2,WAFF Championship,Kuwait City,Kuwait,False
2012-12-14,Kuwait,Lebanon,2,1,WAFF Championship,Kuwait City,Kuwait,False
2013-01-06,Kuwait,Yemen,2,0,Gulf Cup,Isa Town,Bahrain,True
2013-01-09,Iraq,Kuwait,1,0,Gulf Cup,Isa Town,Bahrain,True
2013-01-12,Kuwait,Saudi Arabia,1,0,Gulf Cup,Riffa,Bahrain,True
2013-01-15,United Arab Emirates,Kuwait,1,0,Gulf Cup,Riffa,Bahrain,True
2013-01-18,Bahrain,Kuwait,1,6,Gulf Cup,Isa Town,Bahrain,False
2013-02-06,Thailand,Kuwait,1,3,AFC Asian Cup qualification,Bangkok,Thailand,False
2013-03-21,Kuwait,Palestine,2,1,Friendly,Kuwait City,Kuwait,False
2013-03-26,Kuwait,Iran,1,1,AFC Asian Cup qualification,Kuwait City,Kuwait,False
2013-06-06,Hungary,Kuwait,1,0,Friendly,Győr,Hungary,False
2013-09-06,Kuwait,North Korea,2,1,Friendly,Kuwait City,Kuwait,False
2013-09-09,Kuwait,Bahrain,2,1,Friendly,Kuwait City,Kuwait,False
2013-10-09,Jordan,Kuwait,1,1,Friendly,Amman,Jordan,False
2013-10-15,Lebanon,Kuwait,1,1,AFC Asian Cup qualification,Beirut,Lebanon,False
2013-11-08,Kuwait,Malaysia,3,0,Friendly,Kuwait City,Kuwait,False
2013-11-15,Kuwait,Lebanon,0,0,AFC Asian Cup qualification,Kuwait City,Kuwait,False
2013-11-19,Kuwait,Thailand,3,1,AFC Asian Cup qualification,Kuwait City,Kuwait,False
2013-12-29,Lebanon,Kuwait,0,2,WAFF Championship,Doha,Qatar,True
2014-01-01,Kuwait,Jordan,1,2,WAFF Championship,Doha,Qatar,True
2014-01-04,Qatar,Kuwait,3,0,WAFF Championship,Doha,Qatar,False
2014-01-07,Bahrain,Kuwait,0,0,WAFF Championship,Doha,Qatar,True
2014-03-03,Iran,Kuwait,3,2,AFC Asian Cup qualification,Karaj,Iran,False
2014-05-14,Kuwait,Afghanistan,3,2,Friendly,Kuwait City,Kuwait,False
2014-05-16,Kuwait,Kyrgyzstan,2,2,Friendly,Kuwait City,Kuwait,False
2014-05-25,Thailand,Kuwait,1,1,Friendly,Bangkok,Thailand,False
2014-09-04,China PR,Kuwait,3,1,Friendly,Anshan,China PR,False
2014-09-09,Kuwait,Bahrain,0,1,Friendly,Al Farwaniyah,Kuwait,False
2014-10-10,Jordan,Kuwait,0,1,Friendly,Amman,Jordan,False
2014-10-13,Jordan,Kuwait,1,1,Friendly,Amman,Jordan,False
2014-10-31,North Korea,Kuwait,0,1,Friendly,Dubai,United Arab Emirates,True
2014-11-04,Kuwait,Yemen,1,1,Friendly,Abu Dhabi,United Arab Emirates,True
2014-11-14,Iraq,Kuwait,0,1,Gulf Cup,Riyadh,Saudi Arabia,True
2014-11-17,United Arab Emirates,Kuwait,2,2,Gulf Cup,Riyadh,Saudi Arabia,True
2014-11-20,Kuwait,Oman,0,5,Gulf Cup,Riyadh,Saudi Arabia,True
2014-12-22,Iraq,Kuwait,1,1,Friendly,Al Hamriyah,United Arab Emirates,True
2015-01-09,Australia,Kuwait,4,1,AFC Asian Cup,Melbourne,Australia,False
2015-01-13,Kuwait,South Korea,0,1,AFC Asian Cup,Canberra,Australia,True
2015-01-17,Oman,Kuwait,1,0,AFC Asian Cup,Newcastle,Australia,True
2015-03-30,Kuwait,Colombia,1,3,Friendly,Abu Dhabi,United Arab Emirates,True
2015-06-05,Jordan,Kuwait,2,2,Friendly,Istanbul,Turkey,True
2015-06-11,Lebanon,Kuwait,0,1,FIFA World Cup qualification,Sidon,Lebanon,False
2015-09-03,Kuwait,Myanmar,9,0,FIFA World Cup qualification,Doha,Qatar,True
2015-09-08,Laos,Kuwait,0,2,FIFA World Cup qualification,Vientiane,Laos,False
2015-10-08,Kuwait,South Korea,0,1,FIFA World Cup qualification,Kuwait City,Kuwait,False
2015-10-13,Kuwait,Lebanon,0,0,FIFA World Cup qualification,Kuwait City,Kuwait,False
2015-11-17,Myanmar,Kuwait,3,0,FIFA World Cup qualification,Bangkok,Thailand,True
2017-12-18,Bahrain,Kuwait,0,0,Friendly,Riffa,Bahrain,False
2017-12-22,Kuwait,Saudi Arabia,1,2,Gulf Cup,Kuwait City,Kuwait,False
2017-12-25,Kuwait,Oman,0,1,Gulf Cup,Kuwait City,Kuwait,False
2017-12-28,Kuwait,United Arab Emirates,0,0,Gulf Cup,Kuwait City,Kuwait,False
2018-03-21,Jordan,Kuwait,1,0,Friendly,Amman,Jordan,False
2018-03-25,Kuwait,Cameroon,1,3,Friendly,Kuwait City,Kuwait,False
2018-05-11,Kuwait,Palestine,2,0,Friendly,Kuwait City,Kuwait,False
2018-05-25,Kuwait,Egypt,1,1,Friendly,Kuwait City,Kuwait,False
2018-09-10,Kuwait,Iraq,2,2,Friendly,Al Farwaniyah,Kuwait,False
2018-10-11,Kuwait,Lebanon,1,0,Friendly,Kuwait City,Kuwait,False
2018-10-15,Kuwait,Australia,0,4,Friendly,Kuwait City,Kuwait,False
2018-11-20,Kuwait,Syria,1,2,Friendly,Al Farwaniyah,Kuwait,False
2018-12-28,United Arab Emirates,Kuwait,0,2,Friendly,Dubai,United Arab Emirates,False
2019-03-21,Kuwait,Nepal,0,0,Friendly,Al Ahmadi,Kuwait,False
2019-03-25,Kuwait,Nepal,1,0,Friendly,Al Ahmadi,Kuwait,False
2019-08-04,Saudi Arabia,Kuwait,1,2,WAFF Championship,Erbil,Iraq,True
2019-08-07,Kuwait,Jordan,1,1,WAFF Championship,Erbil,Iraq,True
2019-08-10,Kuwait,Bahrain,0,1,WAFF Championship,Erbil,Iraq,True
2019-09-05,Kuwait,Nepal,7,0,FIFA World Cup qualification,Kuwait City,Kuwait,False
2019-09-10,Kuwait,Australia,0,3,FIFA World Cup qualification,Kuwait City,Kuwait,False
2019-10-10,Jordan,Kuwait,0,0,FIFA World Cup qualification,Amman,Jordan,False
2019-10-15,Kuwait,Turkmenistan,1,1,Friendly,Kuwait City,Kuwait,False
2019-11-14,Kuwait,Taiwan,9,0,FIFA World Cup qualification,Kuwait City,Kuwait,False
2019-11-19,Nepal,Kuwait,0,1,FIFA World Cup qualification,Thimphu,Bhutan,True
2019-11-27,Saudi Arabia,Kuwait,1,3,Gulf Cup,Doha,Qatar,True
2019-11-30,Kuwait,Oman,1,2,Gulf Cup,Doha,Qatar,True
2019-12-02,Kuwait,Bahrain,2,4,Gulf Cup,Doha,Qatar,True
2021-01-18,Kuwait,Palestine,0,1,Friendly,Kuwait City,Kuwait,False
2021-01-27,Iraq,Kuwait,2,1,Friendly,Basra,Iraq,False
2021-03-25,Saudi Arabia,Kuwait,1,0,Friendly,Riyadh,Saudi Arabia,False
2021-03-29,Kuwait,Lebanon,1,1,Friendly,Dubai,United Arab Emirates,True
2021-06-03,Kuwait,Australia,0,3,FIFA World Cup qualification,Kuwait City,Kuwait,False
2021-06-11,Kuwait,Jordan,0,0,FIFA World Cup qualification,Kuwait City,Kuwait,False
2021-06-15,Kuwait,Taiwan,2,1,FIFA World Cup qualification,Kuwait City,Kuwait,False
2021-06-25,Bahrain,Kuwait,2,0,Arab Cup qualification,Doha,Qatar,True
2021-09-04,Bosnia and Herzegovina,Kuwait,1,0,Friendly,Zenica,Bosnia and Herzegovina,False
2021-11-11,Czech Republic,Kuwait,7,0,Friendly,Olomouc,Czech Republic,False
2021-11-15,Lithuania,Kuwait,1,1,Friendly,Vilnius,Lithuania,False
2022-01-29,Kuwait,Libya,2,0,Friendly,Kuwait City,Kuwait,False
2022-02-01,Kuwait,Libya,0,2,Friendly,Kuwait City,Kuwait,False
2022-03-25,Latvia,Kuwait,1,1,Friendly,Ta' Qali,Malta,True
2022-03-29,Malta,Kuwait,2,0,Friendly,Ta' Qali,Malta,False
2022-06-01,Kuwait,Singapore,2,0,Friendly,Abu Dhabi,United Arab Emirates,True
2022-06-08,Kuwait,Indonesia,1,2,AFC Asian Cup qualification,Kuwait City,Kuwait,False
2022-06-11,Kuwait,Nepal,4,1,AFC Asian Cup qualification,Kuwait City,Kuwait,False
2022-06-14,Kuwait,Jordan,0,3,AFC Asian Cup qualification,Kuwait City,Kuwait,False
2022-11-19,Kuwait,Lebanon,2,0,Friendly,Dubai,United Arab Emirates,True
2022-12-30,Iraq,Kuwait,1,0,Friendly,Basra,Iraq,False
2023-01-07,Kuwait,Qatar,0,2,Gulf Cup,Basra,Iraq,True
2023-01-10,United Arab Emirates,Kuwait,0,1,Gulf Cup,Basra,Iraq,True
2023-01-13,Bahrain,Kuwait,1,1,Gulf Cup,Basra,Iraq,True
2023-03-24,Kuwait,Philippines,2,0,Friendly,Kuwait City,Kuwait,False
2023-03-28,Kuwait,Tajikistan,2,1,Friendly,Kuwait City,Kuwait,False
2023-06-21,Kuwait,Nepal,3,1,SAFF Cup,Bengaluru,India,True
2023-06-24,Pakistan,Kuwait,0,4,SAFF Cup,Bengaluru,India,True
2023-06-27,India,Kuwait,1,1,SAFF Cup,Bengaluru,India,False
2023-07-01,Kuwait,Bangladesh,1,0,SAFF Cup,Bengaluru,India,True
2023-07-04,India,Kuwait,1,1,SAFF Cup,Bengaluru,India,False
2023-09-07,Bahrain,Kuwait,1,3,Friendly,Dubai,United Arab Emirates,True
2023-09-11,Kuwait,Kyrgyzstan,1,3,Friendly,Dubai,United Arab Emirates,True
2023-10-17,Syria,Kuwait,1,2,Friendly,Dubai,United Arab Emirates,True
2023-10-23,United Arab Emirates,Kuwait,1,0,Friendly,Dubai,United Arab Emirates,False
2023-11-16,Kuwait,India,0,1,FIFA World Cup qualification,Kuwait City,Kuwait,False
2023-11-21,Afghanistan,Kuwait,0,4,FIFA World Cup qualification,Dammam,Saudi Arabia,True
2024-01-12,Kuwait,Libya,1,3,Friendly,Cairo,Egypt,True
2024-01-19,Kuwait,Uganda,0,2,Friendly,Cairo,Egypt,True
2024-03-21,Qatar,Kuwait,3,0,FIFA World Cup qualification,Doha,Qatar,False
2024-03-26,Kuwait,Qatar,1,2,FIFA World Cup qualification,Al Farwaniyah,Kuwait,False
2024-06-06,India,Kuwait,0,0,FIFA World Cup qualification,Kolkota,India,False
2024-06-11,Kuwait,Afghanistan,1,0,FIFA World Cup qualification,Kuwait City,Kuwait,False
2024-09-05,Jordan,Kuwait,1,1,FIFA World Cup qualification,Amman,Jordan,False
2024-09-10,Kuwait,Iraq,0,0,FIFA World Cup qualification,Kuwait City,Kuwait,False
2024-10-10,Oman,Kuwait,4,0,FIFA World Cup qualification,Muscat,Oman,False
2024-10-15,Palestine,Kuwait,2,2,FIFA World Cup qualification,Al Rayyan,Qatar,True
2024-11-14,Kuwait,South Korea,1,3,FIFA World Cup qualification,Kuwait City,Kuwait,False
2024-11-19,Kuwait,Jordan,1,1,FIFA World Cup qualification,Kuwait City,Kuwait,False
2024-12-21,Kuwait,Oman,1,1,Gulf Cup,Kuwait City,Kuwait,False
2024-12-24,Kuwait,United Arab Emirates,2,1,Gulf Cup,Kuwait City,Kuwait,False
2024-12-27,Kuwait,Qatar,1,1,Gulf Cup,Kuwait City,Kuwait,False
2024-12-31,Kuwait,Bahrain,0,1,Gulf Cup,Kuwait City,Kuwait,False
2025-03-20,Iraq,Kuwait,2,2,FIFA World Cup qualification,Basra,Iraq,False
2025-03-25,Kuwait,Oman,0,1,FIFA World Cup qualification,Kuwait City,Kuwait,False
