Date,Home_team,Away_team,home_score,away_score,Match_type,venue_city,venue_country,neutral_venue
1953-04-11,Singapore,South Korea,2,3,Friendly,Kallang,Singapore,False
1953-04-18,Singapore,South Korea,3,1,Friendly,Kallang,Singapore,False
1953-04-19,Singapore,South Korea,1,3,Friendly,Kallang,Singapore,False
1953-04-24,Singapore,South Korea,0,0,Friendly,Kallang,Singapore,False
1953-06-20,Singapore,Philippines,3,1,Friendly,Kallang,Singapore,False
1954-04-25,Singapore,Pakistan,2,2,Friendly,Kallang,Singapore,False
1954-05-02,Singapore,Pakistan,2,6,Asian Games,Manila,Philippines,True
1954-05-04,Myanmar,Singapore,1,1,Asian Games,Manila,Philippines,True
1956-09-12,Singapore,Pakistan,1,1,Friendly,Kallang,Singapore,False
1956-12-13,Singapore,Bulgaria,2,10,Friendly,Kallang,Singapore,False
1957-02-09,Singapore,India,2,3,Friendly,Kallang,Singapore,False
1957-08-31,Singapore,Vietnam Republic,5,5,Merdeka Tournament,Kuala Lumpur,Malaya,True
1957-09-01,Singapore,Vietnam Republic,1,2,Merdeka Tournament,Kuala Lumpur,Malaya,True
1957-09-03,Singapore,Thailand,6,0,Merdeka Tournament,Kuala Lumpur,Malaya,True
1957-09-05,Cambodia,Singapore,1,1,Merdeka Tournament,Kuala Lumpur,Malaya,True
1957-09-07,Myanmar,Singapore,2,3,Merdeka Tournament,Kuala Lumpur,Malaya,True
1957-09-10,Singapore,Myanmar,2,1,Friendly,Singapore,Singapore,False
1958-03-01,Malaysia,Singapore,5,2,Friendly,Kuala Lumpur,Malaya,False
1958-03-02,Malaysia,Singapore,3,1,Friendly,Kuala Lumpur,Malaya,False
1958-05-03,Singapore,Malaysia,3,3,Friendly,Kallang,Singapore,False
1958-05-04,Singapore,Malaysia,0,3,Friendly,Kallang,Singapore,False
1958-05-17,Singapore,Pakistan,4,4,Friendly,Kallang,Singapore,False
1958-05-26,South Korea,Singapore,2,1,Asian Games,Tokyo,Japan,True
1958-05-28,Singapore,Israel,1,2,Asian Games,Tokyo,Japan,True
1958-07-02,Singapore,Indonesia,0,5,Friendly,Kallang,Singapore,False
1958-08-30,Singapore,Vietnam Republic,4,4,Merdeka Tournament,Kuala Lumpur,Malaya,True
1958-08-31,Indonesia,Singapore,2,0,Merdeka Tournament,Kuala Lumpur,Malaya,True
1958-09-02,Malaysia,Singapore,0,0,Merdeka Tournament,Kuala Lumpur,Malaya,True
1959-01-10,Singapore,Japan,3,4,Friendly,Kallang,Singapore,False
1959-01-11,Singapore,Japan,3,2,Friendly,Kallang,Singapore,False
1959-05-09,Singapore,Vietnam Republic,1,4,AFC Asian Cup qualification,Kallang,Singapore,False
1959-05-11,Singapore,Malaysia,2,5,AFC Asian Cup qualification,Kallang,Singapore,False
1959-08-31,India,Singapore,2,0,Merdeka Tournament,Kuala Lumpur,Malaya,True
1959-09-02,South Korea,Singapore,4,1,Merdeka Tournament,Kuala Lumpur,Malaya,True
1959-09-03,Japan,Singapore,4,1,Merdeka Tournament,Kuala Lumpur,Malaya,True
1959-09-11,Singapore,India,2,3,Friendly,Kallang,Singapore,False
1959-09-13,Singapore,South Korea,0,4,Friendly,Kallang,Singapore,False
1960-05-05,Singapore,India,3,0,Friendly,Kallang,Singapore,False
1960-08-07,Vietnam Republic,Singapore,2,1,Merdeka Tournament,Kuala Lumpur,Malaya,True
1960-08-08,Indonesia,Singapore,8,3,Merdeka Tournament,Kuala Lumpur,Malaya,True
1960-08-11,South Korea,Singapore,3,3,Merdeka Tournament,Kuala Lumpur,Malaya,True
1960-08-19,Singapore,Pakistan,4,1,Friendly,Kallang,Singapore,False
1961-08-02,Indonesia,Singapore,1,0,Merdeka Tournament,Kuala Lumpur,Malaya,True
1961-08-12,Singapore,Thailand,5,3,Merdeka Tournament,Kuala Lumpur,Malaya,True
1961-08-13,Singapore,Vietnam Republic,1,2,Merdeka Tournament,Kuala Lumpur,Malaya,True
1962-06-09,Singapore,Hong Kong,2,6,Friendly,Kallang,Singapore,False
1962-07-12,Singapore,Indonesia,1,2,Friendly,Kallang,Singapore,False
1962-07-27,Singapore,Taiwan,2,2,Friendly,Kallang,Singapore,False
1962-09-11,Indonesia,Singapore,2,0,Merdeka Tournament,Kuala Lumpur,Malaya,True
1962-09-13,Philippines,Singapore,0,5,Merdeka Tournament,Kuala Lumpur,Malaya,True
1962-09-17,Singapore,Vietnam Republic,2,2,Merdeka Tournament,Kuala Lumpur,Malaya,True
1962-09-21,Singapore,Japan,2,1,Friendly,Kallang,Singapore,False
1963-11-20,Hong Kong,Singapore,3,4,Friendly,So Kon Po,Hong Kong,False
1964-03-03,Singapore,Japan,1,2,Friendly,Kallang,Singapore,False
1964-07-04,Singapore,Hong Kong,1,1,Friendly,Kallang,Singapore,False
1964-07-05,Singapore,Hong Kong,2,1,Friendly,Kallang,Singapore,False
1965-03-25,Singapore,Japan,1,4,Friendly,Kallang,Singapore,False
1965-08-31,Singapore,India,1,2,Friendly,Kallang,Singapore,False
1965-12-05,Hong Kong,Singapore,0,0,Friendly,So Kon Po,Hong Kong,False
1965-12-07,Hong Kong,Singapore,1,2,Friendly,So Kon Po,Hong Kong,False
1965-12-15,Myanmar,Singapore,1,0,Southeast Asian Peninsular Games,Kuala Lumpur,Malaysia,True
1965-12-16,Vietnam Republic,Singapore,5,1,Southeast Asian Peninsular Games,Kuala Lumpur,Malaysia,True
1966-08-13,Myanmar,Singapore,2,2,Merdeka Tournament,Kuala Lumpur,Malaysia,True
1966-08-20,Singapore,Taiwan,4,1,Merdeka Tournament,Ipoh,Malaysia,True
1966-08-20,Singapore,Vietnam Republic,1,2,Merdeka Tournament,Ipoh,Malaysia,True
1966-08-22,India,Singapore,0,1,Merdeka Tournament,Kuala Lumpur,Malaysia,True
1966-08-25,Singapore,Japan,0,1,Merdeka Tournament,Kuala Lumpur,Malaysia,True
1966-08-29,Singapore,Vietnam Republic,2,2,Friendly,Kallang,Singapore,False
1966-08-31,Singapore,South Korea,1,3,Friendly,Kallang,Singapore,False
1966-12-10,Indonesia,Singapore,3,0,Asian Games,Bangkok,Thailand,True
1966-12-13,Singapore,Taiwan,3,3,Asian Games,Bangkok,Thailand,True
1966-12-14,Singapore,Vietnam Republic,5,0,Asian Games,Bangkok,Thailand,True
1966-12-15,Thailand,Singapore,0,2,Asian Games,Bangkok,Thailand,False
1966-12-16,Japan,Singapore,5,1,Asian Games,Bangkok,Thailand,True
1966-12-18,Myanmar,Singapore,2,0,Asian Games,Bangkok,Thailand,True
1966-12-19,Japan,Singapore,2,0,Asian Games,Bangkok,Thailand,True
1967-04-02,Vietnam Republic,Singapore,3,0,AFC Asian Cup qualification,So Kon Po,Hong Kong,True
1967-08-11,Singapore,Taiwan,3,3,Merdeka Tournament,Kuala Lumpur,Malaysia,True
1967-08-13,Indonesia,Singapore,4,1,Merdeka Tournament,Ipoh,Malaysia,True
1967-08-15,Myanmar,Singapore,3,0,Merdeka Tournament,Ipoh,Malaysia,True
1967-08-20,South Korea,Singapore,3,0,Merdeka Tournament,Kuala Lumpur,Malaysia,True
1967-08-24,Singapore,Western Australia,3,5,Merdeka Tournament,Kuala Lumpur,Malaysia,True
1967-08-28,Singapore,Vietnam Republic,1,0,Friendly,Kallang,Singapore,False
1967-10-07,Singapore,Hong Kong,4,0,Friendly,Kallang,Singapore,False
1967-11-04,Vietnam Republic,Singapore,2,0,Vietnam Independence Cup,Saigon,Vietnam Republic,False
1967-11-08,New Zealand,Singapore,3,1,Vietnam Independence Cup,Saigon,Vietnam Republic,True
1967-11-11,Australia,Singapore,5,1,Vietnam Independence Cup,Saigon,Vietnam Republic,True
1968-08-11,Singapore,Taiwan,0,2,Merdeka Tournament,Ipoh,Malaysia,True
1968-08-12,South Korea,Singapore,3,2,Merdeka Tournament,Ipoh,Malaysia,True
1968-08-15,Indonesia,Singapore,4,0,Merdeka Tournament,Kuala Lumpur,Malaysia,True
1968-08-18,Singapore,Western Australia,4,4,Merdeka Tournament,Ipoh,Malaysia,True
1968-08-27,Singapore,South Korea,4,3,Friendly,Kallang,Singapore,False
1968-08-28,Singapore,Vietnam Republic,1,0,Friendly,Kallang,Singapore,False
1968-08-30,Singapore,Indonesia,1,0,Friendly,Kallang,Singapore,False
1968-11-20,Thailand,Singapore,3,0,King's Cup,Bangkok,Thailand,False
1968-11-22,Myanmar,Singapore,2,0,King's Cup,Bangkok,Thailand,True
1968-11-26,Indonesia,Singapore,7,0,King's Cup,Bangkok,Thailand,True
1969-09-16,Singapore,New Zealand,0,2,Friendly,Kallang,Singapore,False
1969-10-31,Myanmar,Singapore,3,1,Merdeka Tournament,Kuala Lumpur,Malaysia,True
1969-11-02,Singapore,Western Australia,4,2,Merdeka Tournament,Kuala Lumpur,Malaysia,True
1969-11-04,India,Singapore,3,0,Merdeka Tournament,Ipoh,Malaysia,True
1969-11-06,Indonesia,Singapore,9,2,Merdeka Tournament,Kuala Lumpur,Malaysia,True
1969-11-09,Myanmar,Singapore,9,0,Merdeka Tournament,Kuala Lumpur,Malaysia,True
1969-11-11,Singapore,India,7,3,Friendly,Kallang,Singapore,False
1969-11-19,Indonesia,Singapore,2,3,King's Cup,Bangkok,Thailand,True
1969-11-21,Singapore,Western Australia,1,3,King's Cup,Bangkok,Thailand,True
1969-11-23,Singapore,Vietnam Republic,1,1,King's Cup,Bangkok,Thailand,True
1970-06-20,Malaysia,Singapore,5,0,Indonesia Tournament,Jakarta,Indonesia,True
1970-06-21,South Korea,Singapore,8,0,Indonesia Tournament,Jakarta,Indonesia,True
1970-08-01,Indonesia,Singapore,3,1,Merdeka Tournament,Kuala Lumpur,Malaysia,True
1970-08-04,South Korea,Singapore,4,0,Merdeka Tournament,George Town,Malaysia,True
1970-08-06,Hong Kong,Singapore,3,2,Merdeka Tournament,Kuala Lumpur,Malaysia,True
1970-08-08,Singapore,Thailand,4,5,Merdeka Tournament,Kuala Lumpur,Malaysia,True
1970-08-10,Japan,Singapore,4,0,Merdeka Tournament,Kuala Lumpur,Malaysia,True
1970-08-13,Singapore,Vietnam Republic,0,4,Merdeka Tournament,Kuala Lumpur,Malaysia,True
1970-08-19,Singapore,India,3,8,Friendly,Kallang,Singapore,False
1970-11-08,Hong Kong,Singapore,0,1,King's Cup,Bangkok,Thailand,True
1970-11-10,Thailand,Singapore,3,1,King's Cup,Bangkok,Thailand,False
1970-11-14,Laos,Singapore,3,0,King's Cup,Bangkok,Thailand,True
1970-11-16,South Korea,Singapore,4,0,King's Cup,Bangkok,Thailand,True
1971-06-05,Indonesia,Singapore,3,0,Indonesia Tournament,Jakarta,Indonesia,False
1971-06-09,Myanmar,Singapore,6,0,Indonesia Tournament,Jakarta,Indonesia,True
1971-08-05,Hong Kong,Singapore,1,2,Merdeka Tournament,Kuala Lumpur,Malaysia,True
1971-08-07,Myanmar,Singapore,0,1,Merdeka Tournament,Kuala Lumpur,Malaysia,True
1971-08-10,India,Singapore,2,2,Merdeka Tournament,Kuala Lumpur,Malaysia,True
1971-08-13,Indonesia,Singapore,4,0,Merdeka Tournament,Ipoh,Malaysia,True
1971-08-15,Philippines,Singapore,4,4,Merdeka Tournament,Kuala Lumpur,Malaysia,True
1971-08-23,Singapore,Malaysia,2,4,Friendly,Kallang,Singapore,False
1971-08-27,Singapore,Indonesia,3,2,Friendly,Kallang,Singapore,False
1971-10-28,Singapore,Thailand,0,1,Vietnam Independence Cup,Saigon,Vietnam Republic,True
1971-10-30,Malaysia,Singapore,1,1,Vietnam Independence Cup,Saigon,Vietnam Republic,True
1971-10-31,Singapore,Thailand,3,1,Vietnam Independence Cup,Saigon,Vietnam Republic,True
1971-11-07,Thailand,Singapore,2,0,King's Cup,Bangkok,Thailand,False
1971-11-09,Singapore,Vietnam Republic,4,5,King's Cup,Bangkok,Thailand,True
1971-12-14,Vietnam Republic,Singapore,3,1,Southeast Asian Peninsular Games,Kuala Lumpur,Malaysia,True
1971-12-15,Myanmar,Singapore,8,1,Southeast Asian Peninsular Games,Kuala Lumpur,Malaysia,True
1972-06-06,Cambodia,Singapore,3,0,Indonesia Tournament,Jakarta,Indonesia,True
1972-06-08,Philippines,Singapore,2,0,Indonesia Tournament,Jakarta,Indonesia,True
1972-06-23,Singapore,Sri Lanka,3,1,Friendly,Kallang,Singapore,False
1972-07-13,Indonesia,Singapore,0,0,Merdeka Tournament,Kuala Lumpur,Malaysia,True
1972-07-15,Singapore,Thailand,0,2,Merdeka Tournament,Kuala Lumpur,Malaysia,True
1972-07-17,Hong Kong,Singapore,4,1,Merdeka Tournament,Kuala Lumpur,Malaysia,True
1972-07-19,South Korea,Singapore,4,1,Merdeka Tournament,Ipoh,Malaysia,True
1972-07-25,Singapore,Sri Lanka,6,1,Merdeka Tournament,Kuala Lumpur,Malaysia,True
1972-08-02,Singapore,Sri Lanka,6,1,Friendly,Kallang,Singapore,False
1972-08-06,Singapore,Hong Kong,0,2,Friendly,Kallang,Singapore,False
1972-09-23,Philippines,Singapore,0,5,Korea Cup,Seoul,South Korea,True
1972-09-25,Myanmar,Singapore,1,0,Korea Cup,Seoul,South Korea,True
1972-09-28,Singapore,Thailand,1,4,Korea Cup,Seoul,South Korea,True
1972-10-05,Hong Kong,Singapore,2,3,Friendly,So Kon Po,Hong Kong,False
1972-10-28,Cambodia,Singapore,0,1,Vietnam Independence Cup,Saigon,Vietnam Republic,True
1972-10-29,Vietnam Republic,Singapore,4,1,Vietnam Independence Cup,Saigon,Vietnam Republic,False
1972-11-01,Malaysia,Singapore,1,3,Vietnam Independence Cup,Saigon,Vietnam Republic,True
1972-11-18,Thailand,Singapore,4,0,King's Cup,Bangkok,Thailand,False
1972-11-20,Indonesia,Singapore,1,2,King's Cup,Bangkok,Thailand,True
1972-11-22,Malaysia,Singapore,2,0,King's Cup,Bangkok,Thailand,True
1972-11-24,South Korea,Singapore,2,0,King's Cup,Bangkok,Thailand,True
1972-11-28,South Korea,Singapore,0,0,King's Cup,Bangkok,Thailand,True
1973-07-26,Cambodia,Singapore,1,1,Merdeka Tournament,Kuala Lumpur,Malaysia,True
1973-07-28,Kuwait,Singapore,2,0,Merdeka Tournament,Ipoh,Malaysia,True
1973-07-30,Myanmar,Singapore,1,0,Merdeka Tournament,Kuala Lumpur,Malaysia,True
1973-08-02,Bangladesh,Singapore,1,1,Merdeka Tournament,Ipoh,Malaysia,True
1973-08-05,Singapore,Vietnam Republic,0,1,Merdeka Tournament,Kuala Lumpur,Malaysia,True
1973-08-10,Cambodia,Singapore,0,3,Merdeka Tournament,Kuala Lumpur,Malaysia,True
1973-08-13,Singapore,Bangladesh,0,1,Friendly,Kallang,Singapore,False
1973-08-15,Singapore,India,4,5,Friendly,Kallang,Singapore,False
1973-09-01,Singapore,Thailand,1,0,Southeast Asian Peninsular Games,Singapore,Singapore,False
1973-09-04,Singapore,Malaysia,0,0,Southeast Asian Peninsular Games,Singapore,Singapore,False
1973-09-04,Singapore,Malaysia,0,3,Southeast Asian Peninsular Games,Singapore,Singapore,False
1973-09-06,Singapore,Vietnam Republic,1,1,Southeast Asian Peninsular Games,Singapore,Singapore,False
1973-11-03,Malaysia,Singapore,2,1,Vietnam Independence Cup,Saigon,Vietnam Republic,True
1973-11-04,Vietnam Republic,Singapore,4,2,Vietnam Independence Cup,Saigon,Vietnam Republic,False
1973-12-15,Laos,Singapore,3,2,King's Cup,Bangkok,Thailand,True
1973-12-17,Myanmar,Singapore,6,1,King's Cup,Bangkok,Thailand,True
1973-12-19,Thailand,Singapore,3,0,King's Cup,Bangkok,Thailand,False
1974-02-12,Singapore,Japan,0,1,Friendly,Kallang,Singapore,False
1974-07-28,Indonesia,Singapore,5,0,Merdeka Tournament,Ipoh,Malaysia,True
1974-07-30,Singapore,Thailand,1,1,Merdeka Tournament,Ipoh,Malaysia,True
1974-08-07,Singapore,Hong Kong,0,1,Friendly,Kallang,Singapore,False
1974-11-03,Singapore,China PR,1,1,Friendly,Kallang,Singapore,False
1974-12-10,Laos,Singapore,0,2,King's Cup,Bangkok,Thailand,True
1974-12-12,Malaysia,Singapore,0,0,King's Cup,Bangkok,Thailand,True
1974-12-14,Thailand,Singapore,2,1,King's Cup,Bangkok,Thailand,False
1975-06-19,North Korea,Singapore,1,0,AFC Asian Cup qualification,So Kon Po,Hong Kong,True
1975-11-09,Singapore,New Zealand,2,2,Friendly,Kallang,Singapore,False
1975-12-10,Myanmar,Singapore,1,0,Southeast Asian Peninsular Games,Thailand,Thailand,True
1975-12-12,Thailand,Singapore,2,2,Southeast Asian Peninsular Games,Thailand,Thailand,False
1975-12-15,Myanmar,Singapore,2,2,Southeast Asian Peninsular Games,Thailand,Thailand,True
1975-12-21,Malaysia,Singapore,0,0,King's Cup,Bangkok,Thailand,True
1975-12-24,Myanmar,Singapore,6,0,King's Cup,Bangkok,Thailand,True
1975-12-26,Thailand,Singapore,0,1,King's Cup,Bangkok,Thailand,False
1975-12-30,South Korea,Singapore,5,0,King's Cup,Bangkok,Thailand,True
1976-09-13,Malaysia,Singapore,4,1,Korea Cup,Seoul,South Korea,True
1976-09-15,India,Singapore,1,2,Korea Cup,Seoul,South Korea,True
1976-09-17,South Korea,Singapore,7,0,Korea Cup,Seoul,South Korea,False
1976-10-22,Singapore,Australia,0,1,Friendly,Kallang,Singapore,False
1976-12-17,South Korea,Singapore,4,0,King's Cup,Bangkok,Thailand,True
1976-12-19,Thailand,Singapore,6,0,King's Cup,Bangkok,Thailand,False
1977-02-14,Singapore,South Korea,0,4,Friendly,Kallang,Singapore,False
1977-02-27,Singapore,Thailand,2,0,FIFA World Cup qualification,Kallang,Singapore,False
1977-03-02,Singapore,Hong Kong,2,2,FIFA World Cup qualification,Kallang,Singapore,False
1977-03-06,Singapore,Malaysia,1,0,FIFA World Cup qualification,Kallang,Singapore,False
1977-03-09,Singapore,Indonesia,0,4,FIFA World Cup qualification,Kallang,Singapore,False
1977-03-12,Singapore,Hong Kong,0,1,FIFA World Cup qualification,Kallang,Singapore,False
1977-10-28,Thailand,Singapore,2,0,King's Cup,Bangkok,Thailand,False
1977-11-01,Malaysia,Singapore,4,3,King's Cup,Bangkok,Thailand,True
1977-11-04,India,Singapore,2,1,King's Cup,Bangkok,Thailand,True
1977-11-13,Singapore,Australia,0,2,Friendly,Kallang,Singapore,False
1977-11-20,Thailand,Singapore,2,0,Southeast Asian Games,Kuala Lumpur,Malaysia,True
1977-11-21,Myanmar,Singapore,5,1,Southeast Asian Games,Kuala Lumpur,Malaysia,True
1978-04-26,Malaysia,Singapore,0,1,King's Cup,Bangkok,Thailand,True
1978-05-03,Thailand,Singapore,2,2,King's Cup,Bangkok,Thailand,False
1978-06-16,Malaysia,Singapore,1,1,Indonesia Tournament,Jakarta,Indonesia,True
1978-06-17,Singapore,Thailand,1,3,Indonesia Tournament,Jakarta,Indonesia,True
1978-06-21,Indonesia,Singapore,2,2,Indonesia Tournament,Jakarta,Indonesia,False
1978-07-14,Malaysia,Singapore,6,0,Merdeka Tournament,Kuala Lumpur,Malaysia,False
1978-07-16,South Korea,Singapore,2,0,Merdeka Tournament,Kuala Lumpur,Malaysia,True
1978-07-18,Singapore,Thailand,1,2,Merdeka Tournament,Kuala Lumpur,Malaysia,True
1978-07-20,Iraq,Singapore,3,0,Merdeka Tournament,Kuala Lumpur,Malaysia,True
1978-07-23,Japan,Singapore,1,2,Merdeka Tournament,Kuala Lumpur,Malaysia,True
1978-07-25,Singapore,Syria,4,1,Merdeka Tournament,Kuala Lumpur,Malaysia,True
1978-07-27,Indonesia,Singapore,0,0,Merdeka Tournament,Kuala Lumpur,Malaysia,True
1978-10-01,Singapore,New Zealand,0,2,Friendly,Kallang,Singapore,False
1979-06-30,Indonesia,Singapore,0,0,Merdeka Tournament,Kuala Lumpur,Malaysia,True
1979-07-05,Singapore,Thailand,1,1,Merdeka Tournament,Kuala Lumpur,Malaysia,True
1979-07-09,Malaysia,Singapore,3,0,Merdeka Tournament,Kuala Lumpur,Malaysia,False
1979-07-11,Myanmar,Singapore,4,1,Merdeka Tournament,Kuala Lumpur,Malaysia,True
1979-07-13,Japan,Singapore,3,1,Merdeka Tournament,Kuala Lumpur,Malaysia,True
1979-09-22,Indonesia,Singapore,3,0,Southeast Asian Games,Jakarta,Indonesia,False
1979-09-23,Singapore,Malaysia,0,2,Southeast Asian Games,Jakarta,Indonesia,True
1979-09-25,Singapore,Thailand,2,2,Southeast Asian Games,Jakarta,Indonesia,True
1979-09-26,Myanmar,Singapore,1,2,Southeast Asian Games,Jakarta,Indonesia,True
1979-11-17,Singapore,Sweden,0,5,Friendly,Kallang,Singapore,False
1980-09-09,Singapore,South Korea,0,2,Friendly,Kallang,Singapore,False
1980-11-20,Brunei,Singapore,0,3,King's Cup,Bangkok,Thailand,True
1980-11-25,Singapore,Western Australia,1,1,King's Cup,Bangkok,Thailand,True
1980-12-22,Singapore,Japan,0,1,FIFA World Cup qualification,So Kon Po,Hong Kong,True
1980-12-24,Hong Kong,Singapore,1,1,FIFA World Cup qualification,So Kon Po,Hong Kong,False
1980-12-26,Singapore,North Korea,0,1,FIFA World Cup qualification,So Kon Po,Hong Kong,True
1981-02-17,Singapore,Japan,0,1,Friendly,Kallang,Singapore,False
1981-02-19,Singapore,Japan,0,0,Friendly,Kallang,Singapore,False
1981-04-05,Singapore,Malaysia,1,1,Friendly,Kallang,Singapore,False
1981-04-17,Malaysia,Singapore,1,2,Friendly,Kuala Lumpur,Malaysia,False
1981-09-01,Singapore,Thailand,1,3,Merdeka Tournament,Kuala Lumpur,Malaysia,True
1981-09-04,South Korea,Singapore,2,0,Merdeka Tournament,Kuala Lumpur,Malaysia,True
1981-09-16,Iraq,Singapore,4,0,Merdeka Tournament,Kuala Lumpur,Malaysia,True
1981-11-09,Thailand,Singapore,2,1,King's Cup,Bangkok,Thailand,False
1981-11-11,Malaysia,Singapore,0,1,King's Cup,Chonburi,Thailand,True
1981-11-17,Pakistan,Singapore,1,0,King's Cup,Bangkok,Thailand,True
1981-12-07,Indonesia,Singapore,1,0,Southeast Asian Games,Manila,Philippines,True
1981-12-09,Philippines,Singapore,0,4,Southeast Asian Games,Manila,Philippines,False
1981-12-13,Malaysia,Singapore,1,1,Southeast Asian Games,Manila,Philippines,True
1981-12-14,Indonesia,Singapore,2,0,Southeast Asian Games,Manila,Philippines,True
1982-01-17,Singapore,Bahrain,2,0,Friendly,Kallang,Singapore,False
1982-03-10,United Arab Emirates,Singapore,3,0,Friendly,Abu Dhabi,United Arab Emirates,False
1982-03-12,United Arab Emirates,Singapore,5,3,Friendly,Abu Dhabi,United Arab Emirates,False
1982-05-01,Thailand,Singapore,1,1,King's Cup,Bangkok,Thailand,False
1982-05-05,Nepal,Singapore,0,2,King's Cup,Bangkok,Thailand,True
1982-05-06,Philippines,Singapore,0,1,King's Cup,Bangkok,Thailand,True
1982-05-13,Thailand,Singapore,1,0,King's Cup,Bangkok,Thailand,False
1982-05-15,Thailand,Singapore,2,2,King's Cup,Bangkok,Thailand,False
1982-06-02,Japan,Singapore,2,0,Kirin Cup,Hiroshima,Japan,False
1982-08-07,Singapore,Ghana,0,3,Merdeka Tournament,Kuala Lumpur,Malaysia,True
1982-08-12,Singapore,India,3,0,Merdeka Tournament,George Town,Malaysia,True
1982-08-14,Singapore,Thailand,2,0,Merdeka Tournament,Kuala Lumpur,Malaysia,True
1982-10-05,Singapore,Malaysia,0,1,Merlion Cup,Kallang,Singapore,False
1982-10-07,Singapore,Brunei,7,0,Merlion Cup,Kallang,Singapore,False
1982-11-10,Singapore,Malaysia,3,1,Friendly,Kallang,Singapore,False
1983-05-28,Singapore,Malaysia,2,1,Southeast Asian Games,Singapore,Singapore,False
1983-06-01,Singapore,Philippines,5,0,Southeast Asian Games,Singapore,Singapore,False
1983-06-04,Singapore,Brunei,4,0,Southeast Asian Games,Singapore,Singapore,False
1983-06-06,Singapore,Thailand,1,2,Southeast Asian Games,Singapore,Singapore,False
1983-09-03,Malaysia,Singapore,0,0,Friendly,Kuala Lumpur,Malaysia,False
1983-09-10,Singapore,Malaysia,0,1,Friendly,Kallang,Singapore,False
1983-11-20,Sri Lanka,Singapore,0,4,Friendly,Colombo,Sri Lanka,False
1983-12-11,Singapore,Brunei,4,0,Merlion Cup,Kallang,Singapore,False
1983-12-14,Singapore,China PR,1,0,Merlion Cup,Kallang,Singapore,False
1983-12-17,Singapore,Australia,2,4,Merlion Cup,Kallang,Singapore,False
1984-08-12,Malaysia,Singapore,1,0,Friendly,Kuala Lumpur,Malaysia,False
1984-08-18,Singapore,Malaysia,1,1,Friendly,Kallang,Singapore,False
1984-09-04,Singapore,Qatar,0,1,Friendly,Kallang,Singapore,False
1984-12-02,Singapore,India,2,0,AFC Asian Cup,Kallang,Singapore,False
1984-12-05,Singapore,China PR,0,2,AFC Asian Cup,Kallang,Singapore,False
1984-12-08,Singapore,United Arab Emirates,0,1,AFC Asian Cup,Kallang,Singapore,False
1984-12-10,Singapore,Iran,1,1,AFC Asian Cup,Kallang,Singapore,False
1985-01-19,Singapore,North Korea,1,1,FIFA World Cup qualification,Kallang,Singapore,False
1985-02-23,Singapore,Japan,1,3,FIFA World Cup qualification,Kallang,Singapore,False
1985-05-18,Japan,Singapore,5,0,FIFA World Cup qualification,Tokyo,Japan,False
1985-05-25,North Korea,Singapore,2,0,FIFA World Cup qualification,Nampo,North Korea,False
1985-10-16,Singapore,Brunei,2,1,Merlion Cup,Kallang,Singapore,False
1985-10-20,Singapore,Malaysia,2,0,Merlion Cup,Kallang,Singapore,False
1985-10-23,Singapore,Malaysia,4,0,Merlion Cup,Kallang,Singapore,False
1985-12-09,Indonesia,Singapore,0,1,Southeast Asian Games,Bangkok,Thailand,True
1985-12-13,Singapore,Brunei,3,0,Southeast Asian Games,Bangkok,Thailand,True
1985-12-15,Singapore,Malaysia,2,2,Southeast Asian Games,Bangkok,Thailand,True
1985-12-18,Thailand,Singapore,2,0,Southeast Asian Games,Bangkok,Thailand,False
1986-08-24,Singapore,Canada,0,1,Merlion Cup,Kallang,Singapore,False
1986-08-30,Singapore,North Korea,0,2,Merlion Cup,Kallang,Singapore,False
1986-09-01,Singapore,China PR,0,3,Merlion Cup,Kallang,Singapore,False
1986-09-03,Singapore,China PR,1,2,Merlion Cup,Kallang,Singapore,False
1986-09-06,Singapore,Canada,0,1,Merlion Cup,Kallang,Singapore,False
1986-09-07,Singapore,Saudi Arabia,0,4,Friendly,Kallang,Singapore,False
1987-09-10,Singapore,Malaysia,0,0,Southeast Asian Games,Jakarta,Indonesia,True
1988-10-09,Singapore,Qatar,0,1,Friendly,Kallang,Singapore,False
1988-12-09,Oman,Singapore,1,3,Merdeka Tournament,Kuala Lumpur,Malaysia,True
1989-05-13,Singapore,Indonesia,1,2,Friendly,Singapore,Singapore,False
1989-05-23,South Korea,Singapore,3,0,FIFA World Cup qualification,Seoul,South Korea,False
1989-05-25,Malaysia,Singapore,1,0,FIFA World Cup qualification,Seoul,South Korea,True
1989-05-27,Singapore,Nepal,3,0,FIFA World Cup qualification,Seoul,South Korea,True
1989-06-03,Singapore,Malaysia,2,2,FIFA World Cup qualification,Singapore,Singapore,False
1989-06-05,Singapore,Nepal,7,0,FIFA World Cup qualification,Singapore,Singapore,False
1989-06-07,Singapore,South Korea,0,3,FIFA World Cup qualification,Singapore,Singapore,False
1989-08-24,Singapore,Thailand,1,1,Southeast Asian Games,Kuala Lumpur,Malaysia,True
1989-08-26,Singapore,Myanmar,4,0,Southeast Asian Games,Kuala Lumpur,Malaysia,True
1989-08-28,Singapore,Indonesia,1,0,Southeast Asian Games,Kuala Lumpur,Malaysia,True
1989-08-31,Malaysia,Singapore,3,1,Southeast Asian Games,Kuala Lumpur,Malaysia,False
1990-08-18,Indonesia,Singapore,6,0,Friendly,Jakarta,Indonesia,False
1990-09-13,Singapore,Malaysia,3,0,Friendly,Singapore,Singapore,False
1990-09-23,South Korea,Singapore,7,0,Asian Games,Beijing,China PR,True
1990-09-25,China PR,Singapore,5,1,Asian Games,Beijing,China PR,False
1990-09-27,Singapore,Pakistan,6,1,Asian Games,Beijing,China PR,True
1991-10-05,Singapore,Indonesia,2,0,Friendly,Singapore,Singapore,False
1991-11-25,Singapore,Thailand,0,0,Southeast Asian Games,Manila,Philippines,True
1991-11-29,Singapore,Myanmar,2,1,Southeast Asian Games,Manila,Philippines,True
1991-12-02,Indonesia,Singapore,0,0,Southeast Asian Games,Manila,Philippines,True
1991-12-04,Philippines,Singapore,0,2,Southeast Asian Games,Manila,Philippines,False
1992-04-19,Singapore,Malaysia,1,1,AFC Asian Cup qualification,Singapore,Singapore,False
1992-04-22,Singapore,Indonesia,1,2,AFC Asian Cup qualification,Singapore,Singapore,False
1992-04-26,Singapore,China PR,0,1,AFC Asian Cup qualification,Singapore,Singapore,False
1992-12-08,Singapore,Malaysia,3,0,Merlion Cup,Kallang,Singapore,False
1993-02-05,Malaysia,Singapore,2,1,Merdeka Tournament,Kuala Lumpur,Malaysia,False
1993-02-09,Singapore,Thailand,1,1,Merdeka Tournament,Kuala Lumpur,Malaysia,True
1993-04-11,North Korea,Singapore,2,1,FIFA World Cup qualification,Doha,Qatar,True
1993-04-13,Vietnam,Singapore,2,3,FIFA World Cup qualification,Doha,Qatar,True
1993-04-16,Qatar,Singapore,4,1,FIFA World Cup qualification,Doha,Qatar,False
1993-04-18,Indonesia,Singapore,0,2,FIFA World Cup qualification,Doha,Qatar,True
1993-04-22,Singapore,Saudi Arabia,0,3,Friendly,Singapore,Singapore,False
1993-04-26,Singapore,North Korea,1,3,FIFA World Cup qualification,Singapore,Singapore,False
1993-04-28,Singapore,Vietnam,1,0,FIFA World Cup qualification,Singapore,Singapore,False
1993-04-30,Singapore,Qatar,1,0,FIFA World Cup qualification,Singapore,Singapore,False
1993-05-02,Singapore,Indonesia,2,1,FIFA World Cup qualification,Singapore,Singapore,False
1993-06-09,Singapore,Philippines,7,0,Southeast Asian Games,Singapore,Singapore,False
1993-06-11,Singapore,Indonesia,1,1,Southeast Asian Games,Singapore,Singapore,False
1993-06-15,Singapore,Vietnam,2,0,Southeast Asian Games,Singapore,Singapore,False
1993-06-17,Singapore,Myanmar,3,3,Southeast Asian Games,Singapore,Singapore,False
1993-06-19,Singapore,Indonesia,3,1,Southeast Asian Games,Singapore,Singapore,False
1995-02-21,New Zealand,Singapore,3,0,Friendly,Tauranga,New Zealand,False
1995-08-01,Indonesia,Singapore,0,0,Friendly,Jakarta,Indonesia,False
1995-12-04,Singapore,Brunei,2,2,Southeast Asian Games,Chiang Mai,Thailand,True
1995-12-06,Singapore,Myanmar,4,2,Southeast Asian Games,Chiang Mai,Thailand,True
1995-12-08,Singapore,Philippines,4,0,Southeast Asian Games,Chiang Mai,Thailand,True
1995-12-10,Singapore,Laos,0,0,Southeast Asian Games,Chiang Mai,Thailand,True
1995-12-14,Thailand,Singapore,1,0,Southeast Asian Games,Chiang Mai,Thailand,False
1995-12-16,Singapore,Myanmar,1,0,Southeast Asian Games,Chiang Mai,Thailand,True
1996-06-27,Myanmar,Singapore,0,4,AFC Asian Cup qualification,Bangkok,Thailand,True
1996-06-29,Maldives,Singapore,0,2,AFC Asian Cup qualification,Bangkok,Thailand,True
1996-07-01,Thailand,Singapore,1,1,AFC Asian Cup qualification,Bangkok,Thailand,False
1996-07-04,Singapore,Myanmar,2,2,AFC Asian Cup qualification,Singapore,Singapore,False
1996-07-07,Singapore,Maldives,5,2,AFC Asian Cup qualification,Singapore,Singapore,False
1996-07-09,Singapore,Thailand,2,2,AFC Asian Cup qualification,Singapore,Singapore,False
1996-09-01,Singapore,Malaysia,1,1,AFF Championship,Singapore,Singapore,False
1996-09-04,Singapore,Brunei,3,0,AFF Championship,Singapore,Singapore,False
1996-09-06,Singapore,Philippines,3,0,AFF Championship,Singapore,Singapore,False
1996-09-10,Singapore,Thailand,0,1,AFF Championship,Singapore,Singapore,False
1997-02-21,China PR,Singapore,3,1,Dunhill Cup,Kuala Lumpur,Malaysia,True
1997-02-23,Malaysia,Singapore,0,0,Dunhill Cup,Kuala Lumpur,Malaysia,False
1997-02-25,Singapore,Finland,0,1,Dunhill Cup,Kuala Lumpur,Malaysia,True
1997-04-13,Lebanon,Singapore,1,1,FIFA World Cup qualification,Beirut,Lebanon,False
1997-04-26,Singapore,Kuwait,0,1,FIFA World Cup qualification,Singapore,Singapore,False
1997-05-24,Singapore,Lebanon,1,2,FIFA World Cup qualification,Singapore,Singapore,False
1997-06-05,Kuwait,Singapore,4,0,FIFA World Cup qualification,Kuwait City,Kuwait,False
1997-10-07,Singapore,Myanmar,2,2,Southeast Asian Games,Jakarta,Indonesia,True
1997-10-09,Singapore,Cambodia,2,1,Southeast Asian Games,Jakarta,Indonesia,True
1997-10-12,Singapore,Brunei,1,0,Southeast Asian Games,Jakarta,Indonesia,True
1997-10-14,Singapore,Thailand,0,0,Southeast Asian Games,Jakarta,Indonesia,True
1997-10-16,Indonesia,Singapore,2,1,Southeast Asian Games,Jakarta,Indonesia,False
1997-10-18,Vietnam,Singapore,1,0,Southeast Asian Games,Jakarta,Indonesia,True
1998-03-24,Singapore,Philippines,1,0,AFF Championship qualification,Singapore,Singapore,False
1998-03-28,Singapore,Cambodia,3,0,AFF Championship qualification,Singapore,Singapore,False
1998-08-26,Malaysia,Singapore,0,2,AFF Championship,Hanoi,Vietnam,True
1998-08-28,Vietnam,Singapore,0,0,AFF Championship,Hanoi,Vietnam,False
1998-08-30,Singapore,Laos,4,1,AFF Championship,Hanoi,Vietnam,True
1998-09-02,Singapore,Indonesia,2,1,AFF Championship,Ho Chi Minh City,Vietnam,True
1998-09-05,Vietnam,Singapore,0,1,AFF Championship,Hanoi,Vietnam,False
1998-11-25,Singapore,United Arab Emirates,0,4,Friendly,Singapore,Singapore,False
1999-01-29,Vietnam,Singapore,1,0,Friendly,Ho Chi Minh City,Vietnam,False
1999-06-29,Singapore,New Zealand,0,1,Friendly,Singapore,Singapore,False
1999-07-31,Singapore,Malaysia,2,1,Southeast Asian Games,Bandar Seri Begawan,Brunei,True
1999-08-04,Brunei,Singapore,1,3,Southeast Asian Games,Bandar Seri Begawan,Brunei,False
1999-08-06,Indonesia,Singapore,1,1,Southeast Asian Games,Bandar Seri Begawan,Brunei,True
1999-08-09,Cambodia,Singapore,0,2,Southeast Asian Games,Bandar Seri Begawan,Brunei,True
1999-08-12,Thailand,Singapore,2,0,Southeast Asian Games,Bandar Seri Begawan,Brunei,True
1999-08-14,Indonesia,Singapore,0,0,Southeast Asian Games,Bandar Seri Begawan,Brunei,True
1999-12-28,Malaysia,Singapore,1,0,Friendly,Dubai,United Arab Emirates,True
2000-02-07,Singapore,Malaysia,3,1,Friendly,Singapore,Singapore,False
2000-02-10,Hong Kong,Singapore,0,0,Friendly,Victoria,Hong Kong,False
2000-02-13,Singapore,Japan,0,3,AFC Asian Cup qualification,Macau,Macau,True
2000-02-16,Macau,Singapore,0,1,AFC Asian Cup qualification,Macau,Macau,False
2000-02-20,Singapore,Brunei,1,0,AFC Asian Cup qualification,Macau,Macau,True
2000-06-02,Singapore,Qatar,1,5,Friendly,Singapore,Singapore,False
2000-10-08,Hong Kong,Singapore,1,0,Friendly,Victoria,Hong Kong,False
2000-10-28,Singapore,Sri Lanka,4,0,Friendly,Singapore,Singapore,False
2000-11-01,Singapore,Indonesia,1,0,Friendly,Singapore,Singapore,False
2000-11-05,Singapore,Cambodia,1,0,AFF Championship,Songkhla,Thailand,True
2000-11-09,Singapore,Laos,3,0,AFF Championship,Songkhla,Thailand,True
2000-11-11,Vietnam,Singapore,1,0,AFF Championship,Songkhla,Thailand,True
2000-11-13,Malaysia,Singapore,1,0,AFF Championship,Songkhla,Thailand,True
2001-01-27,Singapore,Thailand,1,1,Friendly,Singapore,Singapore,False
2001-02-03,Singapore,Kyrgyzstan,0,1,FIFA World Cup qualification,Singapore,Singapore,False
2001-02-06,Singapore,Kuwait,1,1,FIFA World Cup qualification,Singapore,Singapore,False
2001-02-09,Singapore,Bahrain,1,2,FIFA World Cup qualification,Singapore,Singapore,False
2001-02-21,Kuwait,Singapore,1,0,FIFA World Cup qualification,Kuwait City,Kuwait,False
2001-02-24,Bahrain,Singapore,2,0,FIFA World Cup qualification,Kuwait City,Kuwait,True
2001-02-27,Kyrgyzstan,Singapore,1,1,FIFA World Cup qualification,Kuwait City,Kuwait,True
2001-05-22,Singapore,New Zealand,3,0,Friendly,Singapore,Singapore,False
2001-07-10,Singapore,Saudi Arabia,0,3,Friendly,Singapore,Singapore,False
2001-08-13,Singapore,Thailand,0,5,Friendly,Singapore,Singapore,False
2002-02-07,Singapore,North Korea,2,1,Friendly,Singapore,Singapore,False
2002-02-10,Thailand,Singapore,4,0,King's Cup,Bangkok,Thailand,False
2002-02-12,North Korea,Singapore,4,2,King's Cup,Bangkok,Thailand,True
2002-02-14,Qatar,Singapore,3,0,King's Cup,Bangkok,Thailand,True
2002-02-16,Qatar,Singapore,2,0,King's Cup,Bangkok,Thailand,True
2002-04-09,Singapore,Maldives,2,0,Friendly,Singapore,Singapore,False
2002-05-21,Singapore,Uruguay,1,2,Friendly,Kallang,Singapore,False
2002-07-16,Malaysia,Singapore,1,2,Friendly,Kuantan,Malaysia,False
2002-11-10,Singapore,Indonesia,1,1,Friendly,Singapore,Singapore,False
2002-11-30,Jordan,Singapore,3,1,Friendly,Abu Dhabi,United Arab Emirates,True
2002-12-11,Singapore,Philippines,2,0,Friendly,Singapore,Singapore,False
2002-12-18,Singapore,Malaysia,0,4,AFF Championship,Singapore,Singapore,False
2002-12-20,Singapore,Laos,2,1,AFF Championship,Singapore,Singapore,False
2002-12-22,Singapore,Thailand,1,1,AFF Championship,Singapore,Singapore,False
2003-03-04,Singapore,Maldives,4,1,Friendly,Singapore,Singapore,False
2003-03-23,Singapore,Macau,2,0,AFC Asian Cup qualification,Singapore,Singapore,False
2003-03-25,Singapore,Pakistan,3,0,AFC Asian Cup qualification,Singapore,Singapore,False
2003-08-04,Singapore,Hong Kong,4,1,Friendly,Singapore,Singapore,False
2003-09-04,Singapore,Kuwait,1,3,AFC Asian Cup qualification,Singapore,Singapore,False
2003-09-16,Singapore,Oman,1,3,Friendly,Singapore,Singapore,False
2003-09-27,Kuwait,Singapore,4,0,AFC Asian Cup qualification,Kuwait City,Kuwait,False
2003-10-19,Singapore,Palestine,2,0,AFC Asian Cup qualification,Singapore,Singapore,False
2003-10-22,Singapore,Palestine,0,0,AFC Asian Cup qualification,Singapore,Singapore,False
2003-11-19,Qatar,Singapore,2,0,AFC Asian Cup qualification,Doha,Qatar,False
2003-11-29,Singapore,Qatar,0,2,Friendly,Singapore,Singapore,False
2004-01-28,Singapore,Norway,2,5,Friendly,Singapore,Singapore,False
2004-02-18,India,Singapore,1,0,FIFA World Cup qualification,Margao,India,False
2004-03-31,Singapore,Japan,1,2,FIFA World Cup qualification,Singapore,Singapore,False
2004-06-09,Oman,Singapore,7,0,FIFA World Cup qualification,Muscat,Oman,False
2004-07-12,Malaysia,Singapore,2,0,Friendly,Kuala Lumpur,Malaysia,False
2004-09-04,Singapore,Indonesia,2,0,Friendly,Singapore,Singapore,False
2004-09-08,Singapore,Oman,0,2,FIFA World Cup qualification,Singapore,Singapore,False
2004-10-08,Singapore,United Arab Emirates,1,2,Friendly,Singapore,Singapore,False
2004-10-13,Singapore,India,2,0,FIFA World Cup qualification,Singapore,Singapore,False
2004-11-17,Japan,Singapore,1,0,FIFA World Cup qualification,Saitama,Japan,False
2004-11-28,Singapore,Myanmar,1,0,Friendly,Singapore,Singapore,False
2004-11-30,Singapore,Hong Kong,0,0,Friendly,Singapore,Singapore,False
2004-12-07,Vietnam,Singapore,1,1,AFF Championship,Ho Chi Minh City,Vietnam,False
2004-12-09,Indonesia,Singapore,0,0,AFF Championship,Ho Chi Minh City,Vietnam,True
2004-12-13,Singapore,Laos,6,2,AFF Championship,Hanoi,Vietnam,True
2004-12-15,Cambodia,Singapore,0,3,AFF Championship,Haiphong,Vietnam,True
2004-12-29,Myanmar,Singapore,3,4,AFF Championship,Kuala Lumpur,Malaysia,True
2005-01-02,Singapore,Myanmar,4,2,AFF Championship,Singapore,Singapore,False
2005-01-08,Indonesia,Singapore,1,3,AFF Championship,Jakarta,Indonesia,False
2005-01-16,Singapore,Indonesia,2,1,AFF Championship,Singapore,Singapore,False
2005-06-04,Singapore,Malaysia,2,0,Friendly,Singapore,Singapore,False
2005-06-08,Malaysia,Singapore,1,2,Friendly,George Town,Malaysia,False
2005-10-11,Cambodia,Singapore,0,2,Friendly,Phnom Penh,Cambodia,False
2006-02-06,Oman,Singapore,1,0,Friendly,Doha,Qatar,True
2006-02-15,Hong Kong,Singapore,1,1,Friendly,Victoria,Hong Kong,False
2006-02-22,Singapore,Iraq,2,0,AFC Asian Cup qualification,Singapore,Singapore,False
2006-03-01,Palestine,Singapore,1,0,AFC Asian Cup qualification,Amman,Jordan,True
2006-05-31,Singapore,Malaysia,0,0,Friendly,Singapore,Singapore,False
2006-06-03,Malaysia,Singapore,0,0,Friendly,Seremban,Malaysia,False
2006-08-12,Hong Kong,Singapore,1,2,Friendly,Victoria,Hong Kong,False
2006-08-16,China PR,Singapore,1,0,AFC Asian Cup qualification,Tianjin,China PR,False
2006-09-06,Singapore,China PR,0,0,AFC Asian Cup qualification,Singapore,Singapore,False
2006-10-11,Iraq,Singapore,4,2,AFC Asian Cup qualification,Al Ain,United Arab Emirates,True
2006-11-11,Singapore,Indonesia,1,2,Friendly,Singapore,Singapore,False
2006-12-24,Singapore,Kazakhstan,0,0,King's Cup,Bangkok,Thailand,True
2006-12-26,Thailand,Singapore,2,0,King's Cup,Bangkok,Thailand,False
2006-12-28,Singapore,Vietnam,2,3,King's Cup,Bangkok,Thailand,True
2007-01-07,Singapore,Philippines,4,1,Friendly,Singapore,Singapore,False
2007-01-13,Singapore,Vietnam,0,0,AFF Championship,Singapore,Singapore,False
2007-01-15,Singapore,Laos,11,0,AFF Championship,Singapore,Singapore,False
2007-01-17,Singapore,Indonesia,2,2,AFF Championship,Singapore,Singapore,False
2007-01-23,Malaysia,Singapore,1,1,AFF Championship,Shah Alam,Malaysia,False
2007-01-27,Singapore,Malaysia,1,1,AFF Championship,Singapore,Singapore,False
2007-01-31,Singapore,Thailand,2,1,AFF Championship,Singapore,Singapore,False
2007-02-04,Thailand,Singapore,1,1,AFF Championship,Bangkok,Thailand,False
2007-06-27,Singapore,Saudi Arabia,1,2,Friendly,Singapore,Singapore,False
2007-06-30,Singapore,Australia,0,3,Friendly,Singapore,Singapore,False
2007-08-21,Singapore,Zimbabwe,4,2,Merdeka Tournament,Petaling Jaya,Malaysia,True
2007-08-23,Singapore,Bangladesh,4,2,Merdeka Tournament,Petaling Jaya,Malaysia,True
2007-09-12,Singapore,United Arab Emirates,1,1,Friendly,Singapore,Singapore,False
2007-10-04,Bahrain,Singapore,3,1,Friendly,Manama,Bahrain,False
2007-10-08,Palestine,Singapore,0,4,FIFA World Cup qualification,Al Rayyan,Qatar,True
2007-11-09,Singapore,Tajikistan,2,0,FIFA World Cup qualification,Singapore,Singapore,False
2007-11-18,Tajikistan,Singapore,1,1,FIFA World Cup qualification,Dushanbe,Tajikistan,False
2008-01-24,Kuwait,Singapore,0,2,Friendly,Muscat,Oman,True
2008-01-27,Oman,Singapore,2,0,Friendly,Muscat,Oman,False
2008-01-31,Jordan,Singapore,2,1,Friendly,Zarqa,Jordan,False
2008-02-06,Saudi Arabia,Singapore,2,0,FIFA World Cup qualification,Riyadh,Saudi Arabia,False
2008-03-22,Singapore,Australia,0,0,Friendly,Singapore,Singapore,False
2008-03-26,Singapore,Lebanon,2,0,FIFA World Cup qualification,Singapore,Singapore,False
2008-05-28,Singapore,Bahrain,0,1,Friendly,Singapore,Singapore,False
2008-06-02,Singapore,Uzbekistan,3,7,FIFA World Cup qualification,Singapore,Singapore,False
2008-06-07,Uzbekistan,Singapore,3,0,FIFA World Cup qualification,Tashkent,Uzbekistan,False
2008-06-14,Singapore,Saudi Arabia,0,3,FIFA World Cup qualification,Singapore,Singapore,False
2008-06-22,Lebanon,Singapore,1,2,FIFA World Cup qualification,Beirut,Lebanon,False
2008-10-14,Vietnam,Singapore,0,0,Friendly,Hanoi,Vietnam,False
2008-11-29,Malaysia,Singapore,2,2,Friendly,Petaling Jaya,Malaysia,False
2008-12-05,Singapore,Cambodia,5,0,AFF Championship,Jakarta,Indonesia,True
2008-12-07,Singapore,Myanmar,3,1,AFF Championship,Jakarta,Indonesia,True
2008-12-09,Indonesia,Singapore,0,2,AFF Championship,Jakarta,Indonesia,False
2008-12-17,Vietnam,Singapore,0,0,AFF Championship,Hanoi,Vietnam,False
2009-01-14,Iran,Singapore,6,0,AFC Asian Cup qualification,Tehran,Iran,False
2009-01-28,Singapore,Jordan,2,1,AFC Asian Cup qualification,Singapore,Singapore,False
2009-08-12,Singapore,China PR,1,1,Friendly,Singapore,Singapore,False
2009-10-22,Singapore,Turkmenistan,4,2,Friendly,Ho Chi Minh City,Vietnam,True
2009-10-24,Vietnam,Singapore,2,2,Friendly,Ho Chi Minh City,Vietnam,False
2009-11-04,Singapore,Indonesia,3,1,Friendly,Singapore,Singapore,False
2009-11-14,Singapore,Thailand,1,3,AFC Asian Cup qualification,Singapore,Singapore,False
2009-11-18,Thailand,Singapore,0,1,AFC Asian Cup qualification,Bangkok,Thailand,False
2009-12-31,Singapore,Oman,1,4,Friendly,Singapore,Singapore,False
2010-01-06,Singapore,Iran,1,3,AFC Asian Cup qualification,Singapore,Singapore,False
2010-01-17,Thailand,Singapore,1,0,King's Cup,Nakhon Ratchasima,Thailand,False
2010-01-23,Poland,Singapore,6,1,King's Cup,Nakhon Ratchasima,Thailand,True
2010-03-03,Jordan,Singapore,2,1,AFC Asian Cup qualification,Amman,Jordan,False
2010-08-11,Thailand,Singapore,1,0,Friendly,Bangkok,Thailand,False
2010-11-02,Singapore,North Korea,1,2,VFF Cup,Hanoi,Vietnam,True
2010-11-04,Vietnam,Singapore,1,1,VFF Cup,Hanoi,Vietnam,False
2010-11-26,Singapore,Laos,4,0,Friendly,Singapore,Singapore,False
2010-12-02,Singapore,Philippines,1,1,AFF Championship,Hanoi,Vietnam,True
2010-12-05,Singapore,Myanmar,2,1,AFF Championship,Hanoi,Vietnam,True
2010-12-08,Vietnam,Singapore,1,0,AFF Championship,Hanoi,Vietnam,False
2011-07-18,Singapore,Taiwan,3,2,Friendly,Singapore,Singapore,False
2011-07-23,Singapore,Malaysia,5,3,FIFA World Cup qualification,Singapore,Singapore,False
2011-07-28,Malaysia,Singapore,1,1,FIFA World Cup qualification,Kuala Lumpur,Malaysia,False
2011-08-24,Thailand,Singapore,0,0,Friendly,Bangkok,Thailand,False
2011-09-02,China PR,Singapore,2,1,FIFA World Cup qualification,Kunming,China PR,False
2011-09-06,Singapore,Iraq,0,2,FIFA World Cup qualification,Singapore,Singapore,False
2011-10-07,Singapore,Philippines,2,0,Friendly,Singapore,Singapore,False
2011-10-11,Singapore,Jordan,0,3,FIFA World Cup qualification,Singapore,Singapore,False
2011-11-11,Jordan,Singapore,2,0,FIFA World Cup qualification,Amman,Jordan,False
2011-11-15,Singapore,China PR,0,4,FIFA World Cup qualification,Singapore,Singapore,False
2012-02-24,Singapore,Azerbaijan,2,2,Friendly,Dubai,United Arab Emirates,True
2012-02-29,Iraq,Singapore,7,1,FIFA World Cup qualification,Doha,Qatar,True
2012-06-01,Hong Kong,Singapore,1,0,Friendly,So Kon Po,Hong Kong,False
2012-06-08,Singapore,Malaysia,2,2,Friendly,Singapore,Singapore,False
2012-06-12,Malaysia,Singapore,2,0,Friendly,Shah Alam,Malaysia,False
2012-08-15,Singapore,Hong Kong,2,0,Friendly,Jurong,Singapore,False
2012-09-07,Singapore,Philippines,0,2,Friendly,Jurong,Singapore,False
2012-09-11,Myanmar,Singapore,1,1,Friendly,Yangon,Myanmar,False
2012-10-16,Singapore,India,2,0,Friendly,Choa Chu Kang,Singapore,False
2012-11-15,Philippines,Singapore,1,0,Friendly,Cebu City,Philippines,False
2012-11-19,Singapore,Pakistan,4,0,Friendly,Jurong,Singapore,False
2012-11-25,Malaysia,Singapore,0,3,AFF Championship,Kuala Lumpur,Malaysia,False
2012-11-28,Indonesia,Singapore,1,0,AFF Championship,Kuala Lumpur,Malaysia,True
2012-12-01,Singapore,Laos,4,3,AFF Championship,Shah Alam,Malaysia,True
2012-12-08,Philippines,Singapore,0,0,AFF Championship,Manila,Philippines,False
2012-12-12,Singapore,Philippines,1,0,AFF Championship,Singapore,Singapore,False
2012-12-19,Singapore,Thailand,3,1,AFF Championship,Singapore,Singapore,False
2012-12-22,Thailand,Singapore,1,0,AFF Championship,Bangkok,Thailand,False
2013-02-06,Jordan,Singapore,4,0,AFC Asian Cup qualification,Amman,Jordan,False
2013-06-04,Myanmar,Singapore,0,2,Friendly,Yangon,Myanmar,False
2013-06-07,Laos,Singapore,2,5,Friendly,Vientiane,Laos,False
2013-08-14,Singapore,Oman,0,2,AFC Asian Cup qualification,Jalan Besar,Singapore,False
2013-09-06,China PR,Singapore,6,1,Friendly,Tianjin,China PR,False
2013-09-10,Hong Kong,Singapore,1,0,Friendly,Kowloon,Hong Kong,False
2013-10-10,Singapore,Laos,1,0,Friendly,Singapore,Singapore,False
2013-10-15,Singapore,Syria,2,1,AFC Asian Cup qualification,Singapore,Singapore,False
2013-11-15,Syria,Singapore,4,0,AFC Asian Cup qualification,Tehran,Iran,True
2013-11-24,Singapore,Cambodia,1,0,Friendly,Hougang,Singapore,False
2014-02-04,Singapore,Jordan,1,3,AFC Asian Cup qualification,Singapore,Singapore,False
2014-03-05,Oman,Singapore,3,1,AFC Asian Cup qualification,Muscat,Oman,False
2014-09-06,Singapore,Papua New Guinea,2,1,Friendly,Hougang,Singapore,False
2014-09-09,Singapore,Hong Kong,0,0,Friendly,Hougang,Singapore,False
2014-10-10,Hong Kong,Singapore,2,1,Friendly,Kowloon,Hong Kong,False
2014-10-14,Macau,Singapore,2,2,Friendly,Taipa,Macau,False
2014-11-07,Bahrain,Singapore,2,0,Friendly,Riffa,Bahrain,False
2014-11-13,Singapore,Laos,2,0,Friendly,Yishun,Singapore,False
2014-11-17,Singapore,Cambodia,4,2,Friendly,Yishun,Singapore,False
2014-11-23,Singapore,Thailand,1,2,AFF Championship,Kallang,Singapore,False
2014-11-26,Singapore,Myanmar,4,2,AFF Championship,Kallang,Singapore,False
2014-11-29,Singapore,Malaysia,1,3,AFF Championship,Kallang,Singapore,False
2015-03-26,Thailand,Singapore,2,0,Friendly,Nakhon Ratchasima,Thailand,False
2015-03-31,Singapore,Guam,2,2,Friendly,Kallang,Singapore,False
2015-05-30,Bangladesh,Singapore,1,2,Friendly,Dhaka,Bangladesh,False
2015-06-06,Singapore,Brunei,5,1,Friendly,Jurong West,Singapore,False
2015-06-11,Cambodia,Singapore,0,4,FIFA World Cup qualification,Phnom Penh,Cambodia,False
2015-06-16,Japan,Singapore,0,0,FIFA World Cup qualification,Saitama,Japan,False
2015-08-28,Qatar,Singapore,4,0,Friendly,Doha,Qatar,False
2015-09-03,Syria,Singapore,1,0,FIFA World Cup qualification,Muscat,Oman,True
2015-10-08,Singapore,Afghanistan,1,0,FIFA World Cup qualification,Kallang,Singapore,False
2015-10-13,Singapore,Cambodia,2,1,FIFA World Cup qualification,Kallang,Singapore,False
2015-11-12,Singapore,Japan,0,3,FIFA World Cup qualification,Kallang,Singapore,False
2015-11-17,Singapore,Syria,1,2,FIFA World Cup qualification,Kallang,Singapore,False
2016-03-24,Singapore,Myanmar,2,1,Friendly,Kallang,Singapore,False
2016-03-29,Afghanistan,Singapore,2,1,FIFA World Cup qualification,Tehran,Iran,True
2016-06-03,Myanmar,Singapore,0,1,Friendly,Yangon,Myanmar,False
2016-06-06,Singapore,Vietnam,0,3,Friendly,Yangon,Myanmar,True
2016-07-28,Cambodia,Singapore,2,1,Friendly,Phnom Penh,Cambodia,False
2016-09-01,Bahrain,Singapore,3,1,Friendly,Riffa,Bahrain,False
2016-10-07,Singapore,Malaysia,0,0,Friendly,Kallang,Singapore,False
2016-10-11,Hong Kong,Singapore,2,0,Friendly,Kowloon,Hong Kong,False
2016-11-09,Syria,Singapore,2,0,Friendly,Paroi,Malaysia,True
2016-11-13,Singapore,Cambodia,1,0,Friendly,Bishan,Singapore,False
2016-11-19,Philippines,Singapore,0,0,AFF Championship,Bocaue,Philippines,False
2016-11-22,Thailand,Singapore,1,0,AFF Championship,Bocaue,Philippines,True
2016-11-25,Singapore,Indonesia,1,2,AFF Championship,Manila,Philippines,True
2017-03-23,Afghanistan,Singapore,2,1,Friendly,Al Wakrah,Qatar,True
2017-03-28,Bahrain,Singapore,0,0,AFC Asian Cup qualification,Riffa,Bahrain,False
2017-06-10,Singapore,Taiwan,1,2,AFC Asian Cup qualification,Kallang,Singapore,False
2017-06-13,Singapore,Argentina,0,6,Friendly,Kallang,Singapore,False
2017-08-31,Singapore,Hong Kong,1,1,Friendly,Kallang,Singapore,False
2017-09-05,Singapore,Turkmenistan,1,1,AFC Asian Cup qualification,Kallang,Singapore,False
2017-10-05,Qatar,Singapore,3,1,Friendly,Doha,Qatar,False
2017-10-10,Turkmenistan,Singapore,2,1,AFC Asian Cup qualification,Ashgabat,Turkmenistan,False
2017-11-09,Singapore,Lebanon,0,1,Friendly,Kallang,Singapore,False
2017-11-14,Singapore,Bahrain,0,3,AFC Asian Cup qualification,Kallang,Singapore,False
2018-03-23,Singapore,Maldives,3,2,Friendly,Kallang,Singapore,False
2018-03-27,Taiwan,Singapore,1,0,AFC Asian Cup qualification,Taipei,Taiwan,False
2018-09-07,Singapore,Mauritius,1,1,Friendly,Bishan,Singapore,False
2018-09-11,Singapore,Fiji,2,0,Friendly,Bishan,Singapore,False
2018-10-12,Singapore,Mongolia,2,0,Friendly,Bishan,Singapore,False
2018-10-16,Cambodia,Singapore,1,2,Friendly,Phnom Penh,Cambodia,False
2018-11-09,Singapore,Indonesia,1,0,AFF Championship,Kallang,Singapore,False
2018-11-13,Philippines,Singapore,1,0,AFF Championship,Bacolod,Philippines,False
2018-11-21,Singapore,Timor-Leste,6,1,AFF Championship,Kallang,Singapore,False
2018-11-25,Thailand,Singapore,3,0,AFF Championship,Bangkok,Thailand,False
2019-03-23,Oman,Singapore,1,1,Friendly,Kuala Lumpur,Malaysia,True
2019-06-08,Singapore,Solomon Islands,4,3,Friendly,Kallang,Singapore,False
2019-06-11,Singapore,Myanmar,1,2,Friendly,Kallang,Singapore,False
2019-09-05,Singapore,Yemen,2,2,FIFA World Cup qualification,Kallang,Singapore,False
2019-09-10,Singapore,Palestine,2,1,FIFA World Cup qualification,Singapore,Singapore,False
2019-10-05,Jordan,Singapore,0,0,Friendly,Amman,Jordan,False
2019-10-10,Saudi Arabia,Singapore,3,0,FIFA World Cup qualification,Buraidah,Saudi Arabia,False
2019-10-15,Singapore,Uzbekistan,1,3,FIFA World Cup qualification,Kallang,Singapore,False
2019-11-14,Qatar,Singapore,2,0,Friendly,Doha,Qatar,False
2019-11-19,Yemen,Singapore,1,2,FIFA World Cup qualification,Muharraq,Bahrain,True
2021-05-29,Singapore,Afghanistan,1,1,Friendly,Dubai,United Arab Emirates,True
2021-06-03,Palestine,Singapore,4,0,FIFA World Cup qualification,Riyadh,Saudi Arabia,True
2021-06-07,Uzbekistan,Singapore,5,0,FIFA World Cup qualification,Riyadh,Saudi Arabia,True
2021-06-11,Saudi Arabia,Singapore,3,0,FIFA World Cup qualification,Riyadh,Saudi Arabia,False
2021-11-11,Kyrgyzstan,Singapore,2,1,Friendly,Sharjah,United Arab Emirates,True
2021-12-05,Singapore,Myanmar,3,0,AFF Championship,Kallang,Singapore,False
2021-12-08,Singapore,Philippines,2,1,AFF Championship,Kallang,Singapore,False
2021-12-14,Singapore,Timor-Leste,2,0,AFF Championship,Kallang,Singapore,False
2021-12-18,Singapore,Thailand,0,2,AFF Championship,Kallang,Singapore,False
2021-12-22,Singapore,Indonesia,1,1,AFF Championship,Kallang,Singapore,False
2021-12-25,Singapore,Indonesia,2,4,AFF Championship,Kallang,Singapore,False
2022-03-26,Singapore,Malaysia,2,1,Friendly,Kallang,Singapore,False
2022-03-29,Singapore,Philippines,2,0,Friendly,Kallang,Singapore,False
2022-06-01,Kuwait,Singapore,2,0,Friendly,Abu Dhabi,United Arab Emirates,True
2022-06-08,Kyrgyzstan,Singapore,2,1,AFC Asian Cup qualification,Bishkek,Kyrgyzstan,False
2022-06-11,Singapore,Tajikistan,0,1,AFC Asian Cup qualification,Bishkek,Kyrgyzstan,True
2022-06-14,Myanmar,Singapore,2,6,AFC Asian Cup qualification,Bishkek,Kyrgyzstan,True
2022-09-21,Vietnam,Singapore,4,0,Friendly,Ho Chi Minh City,Vietnam,False
2022-09-24,India,Singapore,1,1,Friendly,Ho Chi Minh City,Vietnam,True
2022-12-17,Singapore,Maldives,3,1,Friendly,Singapore,Singapore,False
2022-12-24,Singapore,Myanmar,3,2,AFF Championship,Singapore,Singapore,False
2022-12-27,Laos,Singapore,0,2,AFF Championship,Vientiane,Laos,False
2022-12-30,Singapore,Vietnam,0,0,AFF Championship,Singapore,Singapore,False
2023-01-03,Malaysia,Singapore,4,1,AFF Championship,Kuala Lumpur,Malaysia,False
2023-03-23,Hong Kong,Singapore,1,1,Friendly,Hong Kong,Hong Kong,False
2023-03-26,Macau,Singapore,0,1,Friendly,Taipa,Macau,False
2023-06-16,Singapore,Papua New Guinea,2,2,Friendly,Kallang,Singapore,False
2023-06-18,Singapore,Solomon Islands,1,1,Friendly,Kallang,Singapore,False
2023-09-08,Singapore,Tajikistan,0,2,Friendly,Bishan,Singapore,False
2023-09-12,Singapore,Taiwan,3,1,Friendly,Bishan,Singapore,False
2023-10-12,Singapore,Guam,2,1,FIFA World Cup qualification,Kallang,Singapore,False
2023-10-17,Guam,Singapore,0,1,FIFA World Cup qualification,Dededo,Guam,False
2023-11-16,South Korea,Singapore,5,0,FIFA World Cup qualification,Seoul,South Korea,False
2023-11-21,Singapore,Thailand,1,3,FIFA World Cup qualification,Kallang,Singapore,False
2024-03-21,Singapore,China PR,2,2,FIFA World Cup qualification,Kallang,Singapore,False
2024-03-26,China PR,Singapore,4,1,FIFA World Cup qualification,Tianjin,China PR,False
2024-06-06,Singapore,South Korea,0,7,FIFA World Cup qualification,Kallang,Singapore,False
2024-06-11,Thailand,Singapore,3,1,FIFA World Cup qualification,Bangkok,Thailand,False
2024-11-14,Singapore,Myanmar,3,2,Friendly,Kallang,Singapore,False
2024-11-18,Singapore,Taiwan,2,3,Friendly,Kallang,Singapore,False
2024-12-11,Singapore,Cambodia,2,1,ASEAN Championship,Singapore,Singapore,False
2024-12-14,Timor-Leste,Singapore,0,3,ASEAN Championship,Hanoi,Vietnam,True
2024-12-17,Singapore,Thailand,2,4,ASEAN Championship,Singapore,Singapore,False
2024-12-20,Malaysia,Singapore,0,0,ASEAN Championship,Kuala Lumpur,Malaysia,False
2024-12-26,Singapore,Vietnam,0,2,ASEAN Championship,Singapore,Singapore,False
2024-12-29,Vietnam,Singapore,3,1,ASEAN Championship,Vit Tr,Vietnam,False
2025-03-21,Singapore,Nepal,0,1,Friendly,Kallang,Singapore,False
2025-03-25,Singapore,Hong Kong,0,0,AFC Asian Cup qualification,Kallang,Singapore,False
