Date,Home_team,Away_team,home_score,away_score,Match_type,venue_city,venue_country,neutral_venue
1949-01-02,China PR,South Korea,3,2,Friendly,So Kon Po,Hong Kong,True
1949-01-16,Vietnam,South Korea,3,3,Friendly,Saigon,Vietnam,False
1949-01-25,Macau,South Korea,1,5,Friendly,Macau,Macau,False
1950-04-16,South Korea,Taiwan,3,1,Friendly,Wan Chai,Hong Kong,True
1953-04-05,Hong Kong,South Korea,4,0,Friendly,So Kon Po,Hong Kong,False
1953-04-08,South Korea,Taiwan,2,4,Friendly,So Kon Po,Hong Kong,True
1953-04-11,Singapore,South Korea,2,3,Friendly,Kallang,Singapore,False
1953-04-16,Malaysia,South Korea,2,3,Friendly,Kallang,Singapore,True
1953-04-18,Singapore,South Korea,3,1,Friendly,Kallang,Singapore,False
1953-04-19,Singapore,South Korea,1,3,Friendly,Kallang,Singapore,False
1953-04-24,Singapore,South Korea,0,0,Friendly,Kallang,Singapore,False
1953-04-30,Indonesia,South Korea,1,3,Friendly,So Kon Po,Hong Kong,True
1954-03-07,Japan,South Korea,1,5,FIFA World Cup qualification,Tokyo,Japan,False
1954-03-14,Japan,South Korea,2,2,FIFA World Cup qualification,Tokyo,Japan,False
1954-05-02,South Korea,Hong Kong,3,3,Asian Games,Manila,Philippines,True
1954-05-04,South Korea,Afghanistan,8,2,Asian Games,Manila,Philippines,True
1954-05-07,Myanmar,South Korea,2,2,Asian Games,Manila,Philippines,True
1954-05-08,Taiwan,South Korea,5,2,Asian Games,Manila,Philippines,True
1954-06-17,Hungary,South Korea,9,0,FIFA World Cup,Zürich,Switzerland,True
1954-06-20,South Korea,Turkey,0,7,FIFA World Cup,Geneva,Switzerland,True
1956-02-25,Philippines,South Korea,0,2,AFC Asian Cup qualification,Manila,Philippines,False
1956-04-21,South Korea,Philippines,3,0,AFC Asian Cup qualification,Seoul,South Korea,False
1956-08-26,South Korea,Taiwan,2,0,AFC Asian Cup qualification,Seoul,South Korea,False
1956-09-06,Hong Kong,South Korea,2,2,AFC Asian Cup,So Kon Po,Hong Kong,False
1956-09-08,Israel,South Korea,1,2,AFC Asian Cup,So Kon Po,Hong Kong,True
1956-09-15,South Korea,Vietnam Republic,5,3,AFC Asian Cup,So Kon Po,Hong Kong,True
1956-09-17,Hong Kong,South Korea,2,4,Friendly,So Kon Po,Hong Kong,False
1956-10-31,South Korea,United States,1,0,Friendly,Seoul,South Korea,False
1958-02-18,Hong Kong,South Korea,3,2,Friendly,So Kon Po,Hong Kong,False
1958-02-25,Hong Kong,South Korea,1,1,Friendly,So Kon Po,Hong Kong,False
1958-05-26,South Korea,Singapore,2,1,Asian Games,Tokyo,Japan,True
1958-05-28,Iran,South Korea,0,5,Asian Games,Tokyo,Japan,True
1958-05-30,South Korea,Vietnam Republic,3,1,Asian Games,Tokyo,Japan,True
1958-05-31,India,South Korea,1,3,Asian Games,Tokyo,Japan,True
1958-06-01,Taiwan,South Korea,3,2,Asian Games,Tokyo,Japan,True
1959-08-30,South Korea,Vietnam Republic,2,3,Merdeka Tournament,Kuala Lumpur,Malaya,True
1959-09-02,South Korea,Singapore,4,1,Merdeka Tournament,Kuala Lumpur,Malaya,True
1959-09-05,Japan,South Korea,0,0,Merdeka Tournament,Kuala Lumpur,Malaya,True
1959-09-06,Japan,South Korea,1,3,Merdeka Tournament,Kuala Lumpur,Malaya,True
1959-09-07,Malaysia,South Korea,2,4,Friendly,Kuala Lumpur,Malaya,False
1959-09-08,India,South Korea,1,1,Friendly,George Town,Malaya,True
1959-09-10,Hong Kong,South Korea,2,3,Friendly,George Town,Malaya,True
1959-09-13,Singapore,South Korea,0,4,Friendly,Kallang,Singapore,False
1960-08-06,South Korea,Indonesia,2,0,Merdeka Tournament,Kuala Lumpur,Malaya,True
1960-08-10,Vietnam Republic,South Korea,0,0,Merdeka Tournament,Kuala Lumpur,Malaya,True
1960-08-11,South Korea,Singapore,3,3,Merdeka Tournament,Kuala Lumpur,Malaya,True
1960-08-14,Malaysia,South Korea,0,0,Merdeka Tournament,Kuala Lumpur,Malaya,False
1960-10-14,South Korea,Vietnam Republic,5,1,AFC Asian Cup,Seoul,South Korea,False
1960-10-17,South Korea,Israel,3,0,AFC Asian Cup,Seoul,South Korea,False
1960-10-21,South Korea,Taiwan,1,0,AFC Asian Cup,Seoul,South Korea,False
1960-11-06,South Korea,Japan,2,1,FIFA World Cup qualification,Seoul,South Korea,False
1961-06-11,Japan,South Korea,0,2,FIFA World Cup qualification,Tokyo,Japan,False
1961-10-08,Yugoslavia,South Korea,5,1,FIFA World Cup qualification,Belgrade,Yugoslavia,False
1961-10-18,Turkey,South Korea,1,0,Friendly,Ankara,Turkey,False
1961-10-22,Israel,South Korea,1,1,Friendly,Ramat Gan,Israel,False
1961-10-28,Myanmar,South Korea,3,0,Friendly,Yangon,Burma,False
1961-11-26,South Korea,Yugoslavia,1,3,FIFA World Cup qualification,Seoul,South Korea,False
1962-08-26,India,South Korea,0,2,Asian Games,Jakarta,Indonesia,True
1962-08-27,South Korea,Thailand,3,2,Asian Games,Jakarta,Indonesia,True
1962-08-30,South Korea,Japan,1,0,Asian Games,Jakarta,Indonesia,True
1962-09-01,South Korea,Malaysia,2,1,Asian Games,Jakarta,Indonesia,True
1962-09-04,India,South Korea,2,1,Asian Games,Jakarta,Indonesia,True
1962-10-12,South Korea,Indonesia,2,0,Friendly,Seoul,South Korea,False
1962-10-14,South Korea,Indonesia,2,0,Friendly,Seoul,South Korea,False
1963-08-11,South Korea,Thailand,5,1,Merdeka Tournament,Kuala Lumpur,Malaya,True
1963-08-13,South Korea,Japan,1,1,Merdeka Tournament,Kuala Lumpur,Malaya,True
1963-08-14,South Korea,Vietnam Republic,3,1,Merdeka Tournament,Kuala Lumpur,Malaya,True
1963-08-16,Malaysia,South Korea,3,0,Merdeka Tournament,Kuala Lumpur,Malaya,False
1963-08-18,Taiwan,South Korea,1,0,Merdeka Tournament,Kuala Lumpur,Malaya,True
1964-05-27,India,South Korea,2,0,AFC Asian Cup,Haifa,Israel,True
1964-05-30,Hong Kong,South Korea,0,1,AFC Asian Cup,Jerusalem,Israel,True
1964-06-03,Israel,South Korea,2,1,AFC Asian Cup,Ramat Gan,Israel,False
1964-06-30,Vietnam Republic,South Korea,1,2,Friendly,Saigon,Vietnam Republic,False
1965-08-14,South Korea,Thailand,2,3,Merdeka Tournament,Kuala Lumpur,Malaysia,True
1965-08-17,Malaysia,South Korea,0,2,Merdeka Tournament,Kuala Lumpur,Malaysia,False
1965-08-21,South Korea,Vietnam Republic,0,0,Merdeka Tournament,Ipoh,Malaysia,True
1965-08-23,India,South Korea,0,1,Merdeka Tournament,Kuala Lumpur,Malaysia,True
1965-08-25,Hong Kong,South Korea,0,1,Merdeka Tournament,Kuala Lumpur,Malaysia,True
1965-08-28,South Korea,Taiwan,1,1,Merdeka Tournament,Kuala Lumpur,Malaysia,True
1966-08-14,South Korea,Japan,2,0,Merdeka Tournament,Kuala Lumpur,Malaysia,True
1966-08-19,Hong Kong,South Korea,0,1,Merdeka Tournament,Kuala Lumpur,Malaysia,True
1966-08-21,South Korea,Thailand,2,1,Merdeka Tournament,Kuala Lumpur,Malaysia,True
1966-08-23,Myanmar,South Korea,2,0,Merdeka Tournament,Ipoh,Malaysia,True
1966-08-27,Malaysia,South Korea,1,2,Merdeka Tournament,Kuala Lumpur,Malaysia,False
1966-08-28,India,South Korea,1,0,Merdeka Tournament,Kuala Lumpur,Malaysia,True
1966-08-31,Singapore,South Korea,1,3,Friendly,Kallang,Singapore,False
1966-12-10,Thailand,South Korea,3,0,Asian Games,Bangkok,Thailand,False
1966-12-12,South Korea,Myanmar,0,1,Asian Games,Bangkok,Thailand,True
1967-07-29,South Korea,Indonesia,1,1,AFC Asian Cup qualification,Taipei,Taiwan,True
1967-08-01,Japan,South Korea,2,1,AFC Asian Cup qualification,Taipei,Taiwan,True
1967-08-05,South Korea,Philippines,7,0,AFC Asian Cup qualification,Taipei,Taiwan,True
1967-08-11,Indonesia,South Korea,1,3,Merdeka Tournament,Kuala Lumpur,Malaysia,True
1967-08-13,Myanmar,South Korea,0,1,Merdeka Tournament,Ipoh,Malaysia,True
1967-08-18,South Korea,Taiwan,2,1,Merdeka Tournament,Kuala Lumpur,Malaysia,True
1967-08-20,South Korea,Singapore,3,0,Merdeka Tournament,Kuala Lumpur,Malaysia,True
1967-08-23,Malaysia,South Korea,1,3,Merdeka Tournament,Kuala Lumpur,Malaysia,False
1967-08-26,Myanmar,South Korea,0,0,Merdeka Tournament,Kuala Lumpur,Malaysia,True
1967-11-05,Hong Kong,South Korea,0,1,Vietnam Independence Cup,Saigon,Vietnam Republic,True
1967-11-07,South Korea,Thailand,3,1,Vietnam Independence Cup,Saigon,Vietnam Republic,True
1967-11-11,South Korea,Malaysia,2,1,Vietnam Independence Cup,Saigon,Vietnam Republic,True
1967-11-12,Vietnam Republic,South Korea,0,3,Vietnam Independence Cup,Saigon,Vietnam Republic,False
1967-11-14,Australia,South Korea,3,2,Vietnam Independence Cup,Saigon,Vietnam Republic,True
1968-08-10,South Korea,Western Australia,0,3,Merdeka Tournament,Kuala Lumpur,Malaysia,True
1968-08-12,South Korea,Singapore,3,2,Merdeka Tournament,Ipoh,Malaysia,True
1968-08-14,South Korea,Taiwan,2,1,Merdeka Tournament,Kuala Lumpur,Malaysia,True
1968-08-17,Indonesia,South Korea,4,2,Merdeka Tournament,Ipoh,Malaysia,True
1968-08-21,South Korea,Thailand,2,1,Merdeka Tournament,Kuala Lumpur,Malaysia,True
1968-08-24,India,South Korea,0,1,Merdeka Tournament,Kuala Lumpur,Malaysia,True
1968-08-27,Singapore,South Korea,4,3,Friendly,Kallang,Singapore,False
1969-10-12,South Korea,Japan,2,2,FIFA World Cup qualification,Seoul,South Korea,False
1969-10-14,South Korea,Australia,1,2,FIFA World Cup qualification,Seoul,South Korea,False
1969-10-18,South Korea,Japan,2,0,FIFA World Cup qualification,Seoul,South Korea,False
1969-10-20,South Korea,Australia,1,1,FIFA World Cup qualification,Seoul,South Korea,False
1969-11-01,Indonesia,South Korea,3,0,Merdeka Tournament,Ipoh,Malaysia,True
1969-11-03,Malaysia,South Korea,4,1,Merdeka Tournament,Kuala Lumpur,Malaysia,False
1969-11-05,South Korea,Thailand,3,0,Merdeka Tournament,Kuala Lumpur,Malaysia,True
1969-11-06,South Korea,Western Australia,3,2,Merdeka Tournament,Kuala Lumpur,Malaysia,True
1969-11-07,South Korea,Thailand,2,1,Merdeka Tournament,Kuala Lumpur,Malaysia,True
1969-11-19,South Korea,Laos,2,0,King's Cup,Bangkok,Thailand,True
1969-11-21,South Korea,Malaysia,2,0,King's Cup,Bangkok,Thailand,True
1969-11-23,Thailand,South Korea,0,0,King's Cup,Bangkok,Thailand,False
1969-11-26,South Korea,Vietnam Republic,3,0,King's Cup,Bangkok,Thailand,True
1969-11-28,Indonesia,South Korea,0,1,King's Cup,Bangkok,Thailand,True
1970-06-21,South Korea,Singapore,8,0,Indonesia Tournament,Jakarta,Indonesia,True
1970-06-23,South Korea,Malaysia,0,1,Indonesia Tournament,Jakarta,Indonesia,True
1970-06-26,Indonesia,South Korea,2,2,Indonesia Tournament,Jakarta,Indonesia,False
1970-06-28,South Korea,Malaysia,0,2,Indonesia Tournament,Jakarta,Indonesia,True
1970-07-31,South Korea,Thailand,0,0,Merdeka Tournament,Kuala Lumpur,Malaysia,True
1970-08-02,Japan,South Korea,1,1,Merdeka Tournament,Kuala Lumpur,Malaysia,True
1970-08-04,South Korea,Singapore,4,0,Merdeka Tournament,George Town,Malaysia,True
1970-08-06,Indonesia,South Korea,1,2,Merdeka Tournament,Kuala Lumpur,Malaysia,True
1970-08-09,Hong Kong,South Korea,0,0,Merdeka Tournament,Kuala Lumpur,Malaysia,True
1970-08-13,India,South Korea,2,3,Merdeka Tournament,Kuala Lumpur,Malaysia,True
1970-08-16,Myanmar,South Korea,0,1,Merdeka Tournament,Kuala Lumpur,Malaysia,True
1970-11-10,Hong Kong,South Korea,0,3,King's Cup,Bangkok,Thailand,True
1970-11-12,South Korea,Laos,4,0,King's Cup,Bangkok,Thailand,True
1970-11-14,Thailand,South Korea,0,0,King's Cup,Bangkok,Thailand,False
1970-11-16,South Korea,Singapore,4,0,King's Cup,Bangkok,Thailand,True
1970-11-18,South Korea,Malaysia,2,0,King's Cup,Bangkok,Thailand,True
1970-11-20,Thailand,South Korea,0,1,King's Cup,Bangkok,Thailand,False
1970-12-11,Iran,South Korea,0,1,Asian Games,Bangkok,Thailand,True
1970-12-13,Indonesia,South Korea,0,0,Asian Games,Bangkok,Thailand,True
1970-12-15,Thailand,South Korea,1,2,Asian Games,Bangkok,Thailand,False
1970-12-17,Myanmar,South Korea,1,0,Asian Games,Bangkok,Thailand,True
1970-12-18,Japan,South Korea,1,2,Asian Games,Bangkok,Thailand,True
1970-12-20,South Korea,Myanmar,0,0,Asian Games,Bangkok,Thailand,True
1971-05-02,South Korea,Thailand,1,0,Korea Cup,Seoul,South Korea,False
1971-05-06,South Korea,Malaysia,5,1,Korea Cup,Seoul,South Korea,False
1971-05-09,South Korea,Cambodia,2,0,Korea Cup,Seoul,South Korea,False
1971-05-11,South Korea,Indonesia,3,0,Korea Cup,Seoul,South Korea,False
1971-05-13,South Korea,Myanmar,0,0,Korea Cup,Seoul,South Korea,False
1971-05-15,South Korea,Myanmar,0,0,Korea Cup,Seoul,South Korea,False
1971-06-05,South Korea,Thailand,0,1,Indonesia Tournament,Jakarta,Indonesia,True
1971-06-08,India,South Korea,2,3,Indonesia Tournament,Jakarta,Indonesia,True
1971-06-12,Myanmar,South Korea,1,0,Indonesia Tournament,Jakarta,Indonesia,True
1971-06-13,South Korea,Malaysia,1,2,Indonesia Tournament,Jakarta,Indonesia,True
1971-09-10,South Korea,Iran,2,0,Friendly,Seoul,South Korea,False
1971-09-12,South Korea,Iran,0,2,Friendly,Seoul,South Korea,False
1971-11-08,South Korea,Malaysia,2,2,King's Cup,Bangkok,Thailand,True
1971-11-12,Indonesia,South Korea,0,0,King's Cup,Bangkok,Thailand,True
1971-11-14,South Korea,Vietnam Republic,1,1,King's Cup,Bangkok,Thailand,True
1971-11-16,Thailand,South Korea,0,1,King's Cup,Bangkok,Thailand,False
1972-05-07,South Korea,Iraq,0,0,AFC Asian Cup,Bangkok,Thailand,True
1972-05-10,Cambodia,South Korea,1,4,AFC Asian Cup,Bangkok,Thailand,True
1972-05-12,South Korea,Kuwait,1,2,AFC Asian Cup,Bangkok,Thailand,True
1972-05-17,Thailand,South Korea,1,1,AFC Asian Cup,Bangkok,Thailand,False
1972-05-19,Iran,South Korea,2,1,AFC Asian Cup,Bangkok,Thailand,True
1972-07-15,Hong Kong,South Korea,0,0,Merdeka Tournament,Kuala Lumpur,Malaysia,True
1972-07-17,South Korea,Thailand,2,0,Merdeka Tournament,Kuala Lumpur,Malaysia,True
1972-07-19,South Korea,Singapore,4,1,Merdeka Tournament,Ipoh,Malaysia,True
1972-07-23,Indonesia,South Korea,0,2,Merdeka Tournament,Kuala Lumpur,Malaysia,True
1972-07-26,Japan,South Korea,0,3,Merdeka Tournament,Kuala Lumpur,Malaysia,True
1972-07-29,Malaysia,South Korea,1,2,Merdeka Tournament,Kuala Lumpur,Malaysia,False
1972-09-14,Japan,South Korea,2,2,Friendly,Tokyo,Japan,False
1972-09-20,South Korea,Thailand,3,0,Korea Cup,Seoul,South Korea,False
1972-09-22,South Korea,Cambodia,3,1,Korea Cup,Seoul,South Korea,False
1972-09-24,South Korea,Malaysia,2,0,Korea Cup,Seoul,South Korea,False
1972-09-27,South Korea,Myanmar,0,1,Korea Cup,Seoul,South Korea,False
1972-09-30,South Korea,Malaysia,1,0,Korea Cup,Seoul,South Korea,False
1972-10-22,South Korea,Australia,1,1,Friendly,Seoul,South Korea,False
1972-10-24,South Korea,Australia,0,2,Friendly,Seoul,South Korea,False
1972-11-18,South Korea,Malaysia,4,1,King's Cup,Bangkok,Thailand,True
1972-11-22,Indonesia,South Korea,1,1,King's Cup,Bangkok,Thailand,True
1972-11-24,South Korea,Singapore,2,0,King's Cup,Bangkok,Thailand,True
1972-11-26,Thailand,South Korea,1,0,King's Cup,Bangkok,Thailand,False
1972-11-28,South Korea,Singapore,0,0,King's Cup,Bangkok,Thailand,True
1973-05-19,South Korea,Thailand,4,0,FIFA World Cup qualification,Seoul,South Korea,False
1973-05-21,South Korea,Malaysia,0,0,FIFA World Cup qualification,Seoul,South Korea,False
1973-05-23,South Korea,Israel,0,0,FIFA World Cup qualification,Seoul,South Korea,False
1973-05-26,South Korea,Hong Kong,3,1,FIFA World Cup qualification,Seoul,South Korea,False
1973-05-28,South Korea,Israel,1,0,FIFA World Cup qualification,Seoul,South Korea,False
1973-06-23,South Korea,Japan,2,0,Friendly,Seoul,South Korea,False
1973-07-28,Myanmar,South Korea,0,0,Merdeka Tournament,Kuala Lumpur,Malaysia,True
1973-07-30,Malaysia,South Korea,1,2,Merdeka Tournament,Kuala Lumpur,Malaysia,False
1973-08-01,South Korea,Thailand,0,0,Merdeka Tournament,Kuala Lumpur,Malaysia,True
1973-08-03,Cambodia,South Korea,0,1,Merdeka Tournament,Kuala Lumpur,Malaysia,True
1973-08-05,India,South Korea,0,0,Merdeka Tournament,Kuala Lumpur,Malaysia,True
1973-08-11,South Korea,Kuwait,0,1,Merdeka Tournament,Kuala Lumpur,Malaysia,True
1973-08-11,South Korea,Myanmar,1,2,Merdeka Tournament,Kuala Lumpur,Malaysia,True
1973-09-22,South Korea,Cambodia,6,0,Korea Cup,Seoul,South Korea,False
1973-09-24,South Korea,Indonesia,3,1,Korea Cup,Seoul,South Korea,False
1973-09-28,South Korea,Myanmar,0,1,Korea Cup,Seoul,South Korea,False
1973-09-30,South Korea,Malaysia,2,0,Korea Cup,Seoul,South Korea,False
1973-10-28,Australia,South Korea,0,0,FIFA World Cup qualification,Sydney,Australia,False
1973-11-10,South Korea,Australia,2,2,FIFA World Cup qualification,Seoul,South Korea,False
1973-11-13,Australia,South Korea,1,0,FIFA World Cup qualification,So Kon Po,Hong Kong,True
1973-12-16,Cambodia,South Korea,0,5,King's Cup,Bangkok,Thailand,True
1973-12-18,South Korea,Malaysia,0,0,King's Cup,Bangkok,Thailand,True
1973-12-22,Myanmar,South Korea,0,2,King's Cup,Bangkok,Thailand,True
1973-12-25,South Korea,Malaysia,2,1,King's Cup,Bangkok,Thailand,True
1974-05-13,South Korea,Cambodia,0,1,Korea Cup,Seoul,South Korea,False
1974-05-18,South Korea,Myanmar,3,0,Korea Cup,Seoul,South Korea,False
1974-06-09,South Korea,Malaysia,0,0,Indonesia Tournament,Jakarta,Indonesia,True
1974-09-04,South Korea,Thailand,1,0,Asian Games,Tehran,Iran,True
1974-09-06,South Korea,Kuwait,0,4,Asian Games,Tehran,Iran,True
1974-09-09,Iraq,South Korea,1,1,Asian Games,Tehran,Iran,True
1974-09-11,Iran,South Korea,2,0,Asian Games,Tehran,Iran,False
1974-09-13,South Korea,Malaysia,2,3,Asian Games,Tehran,Iran,True
1974-09-28,Japan,South Korea,4,1,Friendly,Tokyo,Japan,False
1974-12-13,Cambodia,South Korea,1,2,King's Cup,Bangkok,Thailand,True
1974-12-15,South Korea,Vietnam Republic,2,2,King's Cup,Bangkok,Thailand,True
1974-12-18,South Korea,Malaysia,0,0,King's Cup,Bangkok,Thailand,True
1974-12-20,Thailand,South Korea,1,3,King's Cup,Bangkok,Thailand,False
1974-12-25,Indonesia,South Korea,1,3,Friendly,So Kon Po,Hong Kong,True
1975-03-16,Malaysia,South Korea,2,1,AFC Asian Cup qualification,Bangkok,Thailand,True
1975-03-19,South Korea,Vietnam Republic,1,0,AFC Asian Cup qualification,Bangkok,Thailand,True
1975-03-22,South Korea,Indonesia,1,0,AFC Asian Cup qualification,Bangkok,Thailand,True
1975-03-24,Thailand,South Korea,1,0,AFC Asian Cup qualification,Bangkok,Thailand,False
1975-05-16,South Korea,Lebanon,1,0,Korea Cup,Seoul,South Korea,False
1975-05-22,South Korea,Myanmar,1,0,Korea Cup,Seoul,South Korea,False
1975-06-12,Myanmar,South Korea,0,2,Indonesia Tournament,Jakarta,Indonesia,True
1975-06-16,South Korea,Malaysia,1,1,Indonesia Tournament,Jakarta,Indonesia,True
1975-06-18,Indonesia,South Korea,3,2,Indonesia Tournament,Jakarta,Indonesia,False
1975-07-29,Malaysia,South Korea,1,3,Merdeka Tournament,Kuala Lumpur,Malaysia,False
1975-08-01,Hong Kong,South Korea,0,1,Merdeka Tournament,Kuala Lumpur,Malaysia,True
1975-08-03,Myanmar,South Korea,2,3,Merdeka Tournament,Kuala Lumpur,Malaysia,True
1975-08-07,South Korea,Thailand,6,0,Merdeka Tournament,Kuala Lumpur,Malaysia,True
1975-08-09,Japan,South Korea,1,3,Merdeka Tournament,Kuala Lumpur,Malaysia,True
1975-08-11,Indonesia,South Korea,1,5,Merdeka Tournament,Kuala Lumpur,Malaysia,True
1975-08-15,Bangladesh,South Korea,0,4,Merdeka Tournament,Kuala Lumpur,Malaysia,True
1975-08-17,Malaysia,South Korea,0,1,Merdeka Tournament,Kuala Lumpur,Malaysia,False
1975-09-08,South Korea,Japan,3,0,Friendly,Seoul,South Korea,False
1975-12-21,Myanmar,South Korea,1,3,King's Cup,Bangkok,Thailand,True
1975-12-23,Thailand,South Korea,2,1,King's Cup,Bangkok,Thailand,False
1975-12-30,South Korea,Singapore,5,0,King's Cup,Bangkok,Thailand,True
1976-01-02,South Korea,Malaysia,4,0,King's Cup,Bangkok,Thailand,True
1976-01-04,Myanmar,South Korea,0,1,King's Cup,Bangkok,Thailand,True
1976-08-07,Malaysia,South Korea,2,1,Merdeka Tournament,Kuala Lumpur,Malaysia,False
1976-08-10,India,South Korea,0,8,Merdeka Tournament,Kuala Lumpur,Malaysia,True
1976-08-12,Indonesia,South Korea,0,2,Merdeka Tournament,Kuala Lumpur,Malaysia,True
1976-08-15,Myanmar,South Korea,2,2,Merdeka Tournament,Kuala Lumpur,Malaysia,True
1976-08-18,Japan,South Korea,0,0,Merdeka Tournament,Kuala Lumpur,Malaysia,True
1976-08-20,South Korea,Thailand,2,1,Merdeka Tournament,Kuala Lumpur,Malaysia,True
1976-09-11,South Korea,Malaysia,4,4,Korea Cup,Seoul,South Korea,False
1976-09-13,South Korea,India,4,0,Korea Cup,Seoul,South Korea,False
1976-09-17,South Korea,Singapore,7,0,Korea Cup,Seoul,South Korea,False
1976-09-23,South Korea,New Zealand,2,0,Korea Cup,Seoul,South Korea,False
1976-12-04,Japan,South Korea,1,2,Friendly,Tokyo,Japan,False
1976-12-15,Thailand,South Korea,2,1,King's Cup,Bangkok,Thailand,False
1976-12-17,South Korea,Singapore,4,0,King's Cup,Bangkok,Thailand,True
1976-12-22,South Korea,Malaysia,1,1,King's Cup,Bangkok,Thailand,True
1977-02-14,Singapore,South Korea,0,4,Friendly,Kallang,Singapore,False
1977-02-17,Bahrain,South Korea,1,4,Friendly,Manama,Bahrain,False
1977-02-19,Bahrain,South Korea,1,1,Friendly,Manama,Bahrain,False
1977-02-27,Israel,South Korea,0,0,FIFA World Cup qualification,Ramat Gan,Israel,False
1977-03-20,South Korea,Israel,3,1,FIFA World Cup qualification,Seoul,South Korea,False
1977-03-26,Japan,South Korea,0,0,FIFA World Cup qualification,Tokyo,Japan,False
1977-04-03,South Korea,Japan,1,0,FIFA World Cup qualification,Seoul,South Korea,False
1977-06-15,South Korea,Japan,2,1,Friendly,Seoul,South Korea,False
1977-06-26,Hong Kong,South Korea,0,1,FIFA World Cup qualification,Hong Kong,Hong Kong,False
1977-07-03,South Korea,Iran,0,0,FIFA World Cup qualification,Busan,South Korea,False
1977-07-17,South Korea,Libya,4,0,Merdeka Tournament,Kuala Lumpur,Malaysia,True
1977-07-20,South Korea,Thailand,4,1,Merdeka Tournament,Kuala Lumpur,Malaysia,True
1977-07-24,Myanmar,South Korea,0,4,Merdeka Tournament,Kuala Lumpur,Malaysia,True
1977-07-26,Malaysia,South Korea,1,1,Merdeka Tournament,Kuala Lumpur,Malaysia,False
1977-07-28,Iraq,South Korea,1,1,Merdeka Tournament,Kuala Lumpur,Malaysia,True
1977-07-31,Iraq,South Korea,0,1,Merdeka Tournament,Kuala Lumpur,Malaysia,True
1977-08-27,Australia,South Korea,2,1,FIFA World Cup qualification,Sydney,Australia,False
1977-09-03,South Korea,Thailand,5,1,Korea Cup,Seoul,South Korea,False
1977-09-05,South Korea,India,3,0,Korea Cup,Busan,South Korea,False
1977-09-13,South Korea,Malaysia,3,0,Korea Cup,Seoul,South Korea,False
1977-10-09,South Korea,Kuwait,1,0,FIFA World Cup qualification,Seoul,South Korea,False
1977-10-23,South Korea,Australia,0,0,FIFA World Cup qualification,Seoul,South Korea,False
1977-11-05,Kuwait,South Korea,2,2,FIFA World Cup qualification,Kuwait City,Kuwait,False
1977-11-11,Iran,South Korea,2,2,FIFA World Cup qualification,Tehran,Iran,False
1977-12-04,South Korea,Hong Kong,5,2,FIFA World Cup qualification,Busan,South Korea,False
1978-06-23,Indonesia,South Korea,1,3,Indonesia Tournament,Jakarta,Indonesia,False
1978-07-12,Malaysia,South Korea,1,3,Merdeka Tournament,Kuala Lumpur,Malaysia,False
1978-07-14,South Korea,Thailand,3,0,Merdeka Tournament,Kuala Lumpur,Malaysia,True
1978-07-16,South Korea,Singapore,2,0,Merdeka Tournament,Kuala Lumpur,Malaysia,True
1978-07-19,Japan,South Korea,0,4,Merdeka Tournament,Kuala Lumpur,Malaysia,True
1978-07-22,Iraq,South Korea,0,2,Merdeka Tournament,Kuala Lumpur,Malaysia,True
1978-07-25,Indonesia,South Korea,0,2,Merdeka Tournament,Kuala Lumpur,Malaysia,True
1978-07-27,South Korea,Syria,2,0,Merdeka Tournament,Kuala Lumpur,Malaysia,True
1978-07-29,Iraq,South Korea,0,2,Merdeka Tournament,Kuala Lumpur,Malaysia,True
1978-09-11,South Korea,Malaysia,2,2,Korea Cup,Busan,South Korea,False
1978-09-13,South Korea,Bahrain,3,1,Korea Cup,Daegu,South Korea,False
1978-12-11,Bahrain,South Korea,1,5,Asian Games,Bangkok,Thailand,True
1978-12-13,South Korea,Kuwait,2,0,Asian Games,Bangkok,Thailand,True
1978-12-15,Japan,South Korea,1,3,Asian Games,Bangkok,Thailand,True
1978-12-17,China PR,South Korea,0,1,Asian Games,Bangkok,Thailand,True
1978-12-18,Malaysia,South Korea,0,1,Asian Games,Bangkok,Thailand,True
1978-12-19,Thailand,South Korea,1,3,Asian Games,Bangkok,Thailand,False
1978-12-20,North Korea,South Korea,0,0,Asian Games,Bangkok,Thailand,True
1978-12-25,South Korea,Macau,4,1,AFC Asian Cup qualification,Manila,Philippines,True
1978-12-27,Philippines,South Korea,0,5,AFC Asian Cup qualification,Manila,Philippines,False
1978-12-29,South Korea,China PR,1,0,AFC Asian Cup qualification,Manila,Philippines,True
1979-03-04,Japan,South Korea,2,1,Friendly,Tokyo,Japan,False
1979-06-16,South Korea,Japan,4,1,Friendly,Seoul,South Korea,False
1979-09-08,South Korea,Sudan,8,0,Korea Cup,Seoul,South Korea,False
1979-09-12,South Korea,Sri Lanka,6,0,Korea Cup,Daegu,South Korea,False
1979-09-14,South Korea,Bahrain,5,1,Korea Cup,Chungju,South Korea,False
1979-09-16,South Korea,Bangladesh,9,0,Korea Cup,Incheon,South Korea,False
1980-01-30,Saudi Arabia,South Korea,1,3,Friendly,Jeddah,Saudi Arabia,False
1980-02-01,Saudi Arabia,South Korea,0,0,Friendly,Khobar,Saudi Arabia,False
1980-02-26,Mexico,South Korea,0,1,Friendly,Los Angeles,United States,True
1980-05-09,South Korea,Luxembourg,2,3,Friendly,Medan,Indonesia,True
1980-05-14,South Korea,Luxembourg,3,0,Friendly,Medan,Indonesia,True
1980-08-23,South Korea,Malaysia,2,0,Korea Cup,Seoul,South Korea,False
1980-08-25,South Korea,Indonesia,3,0,Korea Cup,Chuncheon,South Korea,False
1980-08-27,South Korea,Thailand,4,0,Korea Cup,Daejeon,South Korea,False
1980-08-29,South Korea,Bahrain,5,0,Korea Cup,Gwangju,South Korea,False
1980-09-02,South Korea,Indonesia,2,0,Korea Cup,Seoul,South Korea,False
1980-09-09,Singapore,South Korea,0,2,Friendly,Kallang,Singapore,False
1980-09-16,Malaysia,South Korea,1,1,AFC Asian Cup,Kuwait City,Kuwait,True
1980-09-19,Qatar,South Korea,0,2,AFC Asian Cup,Kuwait City,Kuwait,True
1980-09-21,Kuwait,South Korea,0,3,AFC Asian Cup,Kuwait City,Kuwait,False
1980-09-24,South Korea,United Arab Emirates,4,1,AFC Asian Cup,Kuwait City,Kuwait,True
1980-09-28,South Korea,North Korea,2,1,AFC Asian Cup,Kuwait City,Kuwait,True
1980-09-30,Kuwait,South Korea,3,0,AFC Asian Cup,Kuwait City,Kuwait,False
1980-10-15,South Korea,New Zealand,1,2,Merdeka Tournament,Kuala Lumpur,Malaysia,True
1980-10-16,South Korea,Indonesia,1,0,Merdeka Tournament,Kuala Lumpur,Malaysia,True
1980-10-18,South Korea,Kuwait,3,0,Merdeka Tournament,Kuala Lumpur,Malaysia,True
1980-10-20,South Korea,Morocco,1,1,Merdeka Tournament,Kuala Lumpur,Malaysia,True
1980-10-22,Malaysia,South Korea,1,1,Merdeka Tournament,Kuala Lumpur,Malaysia,False
1980-10-23,South Korea,Thailand,0,0,Merdeka Tournament,Kuala Lumpur,Malaysia,True
1980-10-30,Myanmar,South Korea,1,1,Merdeka Tournament,Kuala Lumpur,Malaysia,True
1981-02-11,Mexico,South Korea,4,0,Friendly,Mexico City,Mexico,False
1981-03-08,Japan,South Korea,0,1,Friendly,Tokyo,Japan,False
1981-04-21,South Korea,Malaysia,2,1,FIFA World Cup qualification,Kuwait City,Kuwait,True
1981-04-24,South Korea,Thailand,5,1,FIFA World Cup qualification,Kuwait City,Kuwait,True
1981-04-29,Kuwait,South Korea,2,0,FIFA World Cup qualification,Kuwait City,Kuwait,False
1981-06-17,South Korea,Malaysia,2,0,Korea Cup,Jeonju,South Korea,False
1981-06-21,South Korea,Japan,2,0,Korea Cup,Busan,South Korea,False
1981-08-20,Indonesia,South Korea,0,1,Indonesia Tournament,Jakarta,Indonesia,False
1981-09-04,South Korea,Singapore,2,0,Merdeka Tournament,Kuala Lumpur,Malaysia,True
1981-09-13,Iraq,South Korea,1,1,Merdeka Tournament,Kuala Lumpur,Malaysia,True
1981-09-16,South Korea,Thailand,1,1,Merdeka Tournament,Kuala Lumpur,Malaysia,True
1981-10-17,Saudi Arabia,South Korea,2,0,Friendly,Riyadh,Saudi Arabia,False
1982-02-18,India,South Korea,2,2,Nehru Cup,Calcutta,India,False
1982-02-20,South Korea,Uruguay,2,2,Nehru Cup,Calcutta,India,True
1982-03-01,China PR,South Korea,1,1,Nehru Cup,Calcutta,India,True
1982-03-07,Iraq,South Korea,3,0,Friendly,Baghdad,Iraq,False
1982-03-10,Iraq,South Korea,1,1,Friendly,Baghdad,Iraq,False
1982-03-21,South Korea,Japan,3,0,Friendly,Seoul,South Korea,False
1982-05-05,South Korea,Malaysia,5,0,King's Cup,Bangkok,Thailand,True
1982-05-09,Thailand,South Korea,0,3,King's Cup,Bangkok,Thailand,False
1982-05-17,Thailand,South Korea,0,0,King's Cup,Bangkok,Thailand,False
1982-06-09,South Korea,India,1,0,Korea Cup,Busan,South Korea,False
1982-06-11,South Korea,Bahrain,3,0,Korea Cup,Gwangju,South Korea,False
1982-08-06,South Korea,Senegal,0,2,Merdeka Tournament,Kuala Lumpur,Malaysia,True
1982-08-08,South Korea,Indonesia,4,0,Merdeka Tournament,Kuala Lumpur,Malaysia,True
1982-08-10,Malaysia,South Korea,1,2,Merdeka Tournament,Kuala Lumpur,Malaysia,False
1982-08-12,South Korea,United Arab Emirates,3,2,Merdeka Tournament,Kuala Lumpur,Malaysia,True
1982-11-21,South Korea,South Yemen,3,0,Asian Games,New Delhi,India,True
1982-11-23,South Korea,Iran,0,1,Asian Games,New Delhi,India,True
1982-11-25,South Korea,Japan,1,2,Asian Games,New Delhi,India,True
1983-03-06,Japan,South Korea,1,1,Friendly,Tokyo,Japan,False
1983-06-06,South Korea,Thailand,4,0,Korea Cup,Suwon,South Korea,False
1983-06-08,South Korea,Nigeria,1,0,Korea Cup,Seoul,South Korea,False
1983-06-12,South Korea,Indonesia,3,0,Korea Cup,Jeonju,South Korea,False
1983-06-15,South Korea,Ghana,1,0,Korea Cup,Seoul,South Korea,False
1983-07-29,Guatemala,South Korea,1,1,Friendly,Los Angeles,United States,True
1983-08-03,Guatemala,South Korea,2,1,Friendly,Guatemala City,Guatemala,False
1983-08-09,Costa Rica,South Korea,1,1,Friendly,San José,Costa Rica,False
1984-06-03,South Korea,Guatemala,2,0,Korea Cup,Busan,South Korea,False
1984-09-30,South Korea,Japan,1,2,Friendly,Seoul,South Korea,False
1984-10-04,South Korea,Cameroon,5,0,Friendly,Seoul,South Korea,False
1984-10-10,South Korea,Yemen,6,0,AFC Asian Cup qualification,Calcutta,India,True
1984-10-13,South Korea,Pakistan,6,0,AFC Asian Cup qualification,Calcutta,India,True
1984-10-16,South Korea,Malaysia,0,0,AFC Asian Cup qualification,Calcutta,India,True
1984-10-19,India,South Korea,0,1,AFC Asian Cup qualification,Calcutta,India,False
1984-12-02,Saudi Arabia,South Korea,1,1,AFC Asian Cup,Kallang,Singapore,True
1984-12-05,South Korea,Kuwait,0,0,AFC Asian Cup,Kallang,Singapore,True
1984-12-07,Syria,South Korea,1,0,AFC Asian Cup,Kallang,Singapore,True
1984-12-10,South Korea,Qatar,0,1,AFC Asian Cup,Kallang,Singapore,True
1985-03-02,Nepal,South Korea,0,2,FIFA World Cup qualification,Kathmandu,Nepal,False
1985-03-10,Malaysia,South Korea,1,0,FIFA World Cup qualification,Kuala Lumpur,Malaysia,False
1985-04-06,South Korea,Nepal,4,0,FIFA World Cup qualification,Seoul,South Korea,False
1985-05-19,South Korea,Malaysia,2,0,FIFA World Cup qualification,Seoul,South Korea,False
1985-06-06,South Korea,Thailand,3,2,Korea Cup,Daejeon,South Korea,False
1985-06-08,South Korea,Bahrain,3,0,Korea Cup,Gwangju,South Korea,False
1985-06-15,South Korea,Iraq,2,0,Korea Cup,Seoul,South Korea,False
1985-07-21,South Korea,Indonesia,2,0,FIFA World Cup qualification,Seoul,South Korea,False
1985-07-30,Indonesia,South Korea,1,4,FIFA World Cup qualification,Jakarta,Indonesia,False
1985-10-26,Japan,South Korea,1,2,FIFA World Cup qualification,Tokyo,Japan,False
1985-11-03,South Korea,Japan,1,0,FIFA World Cup qualification,Seoul,South Korea,False
1985-12-03,Mexico,South Korea,2,1,Friendly,Los Angeles,United States,True
1985-12-09,Hungary,South Korea,1,0,Friendly,Irapuato,Mexico,True
1985-12-10,Mexico,South Korea,2,1,Friendly,Guadalajara,Mexico,False
1985-12-13,Algeria,South Korea,0,2,Friendly,Nezahualcóyotl,Mexico,True
1986-02-14,South Korea,Paraguay,1,3,Lunar New Year Cup,So Kon Po,Hong Kong,True
1986-04-26,Pakistan,South Korea,1,0,Friendly,Islamabad,Pakistan,False
1986-04-29,South Korea,Nepal,5,0,Friendly,Islamabad,Pakistan,True
1986-04-30,South Korea,Sri Lanka,4,0,Friendly,Islamabad,Pakistan,True
1986-05-02,China PR,South Korea,1,1,Friendly,Islamabad,Pakistan,True
1986-06-02,Argentina,South Korea,3,1,FIFA World Cup,Mexico City,Mexico,True
1986-06-05,South Korea,Bulgaria,1,1,FIFA World Cup,Mexico City,Mexico,True
1986-06-10,South Korea,Italy,2,3,FIFA World Cup,Puebla,Mexico,True
1986-09-20,South Korea,India,3,0,Asian Games,Busan,South Korea,False
1986-09-24,South Korea,Bahrain,0,0,Asian Games,Busan,South Korea,False
1986-09-28,South Korea,China PR,4,2,Asian Games,Busan,South Korea,False
1986-10-01,South Korea,Iran,1,1,Asian Games,Busan,South Korea,False
1986-10-03,South Korea,Indonesia,4,0,Asian Games,Seoul,South Korea,False
1986-10-05,South Korea,Saudi Arabia,2,0,Asian Games,Seoul,South Korea,False
1986-12-06,South Korea,Malaysia,2,1,Friendly,Pokhara,Nepal,True
1986-12-11,Nepal,South Korea,1,2,Friendly,Kathmandu,Nepal,False
1987-06-10,South Korea,Egypt,0,0,Korea Cup,Masan,South Korea,False
1987-06-12,South Korea,United States,1,0,Korea Cup,Busan,South Korea,False
1987-06-14,South Korea,Thailand,4,2,Korea Cup,Daejeon,South Korea,False
1987-06-21,South Korea,Australia,1,1,Korea Cup,Seoul,South Korea,False
1987-08-06,Indonesia,South Korea,1,1,Indonesia Tournament,Jakarta,Indonesia,False
1987-08-07,Algeria,South Korea,2,0,Indonesia Tournament,Jakarta,Indonesia,True
1987-12-17,Malaysia,South Korea,0,1,Merdeka Tournament,Kuala Lumpur,Malaysia,False
1988-01-06,South Korea,Egypt,1,1,Friendly,Doha,Qatar,True
1988-01-21,Malaysia,South Korea,0,0,King's Cup,Bangkok,Thailand,True
1988-06-17,Bahrain,South Korea,2,0,AFC Asian Cup qualification,Jakarta,Indonesia,True
1988-06-19,South Korea,Zambia,4,0,Korea Cup,Suwon,South Korea,False
1988-06-19,South Korea,Yemen DPR,1,1,AFC Asian Cup qualification,Jakarta,Indonesia,True
1988-06-22,Indonesia,South Korea,0,4,AFC Asian Cup qualification,Jakarta,Indonesia,False
1988-10-26,Japan,South Korea,0,1,Friendly,Tokyo,Japan,False
1988-12-03,United Arab Emirates,South Korea,0,1,AFC Asian Cup,Doha,Qatar,True
1988-12-06,South Korea,Japan,2,0,AFC Asian Cup,Doha,Qatar,True
1988-12-09,Qatar,South Korea,2,3,AFC Asian Cup,Doha,Qatar,False
1988-12-11,South Korea,Iran,3,0,AFC Asian Cup,Doha,Qatar,True
1988-12-14,South Korea,China PR,2,1,AFC Asian Cup,Doha,Qatar,True
1988-12-18,South Korea,Saudi Arabia,0,0,AFC Asian Cup,Doha,Qatar,True
1989-05-05,South Korea,Japan,1,0,Friendly,Seoul,South Korea,False
1989-05-23,South Korea,Singapore,3,0,FIFA World Cup qualification,Seoul,South Korea,False
1989-05-25,South Korea,Nepal,9,0,FIFA World Cup qualification,Seoul,South Korea,False
1989-05-27,South Korea,Malaysia,3,0,FIFA World Cup qualification,Seoul,South Korea,False
1989-06-03,Nepal,South Korea,0,4,FIFA World Cup qualification,Singapore,Singapore,True
1989-06-05,Malaysia,South Korea,0,3,FIFA World Cup qualification,Singapore,Singapore,True
1989-06-07,Singapore,South Korea,0,3,FIFA World Cup qualification,Singapore,Singapore,False
1989-06-26,South Korea,Czechoslovakia,0,0,Korea Cup,Seoul,South Korea,False
1989-08-10,Mexico,South Korea,4,2,Marlboro Cup,Los Angeles,United States,True
1989-08-13,United States,South Korea,1,2,Marlboro Cup,Los Angeles,United States,False
1989-09-16,South Korea,Egypt,0,1,Friendly,Seoul,South Korea,False
1989-10-13,South Korea,Qatar,0,0,FIFA World Cup qualification,Singapore,Singapore,True
1989-10-16,South Korea,North Korea,1,0,FIFA World Cup qualification,Singapore,Singapore,True
1989-10-20,China PR,South Korea,0,1,FIFA World Cup qualification,Singapore,Singapore,True
1989-10-25,Saudi Arabia,South Korea,0,2,FIFA World Cup qualification,Singapore,Singapore,True
1989-10-28,United Arab Emirates,South Korea,1,1,FIFA World Cup qualification,Kuala Lumpur,Malaysia,True
1990-02-04,South Korea,Norway,2,3,Malta International Tournament,Attard,Malta,True
1990-02-10,Malta,South Korea,1,2,Malta International Tournament,Attard,Malta,False
1990-02-15,Iraq,South Korea,0,0,Friendly,Baghdad,Iraq,False
1990-02-18,Egypt,South Korea,0,0,Friendly,Cairo,Egypt,False
1990-06-12,Belgium,South Korea,2,0,FIFA World Cup,Verona,Italy,True
1990-06-17,South Korea,Spain,1,3,FIFA World Cup,Udine,Italy,True
1990-06-21,South Korea,Uruguay,0,1,FIFA World Cup,Udine,Italy,True
1990-07-27,Japan,South Korea,0,2,Dynasty Cup,Beijing,China PR,True
1990-07-29,South Korea,North Korea,1,0,Dynasty Cup,Beijing,China PR,True
1990-07-31,China PR,South Korea,0,1,Dynasty Cup,Beijing,China PR,False
1990-08-03,China PR,South Korea,1,1,Dynasty Cup,Beijing,China PR,False
1990-09-06,South Korea,Australia,1,0,Friendly,Seoul,South Korea,False
1990-09-09,South Korea,Australia,1,0,Friendly,Seoul,South Korea,False
1990-09-23,South Korea,Singapore,7,0,Asian Games,Beijing,China PR,True
1990-09-25,Pakistan,South Korea,0,7,Asian Games,Beijing,China PR,True
1990-09-27,China PR,South Korea,0,2,Asian Games,Beijing,China PR,False
1990-10-01,South Korea,Kuwait,1,0,Asian Games,Beijing,China PR,True
1990-10-03,South Korea,Iran,0,1,Asian Games,Beijing,China PR,True
1990-10-05,South Korea,Thailand,1,0,Asian Games,Beijing,China PR,True
1990-10-11,North Korea,South Korea,2,1,Friendly,Pyongyang,North Korea,False
1990-10-23,South Korea,North Korea,1,0,Friendly,Seoul,South Korea,False
1991-06-07,South Korea,Egypt,0,0,Korea Cup,Seoul,South Korea,False
1991-06-09,South Korea,Indonesia,3,0,Korea Cup,Daejeon,South Korea,False
1991-06-11,South Korea,Malta,1,1,Korea Cup,Gwangju,South Korea,False
1991-06-14,South Korea,Australia,0,0,Korea Cup,Seoul,South Korea,False
1991-06-16,South Korea,Egypt,2,0,Korea Cup,Seoul,South Korea,False
1991-07-27,Japan,South Korea,0,1,Friendly,Nagasaki,Japan,False
1992-06-19,South Korea,Bangladesh,6,0,AFC Asian Cup qualification,Bangkok,Thailand,True
1992-06-21,Thailand,South Korea,2,1,AFC Asian Cup qualification,Bangkok,Thailand,False
1992-08-22,Japan,South Korea,0,0,Dynasty Cup,Beijing,China PR,True
1992-08-24,South Korea,North Korea,1,1,Dynasty Cup,Beijing,China PR,True
1992-08-26,China PR,South Korea,0,2,Dynasty Cup,Beijing,China PR,False
1992-08-29,Japan,South Korea,2,2,Dynasty Cup,Beijing,China PR,True
1992-10-21,South Korea,United Arab Emirates,0,0,Friendly,Anyang,South Korea,False
1993-03-09,Canada,South Korea,0,2,Friendly,Coquitlam,Canada,False
1993-03-11,Canada,South Korea,2,0,Friendly,Victoria,Canada,False
1993-04-25,South Korea,Iraq,1,1,Friendly,Changwon,South Korea,False
1993-04-28,South Korea,Iraq,2,2,Friendly,Ulsan,South Korea,False
1993-05-09,Bahrain,South Korea,0,0,FIFA World Cup qualification,Beirut,Lebanon,True
1993-05-11,Lebanon,South Korea,0,1,FIFA World Cup qualification,Beirut,Lebanon,False
1993-05-13,India,South Korea,0,3,FIFA World Cup qualification,Beirut,Lebanon,True
1993-05-15,Hong Kong,South Korea,0,3,FIFA World Cup qualification,Beirut,Lebanon,True
1993-06-05,South Korea,Hong Kong,4,1,FIFA World Cup qualification,Seoul,South Korea,False
1993-06-07,South Korea,Lebanon,2,0,FIFA World Cup qualification,Seoul,South Korea,False
1993-06-09,South Korea,India,7,0,FIFA World Cup qualification,Seoul,South Korea,False
1993-06-13,South Korea,Bahrain,3,0,FIFA World Cup qualification,Seoul,South Korea,False
1993-06-19,South Korea,Egypt,1,2,Korea Cup,Seoul,South Korea,False
1993-06-28,South Korea,Egypt,0,1,Korea Cup,Seoul,South Korea,False
1993-09-24,South Korea,Australia,1,1,Friendly,Seoul,South Korea,False
1993-09-26,South Korea,Australia,1,0,Friendly,Seoul,South Korea,False
1993-10-16,Iran,South Korea,0,3,FIFA World Cup qualification,Doha,Qatar,True
1993-10-19,Iraq,South Korea,2,2,FIFA World Cup qualification,Doha,Qatar,True
1993-10-22,South Korea,Saudi Arabia,1,1,FIFA World Cup qualification,Doha,Qatar,True
1993-10-25,Japan,South Korea,1,0,FIFA World Cup qualification,Doha,Qatar,True
1993-10-28,South Korea,North Korea,3,0,FIFA World Cup qualification,Doha,Qatar,True
1994-02-16,South Korea,Romania,1,2,Friendly,Changwon,South Korea,False
1994-02-26,Colombia,South Korea,2,2,Friendly,Monterey Park,United States,True
1994-03-05,United States,South Korea,1,0,Friendly,Monterey Park,United States,False
1994-03-12,United States,South Korea,1,1,Friendly,Fullerton,United States,False
1994-05-01,South Korea,Cameroon,2,2,Friendly,Seoul,South Korea,False
1994-05-03,South Korea,Cameroon,2,1,Friendly,Changwon,South Korea,False
1994-06-05,Ecuador,South Korea,2,1,Friendly,Wakefield,United States,True
1994-06-11,Honduras,South Korea,0,3,Friendly,Duncanville,United States,True
1994-06-17,Spain,South Korea,2,2,FIFA World Cup,Dallas,United States,True
1994-06-23,South Korea,Bolivia,0,0,FIFA World Cup,Foxborough,United States,True
1994-06-27,Germany,South Korea,3,2,FIFA World Cup,Dallas,United States,True
1994-09-11,South Korea,Ukraine,1,0,Friendly,Gangneung,South Korea,False
1994-09-13,South Korea,Ukraine,2,0,Friendly,Seoul,South Korea,False
1994-09-19,South Korea,United Arab Emirates,0,0,Friendly,Seoul,South Korea,False
1994-10-01,South Korea,Nepal,11,0,Asian Games,Onomichi,Japan,True
1994-10-05,South Korea,Oman,2,1,Asian Games,Hiroshima,Japan,True
1994-10-07,South Korea,Kuwait,0,1,Asian Games,Miyoshi,Japan,True
1994-10-11,Japan,South Korea,2,3,Asian Games,Hiroshima,Japan,False
1994-10-13,Uzbekistan,South Korea,1,0,Asian Games,Hiroshima,Japan,True
1994-10-15,Kuwait,South Korea,2,1,Asian Games,Hiroshima,Japan,True
1995-01-31,South Korea,Colombia,1,0,Lunar New Year Cup,So Kon Po,Hong Kong,True
1995-02-04,South Korea,Serbia,0,1,Lunar New Year Cup,So Kon Po,Hong Kong,True
1995-02-19,China PR,South Korea,0,0,Dynasty Cup,Victoria,Hong Kong,True
1995-02-21,Japan,South Korea,1,1,Dynasty Cup,Victoria,Hong Kong,True
1995-02-23,Hong Kong,South Korea,2,3,Dynasty Cup,Victoria,Hong Kong,False
1995-02-26,Japan,South Korea,2,2,Dynasty Cup,Victoria,Hong Kong,True
1995-06-05,South Korea,Costa Rica,1,0,Korea Cup,Suwon,South Korea,False
1995-06-10,South Korea,Zambia,2,3,Korea Cup,Seoul,South Korea,False
1995-08-12,South Korea,Brazil,0,1,Friendly,Suwon,South Korea,False
1995-10-31,South Korea,Saudi Arabia,1,1,Friendly,Seoul,South Korea,False
1996-03-13,Croatia,South Korea,3,0,Friendly,Zagreb,Croatia,False
1996-03-19,United Arab Emirates,South Korea,3,2,United Arab Emirates Friendship Tournament,Dubai,United Arab Emirates,False
1996-03-23,South Korea,Morocco,2,2,United Arab Emirates Friendship Tournament,Dubai,United Arab Emirates,True
1996-03-25,Egypt,South Korea,1,1,United Arab Emirates Friendship Tournament,Dubai,United Arab Emirates,True
1996-04-30,Israel,South Korea,4,5,Friendly,Jaffa,Israel,False
1996-05-16,South Korea,Sweden,0,2,Friendly,Seoul,South Korea,False
1996-08-05,South Korea,Guam,9,0,AFC Asian Cup qualification,Ho Chi Minh City,Vietnam,True
1996-08-08,South Korea,Taiwan,4,0,AFC Asian Cup qualification,Ho Chi Minh City,Vietnam,True
1996-08-11,Vietnam,South Korea,0,4,AFC Asian Cup qualification,Ho Chi Minh City,Vietnam,False
1996-09-25,South Korea,China PR,3,1,Friendly,Seoul,South Korea,False
1996-11-23,South Korea,Colombia,4,1,Friendly,Suwon,South Korea,False
1996-11-26,China PR,South Korea,2,3,Friendly,Guangzhou,China PR,False
1996-12-04,United Arab Emirates,South Korea,1,1,AFC Asian Cup,Abu Dhabi,United Arab Emirates,False
1996-12-07,South Korea,Indonesia,4,2,AFC Asian Cup,Abu Dhabi,United Arab Emirates,True
1996-12-10,Kuwait,South Korea,2,0,AFC Asian Cup,Abu Dhabi,United Arab Emirates,True
1996-12-16,South Korea,Iran,2,6,AFC Asian Cup,Dubai,United Arab Emirates,True
1997-01-18,South Korea,Norway,1,0,Friendly,Melbourne,Australia,True
1997-01-22,Australia,South Korea,2,1,Friendly,Brisbane,Australia,False
1997-01-25,South Korea,New Zealand,3,1,Friendly,Sydney,Australia,True
1997-02-22,Hong Kong,South Korea,0,2,FIFA World Cup qualification,Victoria,Hong Kong,False
1997-03-02,Thailand,South Korea,1,3,FIFA World Cup qualification,Bangkok,Thailand,False
1997-04-23,China PR,South Korea,0,2,Friendly,Beijing,China PR,False
1997-05-21,Japan,South Korea,1,1,Friendly,Tokyo,Japan,False
1997-05-28,South Korea,Hong Kong,4,0,FIFA World Cup qualification,Daejeon,South Korea,False
1997-06-01,South Korea,Thailand,0,0,FIFA World Cup qualification,Seoul,South Korea,False
1997-06-12,South Korea,Egypt,3,1,Korea Cup,Seoul,South Korea,False
1997-06-14,South Korea,Ghana,3,0,Korea Cup,Suwon,South Korea,False
1997-06-16,South Korea,Serbia,1,1,Korea Cup,Seoul,South Korea,False
1997-08-10,South Korea,Brazil,1,2,Friendly,Seoul,South Korea,False
1997-08-24,South Korea,Tajikistan,4,1,Friendly,Daegu,South Korea,False
1997-08-30,South Korea,China PR,0,0,Friendly,Seoul,South Korea,False
1997-09-06,South Korea,Kazakhstan,3,0,FIFA World Cup qualification,Seoul,South Korea,False
1997-09-12,South Korea,Uzbekistan,2,1,FIFA World Cup qualification,Seoul,South Korea,False
1997-09-28,Japan,South Korea,1,2,FIFA World Cup qualification,Tokyo,Japan,False
1997-10-04,South Korea,United Arab Emirates,3,0,FIFA World Cup qualification,Seoul,South Korea,False
1997-10-11,Kazakhstan,South Korea,1,1,FIFA World Cup qualification,Almaty,Kazakhstan,False
1997-10-18,Uzbekistan,South Korea,1,5,FIFA World Cup qualification,Tashkent,Uzbekistan,False
1997-11-01,South Korea,Japan,0,2,FIFA World Cup qualification,Seoul,South Korea,False
1997-11-09,United Arab Emirates,South Korea,1,3,FIFA World Cup qualification,Abu Dhabi,United Arab Emirates,False
1998-01-27,Egypt,South Korea,0,2,King's Cup,Bangkok,Thailand,True
1998-01-29,Thailand,South Korea,0,2,King's Cup,Bangkok,Thailand,False
1998-01-31,Egypt,South Korea,1,1,King's Cup,Bangkok,Thailand,True
1998-02-07,New Zealand,South Korea,0,1,Friendly,Auckland,New Zealand,False
1998-02-11,Australia,South Korea,1,0,Friendly,Sydney,Australia,False
1998-03-01,Japan,South Korea,2,1,Dynasty Cup,Yokohama,Japan,False
1998-03-04,China PR,South Korea,1,2,Dynasty Cup,Yokohama,Japan,True
1998-03-08,Hong Kong,South Korea,0,1,Dynasty Cup,Tokyo,Japan,True
1998-04-01,South Korea,Japan,2,1,Friendly,Seoul,South Korea,False
1998-04-15,Slovakia,South Korea,0,0,Friendly,Bratislava,Slovakia,False
1998-04-18,North Macedonia,South Korea,2,2,Friendly,Skopje,North Macedonia,False
1998-04-22,Serbia,South Korea,3,1,Friendly,Belgrade,Yugoslavia,False
1998-05-16,South Korea,Jamaica,2,1,Friendly,Seoul,South Korea,False
1998-05-19,South Korea,Jamaica,0,0,Friendly,Seoul,South Korea,False
1998-05-27,South Korea,Czech Republic,2,2,Friendly,Seoul,South Korea,False
1998-06-04,South Korea,China PR,1,1,Friendly,Seoul,South Korea,False
1998-06-13,South Korea,Mexico,1,3,FIFA World Cup,Lyon,France,True
1998-06-20,Netherlands,South Korea,5,0,FIFA World Cup,Marseille,France,True
1998-06-25,Belgium,South Korea,1,1,FIFA World Cup,Paris,France,True
1998-11-22,China PR,South Korea,0,0,Friendly,Shanghai,China PR,False
1998-12-02,South Korea,Turkmenistan,2,3,Asian Games,Nakhon Sawan,Thailand,True
1998-12-04,Vietnam,South Korea,0,4,Asian Games,Nakhon Sawan,Thailand,True
1998-12-07,Japan,South Korea,0,2,Asian Games,Bangkok,Thailand,True
1998-12-09,United Arab Emirates,South Korea,1,2,Asian Games,Bangkok,Thailand,True
1998-12-11,South Korea,Kuwait,1,0,Asian Games,Bangkok,Thailand,True
1998-12-14,Thailand,South Korea,2,1,Asian Games,Bangkok,Thailand,False
1999-03-28,South Korea,Brazil,1,0,Friendly,Seoul,South Korea,False
1999-06-05,South Korea,Belgium,1,2,Friendly,Seoul,South Korea,False
1999-06-12,South Korea,Mexico,1,1,Korea Cup,Seoul,South Korea,False
1999-06-16,South Korea,Egypt,0,0,Korea Cup,Seoul,South Korea,False
1999-06-19,South Korea,Croatia,1,1,Korea Cup,Seoul,South Korea,False
2000-01-21,New Zealand,South Korea,0,1,Friendly,Auckland,New Zealand,False
2000-01-23,New Zealand,South Korea,0,0,Friendly,Palmerston North,New Zealand,False
2000-02-15,Canada,South Korea,0,0,Gold Cup,Los Angeles,United States,True
2000-02-17,South Korea,Costa Rica,2,2,Gold Cup,Los Angeles,United States,True
2000-04-05,South Korea,Laos,9,0,AFC Asian Cup qualification,Seoul,South Korea,False
2000-04-07,South Korea,Mongolia,6,0,AFC Asian Cup qualification,Seoul,South Korea,False
2000-04-09,South Korea,Myanmar,4,0,AFC Asian Cup qualification,Seoul,South Korea,False
2000-04-26,South Korea,Japan,1,0,Friendly,Seoul,South Korea,False
2000-05-28,South Korea,Serbia,0,0,Friendly,Seoul,South Korea,False
2000-05-30,South Korea,Serbia,0,0,Friendly,Seongnam,South Korea,False
2000-06-07,South Korea,North Macedonia,2,1,Friendly,Tehran,Iran,True
2000-06-09,Egypt,South Korea,0,1,Friendly,Tehran,Iran,True
2000-07-28,China PR,South Korea,0,1,Friendly,Beijing,China PR,False
2000-10-04,United Arab Emirates,South Korea,1,1,United Arab Emirates Friendship Tournament,Dubai,United Arab Emirates,False
2000-10-07,Australia,South Korea,2,4,United Arab Emirates Friendship Tournament,Dubai,United Arab Emirates,True
2000-10-13,South Korea,China PR,2,2,AFC Asian Cup,Tripoli,Lebanon,True
2000-10-16,South Korea,Kuwait,0,1,AFC Asian Cup,Tripoli,Lebanon,True
2000-10-19,South Korea,Indonesia,3,0,AFC Asian Cup,Beirut,Lebanon,True
2000-10-23,Iran,South Korea,1,2,AFC Asian Cup,Tripoli,Lebanon,True
2000-10-26,South Korea,Saudi Arabia,1,2,AFC Asian Cup,Beirut,Lebanon,True
2000-10-29,China PR,South Korea,0,1,AFC Asian Cup,Beirut,Lebanon,True
2000-12-20,Japan,South Korea,1,1,Friendly,Tokyo,Japan,False
2001-01-24,South Korea,Norway,2,3,Lunar New Year Cup,So Kon Po,Hong Kong,True
2001-01-27,South Korea,Paraguay,1,1,Lunar New Year Cup,So Kon Po,Hong Kong,True
2001-02-08,Morocco,South Korea,1,1,United Arab Emirates Friendship Tournament,Dubai,United Arab Emirates,True
2001-02-11,United Arab Emirates,South Korea,1,4,United Arab Emirates Friendship Tournament,Dubai,United Arab Emirates,False
2001-04-24,Iran,South Korea,0,1,Friendly,Cairo,Egypt,True
2001-04-26,Egypt,South Korea,1,2,Friendly,Cairo,Egypt,False
2001-05-25,South Korea,Cameroon,0,0,Friendly,Suwon,South Korea,False
2001-05-30,South Korea,France,0,5,Confederations Cup,Daegu,South Korea,False
2001-06-01,South Korea,Mexico,2,1,Confederations Cup,Ulsan,South Korea,False
2001-06-03,South Korea,Australia,1,0,Confederations Cup,Suwon,South Korea,False
2001-08-15,Czech Republic,South Korea,5,0,Friendly,Drnovice,Czech Republic,False
2001-09-13,South Korea,Nigeria,2,2,Friendly,Daejeon,South Korea,False
2001-09-16,South Korea,Nigeria,2,1,Friendly,Busan,South Korea,False
2001-11-08,South Korea,Senegal,0,1,Friendly,Jeonju,South Korea,False
2001-11-10,South Korea,Croatia,2,0,Friendly,Seoul,South Korea,False
2001-11-13,South Korea,Croatia,1,1,Friendly,Gwangju,South Korea,False
2001-12-09,South Korea,United States,1,0,Friendly,Seogwipo,South Korea,False
2002-01-19,United States,South Korea,2,1,Gold Cup,Pasadena,United States,False
2002-01-23,South Korea,Cuba,0,0,Gold Cup,Pasadena,United States,True
2002-01-27,Mexico,South Korea,0,0,Gold Cup,Pasadena,United States,True
2002-01-30,Costa Rica,South Korea,3,1,Gold Cup,Pasadena,United States,True
2002-02-02,Canada,South Korea,2,1,Gold Cup,Pasadena,United States,True
2002-02-13,Uruguay,South Korea,2,1,Friendly,Montevideo,Uruguay,False
2002-03-13,Tunisia,South Korea,0,0,Friendly,Tunis,Tunisia,False
2002-03-20,Finland,South Korea,0,2,Friendly,Cartagena,Spain,True
2002-03-26,South Korea,Turkey,0,0,Friendly,Bochum,Germany,True
2002-04-21,South Korea,Costa Rica,2,0,Friendly,Daegu,South Korea,False
2002-04-27,South Korea,China PR,0,0,Friendly,Incheon,South Korea,False
2002-05-16,South Korea,Scotland,4,1,Friendly,Busan,South Korea,False
2002-05-21,South Korea,England,1,1,Friendly,Seogwipo,South Korea,False
2002-05-26,South Korea,France,2,3,Friendly,Suwon,South Korea,False
2002-06-04,South Korea,Poland,2,0,FIFA World Cup,Busan,South Korea,False
2002-06-10,South Korea,United States,1,1,FIFA World Cup,Daegu,South Korea,False
2002-06-14,South Korea,Portugal,1,0,FIFA World Cup,Incheon,South Korea,False
2002-06-18,South Korea,Italy,2,1,FIFA World Cup,Daejeon,South Korea,False
2002-06-22,South Korea,Spain,0,0,FIFA World Cup,Gwangju,South Korea,False
2002-06-25,South Korea,Germany,0,1,FIFA World Cup,Seoul,South Korea,False
2002-06-29,South Korea,Turkey,2,3,FIFA World Cup,Daegu,South Korea,False
2002-09-07,South Korea,North Korea,0,0,Friendly,Seoul,South Korea,False
2002-11-20,South Korea,Brazil,2,3,Friendly,Seoul,South Korea,False
2003-03-29,South Korea,Colombia,0,0,Friendly,Busan,South Korea,False
2003-04-16,South Korea,Japan,0,1,Friendly,Seoul,South Korea,False
2003-05-31,Japan,South Korea,0,1,Friendly,Tokyo,Japan,False
2003-06-08,South Korea,Uruguay,0,2,Friendly,Seoul,South Korea,False
2003-06-11,South Korea,Argentina,0,1,Friendly,Seoul,South Korea,False
2003-09-25,South Korea,Vietnam,5,0,AFC Asian Cup qualification,Incheon,South Korea,False
2003-09-27,South Korea,Oman,1,0,AFC Asian Cup qualification,Incheon,South Korea,False
2003-09-29,South Korea,Nepal,16,0,AFC Asian Cup qualification,Incheon,South Korea,False
2003-10-19,Vietnam,South Korea,1,0,AFC Asian Cup qualification,Muscat,Oman,True
2003-10-21,Oman,South Korea,3,1,AFC Asian Cup qualification,Muscat,Oman,False
2003-10-24,Nepal,South Korea,0,7,AFC Asian Cup qualification,Muscat,Oman,True
2003-11-18,South Korea,Bulgaria,0,1,Friendly,Seoul,South Korea,False
2003-12-04,Hong Kong,South Korea,1,3,EAFF Championship,Tokyo,Japan,True
2003-12-07,South Korea,China PR,1,0,EAFF Championship,Saitama,Japan,True
2003-12-10,Japan,South Korea,0,0,EAFF Championship,Yokohama,Japan,False
2004-02-14,South Korea,Oman,5,0,Friendly,Ulsan,South Korea,False
2004-02-18,South Korea,Lebanon,2,0,FIFA World Cup qualification,Suwon,South Korea,False
2004-03-31,Maldives,South Korea,0,0,FIFA World Cup qualification,Malé,Maldives,False
2004-04-28,South Korea,Paraguay,0,0,Friendly,Incheon,South Korea,False
2004-06-02,South Korea,Turkey,0,1,Friendly,Seoul,South Korea,False
2004-06-05,South Korea,Turkey,2,1,Friendly,Daegu,South Korea,False
2004-06-09,South Korea,Vietnam,2,0,FIFA World Cup qualification,Daejeon,South Korea,False
2004-07-10,South Korea,Bahrain,2,0,Friendly,Gwangju,South Korea,False
2004-07-14,South Korea,Trinidad and Tobago,1,1,Friendly,Seoul,South Korea,False
2004-07-19,South Korea,Jordan,0,0,AFC Asian Cup,Jinan,China PR,True
2004-07-23,United Arab Emirates,South Korea,0,2,AFC Asian Cup,Jinan,China PR,True
2004-07-27,South Korea,Kuwait,4,0,AFC Asian Cup,Jinan,China PR,True
2004-07-31,South Korea,Iran,3,4,AFC Asian Cup,Jinan,China PR,True
2004-09-08,Vietnam,South Korea,1,2,FIFA World Cup qualification,Ho Chi Minh City,Vietnam,False
2004-10-13,Lebanon,South Korea,1,1,FIFA World Cup qualification,Beirut,Lebanon,False
2004-11-17,South Korea,Maldives,2,0,FIFA World Cup qualification,Seoul,South Korea,False
2004-12-19,South Korea,Germany,3,1,Friendly,Busan,South Korea,False
2005-01-15,Colombia,South Korea,2,1,Friendly,Los Angeles,United States,True
2005-01-19,Paraguay,South Korea,1,1,Friendly,Los Angeles,United States,True
2005-01-22,Sweden,South Korea,1,1,Friendly,Carson,United States,True
2005-02-04,South Korea,Egypt,0,1,Friendly,Seoul,South Korea,False
2005-02-09,South Korea,Kuwait,2,0,FIFA World Cup qualification,Seoul,South Korea,False
2005-03-20,South Korea,Burkina Faso,1,0,Friendly,Dubai,United Arab Emirates,True
2005-03-25,Saudi Arabia,South Korea,2,0,FIFA World Cup qualification,Dammam,Saudi Arabia,False
2005-03-30,South Korea,Uzbekistan,2,1,FIFA World Cup qualification,Seoul,South Korea,False
2005-06-03,Uzbekistan,South Korea,1,1,FIFA World Cup qualification,Tashkent,Uzbekistan,False
2005-06-08,Kuwait,South Korea,0,4,FIFA World Cup qualification,Kuwait City,Kuwait,False
2005-07-31,South Korea,China PR,1,1,EAFF Championship,Daejeon,South Korea,False
2005-08-04,South Korea,North Korea,0,0,EAFF Championship,Jeonju,South Korea,False
2005-08-07,South Korea,Japan,0,1,EAFF Championship,Daegu,South Korea,False
2005-08-14,South Korea,North Korea,3,0,Friendly,Seoul,South Korea,False
2005-08-17,South Korea,Saudi Arabia,0,1,FIFA World Cup qualification,Seoul,South Korea,False
2005-10-12,South Korea,Iran,2,0,Friendly,Seoul,South Korea,False
2005-11-12,South Korea,Sweden,2,2,Friendly,Seoul,South Korea,False
2005-11-16,South Korea,Serbia,2,0,Friendly,Seoul,South Korea,False
2006-01-18,United Arab Emirates,South Korea,1,0,Friendly,Dubai,United Arab Emirates,False
2006-01-21,Greece,South Korea,1,1,Friendly,Riyadh,Saudi Arabia,True
2006-01-25,Finland,South Korea,0,1,Friendly,Riyadh,Saudi Arabia,True
2006-01-29,South Korea,Croatia,2,0,Lunar New Year Cup,So Kon Po,Hong Kong,True
2006-02-11,Costa Rica,South Korea,1,0,Friendly,Oakland,United States,True
2006-02-15,Mexico,South Korea,0,1,Friendly,Los Angeles,United States,True
2006-02-22,Syria,South Korea,1,2,AFC Asian Cup qualification,Aleppo,Syria,False
2006-03-01,South Korea,Angola,1,0,Friendly,Seoul,South Korea,False
2006-05-23,South Korea,Senegal,1,1,Friendly,Seoul,South Korea,False
2006-05-26,South Korea,Bosnia and Herzegovina,2,0,Friendly,Seoul,South Korea,False
2006-06-01,Norway,South Korea,0,0,Friendly,Oslo,Norway,False
2006-06-04,Ghana,South Korea,3,1,Friendly,Edinburgh,Scotland,True
2006-06-13,South Korea,Togo,2,1,FIFA World Cup,Frankfurt am Main,Germany,True
2006-06-18,France,South Korea,1,1,FIFA World Cup,Leipzig,Germany,True
2006-06-23,Switzerland,South Korea,2,0,FIFA World Cup,Hanover,Germany,True
2006-09-02,South Korea,Iran,1,1,AFC Asian Cup qualification,Seoul,South Korea,False
2006-09-06,South Korea,Taiwan,8,0,AFC Asian Cup qualification,Suwon,South Korea,False
2006-10-08,South Korea,Ghana,1,3,Friendly,Seoul,South Korea,False
2006-10-11,South Korea,Syria,1,1,AFC Asian Cup qualification,Seoul,South Korea,False
2006-11-15,Iran,South Korea,2,0,AFC Asian Cup qualification,Tehran,Iran,False
2007-02-06,Greece,South Korea,0,1,Friendly,London,England,True
2007-03-24,South Korea,Uruguay,0,2,Friendly,Seoul,South Korea,False
2007-06-02,South Korea,Netherlands,0,2,Friendly,Seoul,South Korea,False
2007-06-29,South Korea,Iraq,3,0,Friendly,Seogwipo,South Korea,False
2007-07-05,South Korea,Uzbekistan,2,1,Friendly,Seoul,South Korea,False
2007-07-11,South Korea,Saudi Arabia,1,1,AFC Asian Cup,Jakarta,Indonesia,True
2007-07-15,Bahrain,South Korea,2,1,AFC Asian Cup,Jakarta,Indonesia,True
2007-07-18,Indonesia,South Korea,0,1,AFC Asian Cup,Jakarta,Indonesia,False
2007-07-22,Iran,South Korea,0,0,AFC Asian Cup,Kuala Lumpur,Malaysia,True
2007-07-25,Iraq,South Korea,0,0,AFC Asian Cup,Kuala Lumpur,Malaysia,True
2007-07-28,South Korea,Japan,0,0,AFC Asian Cup,Palembang,Indonesia,True
2008-01-30,South Korea,Chile,0,1,Friendly,Seoul,South Korea,False
2008-02-06,South Korea,Turkmenistan,4,0,FIFA World Cup qualification,Seoul,South Korea,False
2008-02-17,China PR,South Korea,2,3,EAFF Championship,Chongqing,China PR,False
2008-02-20,South Korea,North Korea,1,1,EAFF Championship,Chongqing,China PR,True
2008-02-23,Japan,South Korea,1,1,EAFF Championship,Chongqing,China PR,True
2008-03-26,North Korea,South Korea,0,0,FIFA World Cup qualification,Shanghai,China PR,True
2008-05-31,South Korea,Jordan,2,2,FIFA World Cup qualification,Seoul,South Korea,False
2008-06-07,Jordan,South Korea,0,1,FIFA World Cup qualification,Amman,Jordan,False
2008-06-14,Turkmenistan,South Korea,1,3,FIFA World Cup qualification,Ashgabat,Turkmenistan,False
2008-06-22,South Korea,North Korea,0,0,FIFA World Cup qualification,Seoul,South Korea,False
2008-09-05,South Korea,Jordan,1,0,Friendly,Seoul,South Korea,False
2008-09-10,North Korea,South Korea,1,1,FIFA World Cup qualification,Shanghai,China PR,True
2008-10-11,South Korea,Uzbekistan,3,0,Friendly,Suwon,South Korea,False
2008-10-15,South Korea,United Arab Emirates,4,1,FIFA World Cup qualification,Seoul,South Korea,False
2008-11-19,Saudi Arabia,South Korea,0,2,FIFA World Cup qualification,Riyadh,Saudi Arabia,False
2009-02-01,Syria,South Korea,1,1,Friendly,Dubai,United Arab Emirates,True
2009-02-04,Bahrain,South Korea,2,2,Friendly,Dubai,United Arab Emirates,True
2009-02-11,Iran,South Korea,1,1,FIFA World Cup qualification,Tehran,Iran,False
2009-03-28,South Korea,Iraq,2,1,Friendly,Suwon,South Korea,False
2009-04-01,South Korea,North Korea,1,0,FIFA World Cup qualification,Seoul,South Korea,False
2009-06-06,United Arab Emirates,South Korea,0,2,FIFA World Cup qualification,Dubai,United Arab Emirates,False
2009-06-10,South Korea,Saudi Arabia,0,0,FIFA World Cup qualification,Seoul,South Korea,False
2009-06-17,South Korea,Iran,1,1,FIFA World Cup qualification,Seoul,South Korea,False
2009-08-12,South Korea,Paraguay,1,0,Friendly,Seoul,South Korea,False
2009-09-05,South Korea,Australia,3,1,Friendly,Seoul,South Korea,False
2009-10-14,South Korea,Senegal,2,0,Friendly,Seoul,South Korea,False
2009-11-14,Denmark,South Korea,0,0,Friendly,Esbjerg,Denmark,False
2009-11-18,South Korea,Serbia,0,1,Friendly,London,England,True
2010-01-09,Zambia,South Korea,4,2,Friendly,Johannesburg,South Africa,True
2010-01-18,Finland,South Korea,0,2,Friendly,Málaga,Spain,True
2010-01-22,Latvia,South Korea,0,1,Friendly,Málaga,Spain,True
2010-02-07,South Korea,Hong Kong,5,0,EAFF Championship,Tokyo,Japan,True
2010-02-10,China PR,South Korea,3,0,EAFF Championship,Tokyo,Japan,True
2010-02-14,Japan,South Korea,1,3,EAFF Championship,Tokyo,Japan,False
2010-03-03,Ivory Coast,South Korea,0,2,Friendly,London,England,True
2010-05-16,South Korea,Ecuador,2,0,Friendly,Seoul,South Korea,False
2010-05-24,Japan,South Korea,0,2,Friendly,Saitama,Japan,False
2010-05-30,Belarus,South Korea,1,0,Friendly,Kufstein,Austria,True
2010-06-03,Spain,South Korea,1,0,Friendly,Innsbruck,Austria,True
2010-06-12,South Korea,Greece,2,0,FIFA World Cup,Port Elizabeth,South Africa,True
2010-06-17,Argentina,South Korea,4,1,FIFA World Cup,Johannesburg,South Africa,True
2010-06-22,Nigeria,South Korea,2,2,FIFA World Cup,Durban,South Africa,True
2010-06-26,Uruguay,South Korea,2,1,FIFA World Cup,Port Elizabeth,South Africa,True
2010-08-11,South Korea,Nigeria,2,1,Friendly,Suwon,South Korea,False
2010-09-07,South Korea,Iran,0,1,Friendly,Seoul,South Korea,False
2010-10-12,South Korea,Japan,0,0,Friendly,Seoul,South Korea,False
2010-12-30,Syria,South Korea,0,1,Friendly,Abu Dhabi,United Arab Emirates,True
2011-01-10,South Korea,Bahrain,2,1,AFC Asian Cup,Doha,Qatar,True
2011-01-14,Australia,South Korea,1,1,AFC Asian Cup,Doha,Qatar,True
2011-01-18,South Korea,India,4,1,AFC Asian Cup,Doha,Qatar,True
2011-01-22,Iran,South Korea,0,1,AFC Asian Cup,Doha,Qatar,True
2011-01-25,Japan,South Korea,2,2,AFC Asian Cup,Doha,Qatar,True
2011-01-28,Uzbekistan,South Korea,2,3,AFC Asian Cup,Doha,Qatar,True
2011-02-09,Turkey,South Korea,0,0,Friendly,Trabzon,Turkey,False
2011-03-25,South Korea,Honduras,4,0,Friendly,Seoul,South Korea,False
2011-06-03,South Korea,Serbia,2,1,Friendly,Seoul,South Korea,False
2011-06-07,South Korea,Ghana,2,1,Friendly,Jeonju,South Korea,False
2011-08-10,Japan,South Korea,3,0,Friendly,Sapporo,Japan,False
2011-09-02,South Korea,Lebanon,6,0,FIFA World Cup qualification,Goyang,South Korea,False
2011-09-06,Kuwait,South Korea,1,1,FIFA World Cup qualification,Kuwait City,Kuwait,False
2011-10-07,South Korea,Poland,2,2,Friendly,Seoul,South Korea,False
2011-10-11,South Korea,United Arab Emirates,2,1,FIFA World Cup qualification,Suwon,South Korea,False
2011-11-11,United Arab Emirates,South Korea,0,2,FIFA World Cup qualification,Dubai,United Arab Emirates,False
2011-11-15,Lebanon,South Korea,2,1,FIFA World Cup qualification,Beirut,Lebanon,False
2012-02-25,South Korea,Uzbekistan,4,2,Friendly,Jeonju,South Korea,False
2012-02-29,South Korea,Kuwait,2,0,FIFA World Cup qualification,Seoul,South Korea,False
2012-05-30,Spain,South Korea,4,1,Friendly,Bern,Switzerland,True
2012-06-08,Qatar,South Korea,1,4,FIFA World Cup qualification,Doha,Qatar,False
2012-06-12,South Korea,Lebanon,3,0,FIFA World Cup qualification,Goyang,South Korea,False
2012-08-15,South Korea,Zambia,2,1,Friendly,Anyang,South Korea,False
2012-09-11,Uzbekistan,South Korea,2,2,FIFA World Cup qualification,Tashkent,Uzbekistan,False
2012-10-16,Iran,South Korea,1,0,FIFA World Cup qualification,Tehran,Iran,False
2012-11-14,South Korea,Australia,1,2,Friendly,Hwaseong,South Korea,False
2013-02-06,Croatia,South Korea,4,0,Friendly,London,England,True
2013-03-26,South Korea,Qatar,2,1,FIFA World Cup qualification,Seoul,South Korea,False
2013-06-04,Lebanon,South Korea,1,1,FIFA World Cup qualification,Beirut,Lebanon,False
2013-06-11,South Korea,Uzbekistan,1,0,FIFA World Cup qualification,Seoul,South Korea,False
2013-06-18,South Korea,Iran,0,1,FIFA World Cup qualification,Ulsan,South Korea,False
2013-07-20,South Korea,Australia,0,0,EAFF Championship,Seoul,South Korea,False
2013-07-24,South Korea,China PR,0,0,EAFF Championship,Hwaseong,South Korea,False
2013-07-28,South Korea,Japan,1,2,EAFF Championship,Seoul,South Korea,False
2013-08-14,South Korea,Peru,0,0,Friendly,Suwon,South Korea,False
2013-09-06,South Korea,Haiti,4,1,Friendly,Incheon,South Korea,False
2013-09-10,South Korea,Croatia,1,2,Friendly,Jeonju,South Korea,False
2013-10-12,South Korea,Brazil,0,2,Friendly,Seoul,South Korea,False
2013-10-15,South Korea,Mali,3,1,Friendly,Cheonan,South Korea,False
2013-11-15,South Korea,Switzerland,2,1,Friendly,Seoul,South Korea,False
2013-11-19,Russia,South Korea,2,1,Friendly,Dubai,United Arab Emirates,True
2014-01-25,Costa Rica,South Korea,0,1,Friendly,Los Angeles,United States,True
2014-01-29,Mexico,South Korea,4,0,Friendly,San Antonio,United States,True
2014-02-01,United States,South Korea,2,0,Friendly,Carson,United States,False
2014-03-05,Greece,South Korea,0,2,Friendly,Piraeus,Greece,False
2014-05-28,South Korea,Tunisia,0,1,Friendly,Seoul,South Korea,False
2014-06-09,Ghana,South Korea,4,0,Friendly,Miami Gardens,United States,True
2014-06-17,Russia,South Korea,1,1,FIFA World Cup,Cuiabá,Brazil,True
2014-06-22,South Korea,Algeria,2,4,FIFA World Cup,Porto Alegre,Brazil,True
2014-06-26,South Korea,Belgium,0,1,FIFA World Cup,São Paulo,Brazil,True
2014-09-05,South Korea,Venezuela,3,1,Friendly,Bucheon,South Korea,False
2014-09-08,South Korea,Uruguay,0,1,Friendly,Goyang,South Korea,False
2014-10-10,South Korea,Paraguay,2,0,Friendly,Cheonan,South Korea,False
2014-10-14,South Korea,Costa Rica,1,3,Friendly,Seoul,South Korea,False
2014-11-14,Jordan,South Korea,0,1,Friendly,Amman,Jordan,False
2014-11-18,Iran,South Korea,1,0,Friendly,Tehran,Iran,False
2015-01-04,South Korea,Saudi Arabia,2,0,Friendly,Parramatta,Australia,True
2015-01-10,South Korea,Oman,1,0,AFC Asian Cup,Canberra,Australia,True
2015-01-13,Kuwait,South Korea,0,1,AFC Asian Cup,Canberra,Australia,True
2015-01-17,Australia,South Korea,0,1,AFC Asian Cup,Brisbane,Australia,False
2015-01-22,South Korea,Uzbekistan,2,0,AFC Asian Cup,Melbourne,Australia,True
2015-01-26,South Korea,Iraq,2,0,AFC Asian Cup,Sydney,Australia,True
2015-01-31,Australia,South Korea,2,1,AFC Asian Cup,Sydney,Australia,False
2015-03-27,South Korea,Uzbekistan,1,1,Friendly,Daejeon,South Korea,False
2015-03-31,South Korea,New Zealand,1,0,Friendly,Seoul,South Korea,False
2015-06-11,South Korea,United Arab Emirates,3,0,Friendly,Kuala Lumpur,Malaysia,True
2015-06-16,Myanmar,South Korea,0,2,FIFA World Cup qualification,Bangkok,Thailand,True
2015-08-02,China PR,South Korea,0,2,EAFF Championship,Wuhan,China PR,False
2015-08-05,Japan,South Korea,1,1,EAFF Championship,Wuhan,China PR,True
2015-08-09,South Korea,North Korea,0,0,EAFF Championship,Wuhan,China PR,True
2015-09-03,South Korea,Laos,8,0,FIFA World Cup qualification,Hwaseong,South Korea,False
2015-09-08,Lebanon,South Korea,0,3,FIFA World Cup qualification,Sidon,Lebanon,False
2015-10-08,Kuwait,South Korea,0,1,FIFA World Cup qualification,Kuwait City,Kuwait,False
2015-10-13,South Korea,Jamaica,3,0,Friendly,Seoul,South Korea,False
2015-11-12,South Korea,Myanmar,4,0,FIFA World Cup qualification,Suwon,South Korea,False
2015-11-17,Laos,South Korea,0,5,FIFA World Cup qualification,Vientiane,Laos,False
2016-03-24,South Korea,Lebanon,1,0,FIFA World Cup qualification,Ansan,South Korea,False
2016-03-27,Thailand,South Korea,0,1,Friendly,Bangkok,Thailand,False
2016-06-01,Spain,South Korea,6,1,Friendly,Salzburg,Austria,True
2016-06-05,Czech Republic,South Korea,1,2,Friendly,Prague,Czech Republic,False
2016-09-01,South Korea,China PR,3,2,FIFA World Cup qualification,Seoul,South Korea,False
2016-09-06,Syria,South Korea,0,0,FIFA World Cup qualification,Paroi,Malaysia,True
2016-10-06,South Korea,Qatar,3,2,FIFA World Cup qualification,Suwon,South Korea,False
2016-10-11,Iran,South Korea,1,0,FIFA World Cup qualification,Tehran,Iran,False
2016-11-11,South Korea,Canada,2,0,Friendly,Cheonan,South Korea,False
2016-11-15,South Korea,Uzbekistan,2,1,FIFA World Cup qualification,Seoul,South Korea,False
2017-03-23,China PR,South Korea,1,0,FIFA World Cup qualification,Changsha,China PR,False
2017-03-28,South Korea,Syria,1,0,FIFA World Cup qualification,Seoul,South Korea,False
2017-06-07,Iraq,South Korea,0,0,Friendly,Ras al-Khaimah,United Arab Emirates,True
2017-06-13,Qatar,South Korea,3,2,FIFA World Cup qualification,Doha,Qatar,False
2017-08-31,South Korea,Iran,0,0,FIFA World Cup qualification,Seoul,South Korea,False
2017-09-05,Uzbekistan,South Korea,0,0,FIFA World Cup qualification,Tashkent,Uzbekistan,False
2017-10-07,Russia,South Korea,4,2,Friendly,Moscow,Russia,False
2017-10-10,South Korea,Morocco,1,3,Friendly,Biel,Switzerland,True
2017-11-10,South Korea,Colombia,2,1,Friendly,Suwon,South Korea,False
2017-11-14,South Korea,Serbia,1,1,Friendly,Ulsan,South Korea,False
2017-12-09,South Korea,China PR,2,2,EAFF Championship,Chōfu,Japan,True
2017-12-12,North Korea,South Korea,0,1,EAFF Championship,Chōfu,Japan,True
2017-12-16,Japan,South Korea,1,4,EAFF Championship,Chōfu,Japan,False
2018-01-27,Moldova,South Korea,0,1,Friendly,Antalya,Turkey,True
2018-01-30,Jamaica,South Korea,2,2,Friendly,Antalya,Turkey,True
2018-02-03,Latvia,South Korea,0,1,Friendly,Antalya,Turkey,True
2018-03-24,Northern Ireland,South Korea,2,1,Friendly,Belfast,Northern Ireland,False
2018-03-27,Poland,South Korea,3,2,Friendly,Chorzów,Poland,False
2018-05-28,South Korea,Honduras,2,0,Friendly,Daegu,South Korea,False
2018-06-01,South Korea,Bosnia and Herzegovina,1,3,Friendly,Jeonju,South Korea,False
2018-06-07,South Korea,Bolivia,0,0,Friendly,Innsbruck,Austria,True
2018-06-11,South Korea,Senegal,0,2,Friendly,Grödig,Austria,True
2018-06-18,Sweden,South Korea,1,0,FIFA World Cup,Nizhny Novgorod,Russia,True
2018-06-23,South Korea,Mexico,1,2,FIFA World Cup,Rostov-on-Don,Russia,True
2018-06-27,South Korea,Germany,2,0,FIFA World Cup,Kazan,Russia,True
2018-09-07,South Korea,Costa Rica,2,0,Friendly,Goyang,South Korea,False
2018-09-11,South Korea,Chile,0,0,Friendly,Suwon,South Korea,False
2018-10-12,South Korea,Uruguay,2,1,Friendly,Seoul,South Korea,False
2018-10-16,South Korea,Panama,2,2,Friendly,Cheonan,South Korea,False
2018-11-17,Australia,South Korea,1,1,Friendly,Brisbane,Australia,False
2018-11-20,South Korea,Uzbekistan,4,0,Friendly,Brisbane,Australia,True
2018-12-31,South Korea,Saudi Arabia,0,0,Friendly,Abu Dhabi,United Arab Emirates,True
2019-01-07,South Korea,Philippines,1,0,AFC Asian Cup,Dubai,United Arab Emirates,True
2019-01-11,Kyrgyzstan,South Korea,0,1,AFC Asian Cup,Al Ain,United Arab Emirates,True
2019-01-16,South Korea,China PR,2,0,AFC Asian Cup,Abu Dhabi,United Arab Emirates,True
2019-01-22,South Korea,Bahrain,2,1,AFC Asian Cup,Dubai,United Arab Emirates,True
2019-01-25,South Korea,Qatar,0,1,AFC Asian Cup,Abu Dhabi,United Arab Emirates,True
2019-03-22,South Korea,Bolivia,1,0,Friendly,Ulsan,South Korea,False
2019-03-26,South Korea,Colombia,2,1,Friendly,Seoul,South Korea,False
2019-06-07,South Korea,Australia,1,0,Friendly,Busan,South Korea,False
2019-06-11,South Korea,Iran,1,1,Friendly,Seoul,South Korea,False
2019-09-05,South Korea,Georgia,2,2,Friendly,Istanbul,Turkey,True
2019-09-10,Turkmenistan,South Korea,0,2,FIFA World Cup qualification,Ashgabat,Turkmenistan,False
2019-10-10,South Korea,Sri Lanka,8,0,FIFA World Cup qualification,Hwaseong,South Korea,False
2019-10-15,North Korea,South Korea,0,0,FIFA World Cup qualification,Pyongyang,North Korea,False
2019-11-14,Lebanon,South Korea,0,0,FIFA World Cup qualification,Beirut,Lebanon,False
2019-11-19,Brazil,South Korea,3,0,Friendly,Abu Dhabi,United Arab Emirates,True
2019-12-11,South Korea,Hong Kong,2,0,EAFF Championship,Busan,South Korea,False
2019-12-15,South Korea,China PR,1,0,EAFF Championship,Busan,South Korea,False
2019-12-18,South Korea,Japan,1,0,EAFF Championship,Busan,South Korea,False
2020-11-14,Mexico,South Korea,3,2,Friendly,Wiener Neustadt,Austria,True
2020-11-17,South Korea,Qatar,2,1,Friendly,Maria Enzersdorf,Austria,True
2021-03-25,Japan,South Korea,3,0,Friendly,Yokohama,Japan,False
2021-06-05,South Korea,Turkmenistan,5,0,FIFA World Cup qualification,Goyang,South Korea,False
2021-06-09,South Korea,Sri Lanka,5,0,FIFA World Cup qualification,Goyang,South Korea,False
2021-06-13,South Korea,Lebanon,2,1,FIFA World Cup qualification,Goyang,South Korea,False
2021-09-02,South Korea,Iraq,0,0,FIFA World Cup qualification,Seoul,South Korea,False
2021-09-07,South Korea,Lebanon,1,0,FIFA World Cup qualification,Suwon,South Korea,False
2021-10-07,South Korea,Syria,2,1,FIFA World Cup qualification,Ansan,South Korea,False
2021-10-12,Iran,South Korea,1,1,FIFA World Cup qualification,Tehran,Iran,False
2021-11-11,South Korea,United Arab Emirates,1,0,FIFA World Cup qualification,Goyang,South Korea,False
2021-11-16,Iraq,South Korea,0,3,FIFA World Cup qualification,Al Rayyan,Qatar,True
2022-01-15,South Korea,Iceland,5,1,Friendly,Antalya,Turkey,True
2022-01-20,South Korea,Moldova,4,0,Friendly,Antalya,Turkey,True
2022-01-27,Lebanon,South Korea,0,1,FIFA World Cup qualification,Sidon,Lebanon,False
2022-02-01,Syria,South Korea,0,2,FIFA World Cup qualification,Dubai,United Arab Emirates,True
2022-03-24,South Korea,Iran,2,0,FIFA World Cup qualification,Seoul,South Korea,False
2022-03-29,United Arab Emirates,South Korea,1,0,FIFA World Cup qualification,Dubai,United Arab Emirates,False
2022-06-02,South Korea,Brazil,1,5,Friendly,Seoul,South Korea,False
2022-06-06,South Korea,Chile,2,0,Friendly,Daejeon,South Korea,False
2022-06-10,South Korea,Paraguay,2,2,Friendly,Suwon,South Korea,False
2022-06-14,South Korea,Egypt,4,1,Friendly,Seoul,South Korea,False
2022-07-20,China PR,South Korea,0,3,EAFF Championship,Toyota,Japan,True
2022-07-24,South Korea,Hong Kong,3,0,EAFF Championship,Toyota,Japan,True
2022-07-27,Japan,South Korea,3,0,EAFF Championship,Toyota,Japan,False
2022-09-23,South Korea,Costa Rica,2,2,Friendly,Goyang,South Korea,False
2022-09-27,South Korea,Cameroon,1,0,Friendly,Seoul,South Korea,False
2022-11-11,South Korea,Iceland,1,0,Friendly,Hwaseong,South Korea,False
2022-11-24,Uruguay,South Korea,0,0,FIFA World Cup,Al Rayyan,Qatar,True
2022-11-28,South Korea,Ghana,2,3,FIFA World Cup,Al Rayyan,Qatar,True
2022-12-02,South Korea,Portugal,2,1,FIFA World Cup,Al Rayyan,Qatar,True
2022-12-05,Brazil,South Korea,4,1,FIFA World Cup,Doha,Qatar,True
2023-03-24,South Korea,Colombia,2,2,Friendly,Ulsan,South Korea,False
2023-03-28,South Korea,Uruguay,1,2,Friendly,Seoul,South Korea,False
2023-06-16,South Korea,Peru,0,1,Friendly,Busan,South Korea,False
2023-06-20,South Korea,El Salvador,1,1,Friendly,Daejeon,South Korea,False
2023-09-07,Wales,South Korea,0,0,Friendly,Cardiff,Wales,False
2023-09-12,South Korea,Saudi Arabia,1,0,Friendly,Newcastle,England,True
2023-10-13,South Korea,Tunisia,4,0,Friendly,Seoul,South Korea,False
2023-10-17,South Korea,Vietnam,6,0,Friendly,Suwon,South Korea,False
2023-11-16,South Korea,Singapore,5,0,FIFA World Cup qualification,Seoul,South Korea,False
2023-11-21,China PR,South Korea,0,3,FIFA World Cup qualification,Shenzhen,China PR,False
2024-01-06,Iraq,South Korea,0,1,Friendly,Abu Dhabi,United Arab Emirates,True
2024-01-15,South Korea,Bahrain,3,1,AFC Asian Cup,Doha,Qatar,True
2024-01-20,Jordan,South Korea,2,2,AFC Asian Cup,Doha,Qatar,True
2024-01-25,South Korea,Malaysia,3,3,AFC Asian Cup,Al Wakrah,Qatar,True
2024-01-30,Saudi Arabia,South Korea,1,1,AFC Asian Cup,Al Rayyan,Qatar,True
2024-02-02,Australia,South Korea,1,2,AFC Asian Cup,Al Wakrah,Qatar,True
2024-02-06,Jordan,South Korea,2,0,AFC Asian Cup,Al Rayyan,Qatar,True
2024-03-21,South Korea,Thailand,1,1,FIFA World Cup qualification,Seoul,South Korea,False
2024-03-26,Thailand,South Korea,0,3,FIFA World Cup qualification,Bangkok,Thailand,False
2024-06-06,Singapore,South Korea,0,7,FIFA World Cup qualification,Kallang,Singapore,False
2024-06-11,South Korea,China PR,1,0,FIFA World Cup qualification,Seoul,South Korea,False
2024-09-05,South Korea,Palestine,0,0,FIFA World Cup qualification,Seoul,South Korea,False
2024-09-10,Oman,South Korea,1,3,FIFA World Cup qualification,Muscat,Oman,False
2024-10-10,Jordan,South Korea,0,2,FIFA World Cup qualification,Amman,Jordan,False
2024-10-15,South Korea,Iraq,3,2,FIFA World Cup qualification,Yongin,South Korea,False
2024-11-14,Kuwait,South Korea,1,3,FIFA World Cup qualification,Kuwait City,Kuwait,False
2024-11-19,Palestine,South Korea,1,1,FIFA World Cup qualification,Amman,Jordan,True
2025-03-20,South Korea,Oman,1,1,FIFA World Cup qualification,Goyang,South Korea,False
2025-03-25,South Korea,Jordan,1,1,FIFA World Cup qualification,Suwon,South Korea,False
