Date,Home_team,Away_team,home_score,away_score,Match_type,venue_city,venue_country,neutral_venue
1926-05-01,Kenya,Uganda,1,1,Friendly,Nairobi,Kenya,False
1926-05-03,Kenya,Uganda,2,1,Friendly,Nairobi,Kenya,False
1928-04-15,Uganda,Kenya,4,0,Friendly,Kampala,Uganda,False
1929-05-15,Kenya,Uganda,3,5,Friendly,Nairobi,Kenya,False
1930-02-16,Kenya,Uganda,0,0,Friendly,Nairobi,Kenya,False
1930-05-01,Uganda,Kenya,5,0,Friendly,Kampala,Uganda,False
1931-10-17,Kenya,Uganda,2,1,Friendly,Nairobi,Kenya,False
1932-08-25,Uganda,Kenya,13,1,Friendly,Kampala,Uganda,False
1935-02-22,Uganda,Kenya,5,1,Friendly,Kampala,Uganda,False
1935-05-11,Kenya,Uganda,1,3,Friendly,Nairobi,Kenya,False
1937-05-17,Uganda,Kenya,9,5,Friendly,Kampala,Uganda,False
1938-10-10,Kenya,Uganda,1,3,Friendly,Nairobi,Kenya,False
1939-11-28,Uganda,Kenya,5,2,Friendly,Kampala,Uganda,False
1940-02-20,Kenya,Uganda,3,6,Friendly,Nairobi,Kenya,False
1941-02-22,Uganda,Kenya,3,4,Friendly,Kampala,Uganda,False
1942-07-07,Kenya,Uganda,4,3,Friendly,Nairobi,Kenya,False
1943-03-19,Uganda,Kenya,2,1,Friendly,Kampala,Uganda,False
1944-11-07,Kenya,Uganda,2,1,Friendly,Nairobi,Kenya,False
1945-03-28,Uganda,Tanzania,7,0,Friendly,Kampala,Uganda,False
1945-04-14,Uganda,Kenya,4,1,Friendly,Kampala,Uganda,False
1945-08-20,Uganda,Tanzania,7,0,Friendly,Kampala,Uganda,False
1946-09-21,Kenya,Uganda,2,1,Friendly,Nairobi,Kenya,False
1947-09-17,Kenya,Uganda,2,3,Friendly,Dar es Salaam,Tanganyika,True
1947-09-20,Tanzania,Uganda,2,4,Friendly,Dar es Salaam,Tanganyika,False
1948-09-23,Uganda,Tanzania,6,0,Friendly,Kampala,Uganda,False
1948-09-25,Uganda,Kenya,2,1,Friendly,Kampala,Uganda,False
1950-10-11,Kenya,Uganda,3,1,Friendly,Nairobi,Kenya,False
1951-09-25,Kenya,Uganda,2,1,Friendly,Dar es Salaam,Tanganyika,True
1952-09-23,Uganda,Tanzania,4,0,Friendly,Kampala,Uganda,False
1952-09-27,Uganda,Kenya,6,3,Friendly,Kampala,Uganda,False
1953-09-19,Uganda,Burundi,9,1,Friendly,Kampala,Uganda,False
1953-09-29,Zanzibar,Uganda,1,5,Friendly,Zanzibar City,Zanzibar,False
1953-10-03,Kenya,Uganda,6,2,Friendly,Zanzibar City,Zanzibar,True
1954-10-06,Tanzania,Uganda,3,5,Friendly,Nairobi,Kenya,True
1954-10-09,Kenya,Uganda,2,2,Friendly,Nairobi,Kenya,False
1954-10-10,Kenya,Uganda,1,4,Friendly,Nairobi,Kenya,False
1955-10-11,Kenya,Uganda,0,1,Friendly,Dar es Salaam,Tanganyika,True
1955-10-15,Tanzania,Uganda,1,5,Friendly,Dar es Salaam,Tanganyika,False
1956-11-28,Uganda,Zanzibar,5,2,Friendly,Kampala,Uganda,False
1956-12-01,Uganda,Kenya,3,2,Friendly,Kampala,Uganda,False
1957-09-03,Tanzania,Uganda,2,4,Friendly,Zanzibar City,Zanzibar,True
1957-09-07,Kenya,Uganda,1,2,Friendly,Zanzibar City,Zanzibar,True
1958-10-04,Uganda,Zanzibar,1,1,Friendly,Nairobi,Kenya,True
1958-10-07,Uganda,Tanzania,2,0,Friendly,Nairobi,Kenya,True
1958-10-11,Kenya,Uganda,2,0,Friendly,Nairobi,Kenya,False
1959-10-04,Kenya,Uganda,0,0,Friendly,Dar es Salaam,Tanganyika,True
1959-10-06,Tanzania,Uganda,2,2,Friendly,Dar es Salaam,Tanganyika,False
1959-10-09,Zanzibar,Uganda,1,0,Friendly,Dar es Salaam,Tanganyika,True
1960-10-08,Uganda,Tanzania,1,0,Friendly,Kampala,Uganda,False
1960-10-11,Uganda,Zanzibar,3,0,Friendly,Kampala,Uganda,False
1960-10-15,Uganda,Kenya,1,1,Friendly,Kampala,Uganda,False
1961-08-05,Kenya,Uganda,0,1,African Cup of Nations qualification,Nairobi,Kenya,False
1961-09-23,Uganda,Kenya,0,1,African Cup of Nations qualification,Kampala,Uganda,False
1961-09-30,Uganda,Zanzibar,2,1,Friendly,Mombasa,Kenya,True
1961-10-03,Tanzania,Uganda,3,1,Friendly,Mombasa,Kenya,True
1961-10-07,Kenya,Uganda,2,1,Friendly,Mombasa,Kenya,False
1961-10-29,Uganda,Kenya,2,0,African Cup of Nations qualification,Kampala,Uganda,False
1961-12-05,Uganda,Zanzibar,2,0,Friendly,Dar es Salaam,Tanganyika,True
1961-12-07,Kenya,Uganda,4,1,Friendly,Dar es Salaam,Tanganyika,True
1962-01-18,Egypt,Uganda,2,1,African Cup of Nations,Addis Ababa,Ethiopia,True
1962-01-20,Tunisia,Uganda,3,0,African Cup of Nations,Addis Ababa,Ethiopia,True
1962-09-01,Uganda,Kenya,3,1,Friendly,Kampala,Uganda,False
1962-10-10,Uganda,Ghana,1,4,Friendly,Kampala,Uganda,False
1962-11-04,Tanzania,Uganda,3,1,Friendly,Dar es Salaam,Tanganyika,False
1962-11-05,Kenya,Uganda,4,1,Friendly,Nairobi,Kenya,False
1963-01-19,Uganda,Zanzibar,8,0,Friendly,Kampala,Uganda,False
1963-03-24,Uganda,Ethiopia,1,7,Friendly,Kampala,Uganda,False
1963-09-29,Uganda,Zanzibar,2,0,Friendly,Nairobi,Kenya,True
1963-10-02,Tanzania,Uganda,1,1,Friendly,Nairobi,Kenya,True
1963-10-05,Kenya,Uganda,1,2,Friendly,Nairobi,Kenya,False
1963-12-11,Kenya,Uganda,1,1,Friendly,Nairobi,Kenya,False
1963-12-13,Tanzania,Uganda,0,5,Friendly,Nairobi,Kenya,True
1964-09-27,Uganda,Zanzibar,2,3,Friendly,Dar es Salaam,Tanzania,True
1964-09-30,Kenya,Uganda,0,1,Friendly,Dar es Salaam,Tanzania,True
1964-10-03,Tanzania,Uganda,3,0,Friendly,Dar es Salaam,Tanzania,False
1964-10-05,Zanzibar,Uganda,3,4,Friendly,Zanzibar,Tanzania,False
1964-10-09,Uganda,Burundi,7,5,Friendly,Kampala,Uganda,False
1964-10-18,Uganda,Kenya,3,2,Zambian Independence Tournament,Lusaka,Northern Rhodesia,True
1964-10-20,Zambia,Uganda,0,2,Zambian Independence Tournament,Luanshya,Northern Rhodesia,False
1965-02-21,Uganda,Ethiopia,1,2,African Cup of Nations qualification,Kampala,Uganda,False
1965-04-18,Ethiopia,Uganda,2,0,African Cup of Nations qualification,Addis Ababa,Ethiopia,False
1965-05-01,Uganda,Sudan,1,3,African Cup of Nations qualification,Kampala,Uganda,False
1965-07-19,Congo,Uganda,2,1,All-African Games,Brazzaville,Congo,False
1965-07-20,Mali,Uganda,5,1,All-African Games,Brazzaville,Congo,True
1965-07-20,Togo,Uganda,1,1,All-African Games,Brazzaville,Congo,True
1965-07-25,Uganda,Madagascar,5,0,All-African Games,Brazzaville,Congo,True
1965-07-26,DR Congo,Uganda,6,2,All-African Games,Brazzaville,Congo,True
1965-08-22,Sudan,Uganda,4,1,African Cup of Nations qualification,Khartoum,Sudan,False
1965-09-18,Uganda,Zambia,2,2,Friendly,Kampala,Uganda,False
1965-09-25,Uganda,Zanzibar,4,1,Friendly,Kampala,Uganda,False
1965-09-28,Uganda,Kenya,2,2,Friendly,Kampala,Uganda,False
1965-10-02,Uganda,Tanzania,1,1,Friendly,Kampala,Uganda,False
1966-03-05,Uganda,Kenya,2,3,Friendly,Kampala,Uganda,False
1966-04-03,Kenya,Uganda,3,3,Friendly,Nairobi,Kenya,False
1966-07-07,Ethiopia,Uganda,5,0,Friendly,Addis Ababa,Ethiopia,False
1966-07-18,Sudan,Uganda,2,1,Friendly,Addis Ababa,Ethiopia,True
1966-09-25,Tanzania,Uganda,0,3,Friendly,Zanzibar City,Zanzibar,True
1966-09-27,Kenya,Uganda,0,0,Friendly,Zanzibar,Tanzania,True
1966-10-01,Zanzibar,Uganda,0,0,Friendly,Zanzibar City,Zanzibar,False
1966-11-30,Uganda,Kenya,1,2,Friendly,Kampala,Uganda,False
1967-02-24,Uganda,DR Congo,0,5,Friendly,Kampala,Uganda,False
1967-03-05,Uganda,Kenya,2,1,African Cup of Nations qualification,Kampala,Uganda,False
1967-03-12,Kenya,Uganda,3,3,African Cup of Nations qualification,Nairobi,Kenya,False
1967-06-04,Uganda,Egypt,0,1,African Cup of Nations qualification,Kampala,Uganda,False
1967-06-22,Uganda,Zambia,1,3,Friendly,Kampala,Uganda,False
1967-09-30,Kenya,Uganda,3,1,Friendly,Nairobi,Kenya,False
1967-10-03,Tanzania,Uganda,1,2,Friendly,Nairobi,Kenya,True
1967-10-06,Uganda,Zanzibar,2,0,Friendly,Nairobi,Kenya,True
1967-10-29,Uganda,Ethiopia,2,3,Friendly,Kampala,Uganda,False
1968-01-12,Ethiopia,Uganda,2,1,African Cup of Nations,Addis Ababa,Ethiopia,False
1968-01-14,Algeria,Uganda,4,0,African Cup of Nations,Addis Ababa,Ethiopia,True
1968-01-16,Ivory Coast,Uganda,2,1,African Cup of Nations,Addis Ababa,Ethiopia,True
1968-06-29,Zambia,Uganda,2,1,Friendly,Lusaka,Zambia,False
1968-06-30,Zambia,Uganda,1,1,Friendly,Mufulira,Zambia,False
1968-07-02,Zambia,Uganda,2,1,Friendly,Ndola,Zambia,False
1968-07-04,Zambia,Uganda,2,2,Friendly,Kitwe,Zambia,False
1968-09-28,Tanzania,Uganda,0,2,Friendly,Dar es Salaam,Tanzania,False
1968-10-02,Uganda,Zanzibar,2,0,Friendly,Dar es Salaam,Tanzania,True
1968-10-04,Kenya,Uganda,1,1,Friendly,Dar es Salaam,Tanzania,True
1968-10-09,Uganda,Zambia,2,3,Friendly,Kampala,Uganda,False
1968-10-12,Uganda,Zambia,1,1,Friendly,Mbale,Uganda,False
1969-01-07,Somalia,Uganda,1,7,Friendly,Addis Ababa,Ethiopia,True
1969-01-11,Ethiopia,Uganda,4,0,Friendly,Addis Ababa,Ethiopia,False
1969-02-02,Uganda,Cameroon,2,1,African Cup of Nations qualification,Kampala,Uganda,False
1969-02-02,Cameroon,Uganda,2,0,African Cup of Nations qualification,Yaoundé,Cameroon,False
1969-09-27,Uganda,Tanzania,3,0,Friendly,Kampala,Uganda,False
1969-09-30,Uganda,Zanzibar,7,0,Friendly,Kampala,Uganda,False
1969-10-04,Uganda,Kenya,1,0,Friendly,Kampala,Uganda,False
1969-10-09,Uganda,Ethiopia,4,0,Friendly,Kampala,Uganda,False
1970-06-06,Uganda,Tanzania,1,1,Friendly,Kampala,Uganda,False
1970-09-26,Zanzibar,Uganda,0,1,Friendly,Zanzibar City,Zanzibar,False
1970-09-29,Kenya,Uganda,1,2,Friendly,Zanzibar,Tanzania,True
1970-10-02,Tanzania,Uganda,1,4,Friendly,Zanzibar,Tanzania,False
1970-11-08,Uganda,DR Congo,1,4,African Cup of Nations qualification,Kampala,Uganda,False
1970-11-24,DR Congo,Uganda,1,0,African Cup of Nations qualification,Kinshasa,Congo-Kinshasa,False
1971-05-25,Uganda,Malawi,3,3,Friendly,Kampala,Uganda,False
1971-07-06,Malawi,Uganda,3,1,Friendly,Blantyre,Malawi,False
1971-07-10,Malawi,Uganda,0,1,Friendly,Blantyre,Malawi,False
1971-09-26,Uganda,Zanzibar,3,1,Friendly,Nairobi,Kenya,True
1971-09-29,Uganda,Tanzania,0,0,Friendly,Nairobi,Kenya,True
1971-10-03,Kenya,Uganda,2,0,Friendly,Nairobi,Kenya,False
1972-05-22,Mauritius,Uganda,1,2,Friendly,Port Louis,Mauritius,False
1972-05-28,Mauritius,Uganda,1,3,Friendly,Curepipe,Mauritius,False
1972-06-10,Kenya,Uganda,2,0,Friendly,Nairobi,Kenya,False
1972-07-09,Uganda,Sudan,4,0,Friendly,Kampala,Uganda,False
1972-07-27,Uganda,Tanzania,1,1,Friendly,Kampala,Uganda,False
1973-01-26,Uganda,Congo,3,1,Friendly,Kampala,Uganda,False
1973-04-15,Uganda,Kenya,1,0,African Cup of Nations qualification,Kampala,Uganda,False
1973-04-28,Kenya,Uganda,1,2,African Cup of Nations qualification,Nairobi,Kenya,False
1973-05-27,Uganda,Algeria,2,1,African Cup of Nations qualification,Kampala,Uganda,False
1973-06-14,Algeria,Uganda,1,1,African Cup of Nations qualification,Algiers,Algeria,False
1973-08-15,Congo,Uganda,3,2,Friendly,Brazzaville,Congo,False
1973-09-22,Uganda,Somalia,6,1,CECAFA Cup,Kampala,Uganda,False
1973-09-26,Uganda,Zambia,1,1,CECAFA Cup,Kampala,Uganda,False
1973-09-28,Uganda,Zambia,2,1,CECAFA Cup,Kampala,Uganda,False
1973-09-29,Uganda,Tanzania,2,1,CECAFA Cup,Kampala,Uganda,False
1973-12-08,Kenya,Uganda,2,2,Friendly,Nairobi,Kenya,False
1973-12-10,Uganda,Zambia,2,0,Friendly,Nairobi,Kenya,True
1974-01-01,Uganda,Congo,0,2,Friendly,Kampala,Uganda,False
1974-03-01,Egypt,Uganda,2,1,African Cup of Nations,Cairo,Egypt,False
1974-03-04,Ivory Coast,Uganda,2,2,African Cup of Nations,El Mahalla El Kubra,Egypt,True
1974-03-06,Uganda,Zambia,0,1,African Cup of Nations,El Mahalla El Kubra,Egypt,True
1974-11-02,Zanzibar,Uganda,1,2,CECAFA Cup,Zanzibar,Tanzania,False
1974-11-04,Somalia,Uganda,1,1,CECAFA Cup,Zanzibar,Tanzania,True
1974-11-07,Tanzania,Uganda,1,1,CECAFA Cup,Zanzibar,Tanzania,False
1975-03-23,Uganda,Mauritius,4,0,African Cup of Nations qualification,Kampala,Uganda,False
1975-04-06,Mauritius,Uganda,1,1,African Cup of Nations qualification,Port Louis,Mauritius,False
1975-06-13,Uganda,Congo,0,1,Friendly,Kampala,Uganda,False
1975-07-12,Zambia,Uganda,2,1,African Cup of Nations qualification,Lusaka,Zambia,False
1975-08-15,Uganda,Zambia,3,0,African Cup of Nations qualification,Kampala,Uganda,False
1975-10-09,Uganda,DR Congo,1,2,Friendly,Kampala,Uganda,False
1975-11-02,Zambia,Uganda,0,1,CECAFA Cup,Lusaka,Zambia,False
1975-11-04,Kenya,Uganda,1,1,CECAFA Cup,Ndola,Zambia,True
1975-11-07,Malawi,Uganda,2,1,CECAFA Cup,Chingola,Zambia,True
1976-02-29,Ethiopia,Uganda,2,0,African Cup of Nations,Addis Ababa,Ethiopia,False
1976-03-03,Egypt,Uganda,2,1,African Cup of Nations,Addis Ababa,Ethiopia,True
1976-03-05,Guinea,Uganda,2,1,African Cup of Nations,Addis Ababa,Ethiopia,True
1976-09-04,Malawi,Uganda,1,1,Friendly,Blantyre,Malawi,False
1976-09-06,Malawi,Uganda,1,2,Friendly,Blantyre,Malawi,False
1976-10-09,Uganda,Burundi,2,0,Friendly,Kampala,Uganda,False
1976-10-11,Uganda,Burundi,1,0,Friendly,Kampala,Uganda,False
1976-10-24,Uganda,Ethiopia,4,1,Friendly,Kampala,Uganda,False
1976-11-06,Somalia,Uganda,0,2,CECAFA Cup,Zanzibar,Tanzania,True
1976-11-08,Zanzibar,Uganda,0,1,CECAFA Cup,Zanzibar,Tanzania,False
1976-11-11,Uganda,Zambia,2,3,CECAFA Cup,Zanzibar,Tanzania,True
1976-11-12,Malawi,Uganda,1,2,CECAFA Cup,Zanzibar,Tanzania,True
1976-11-14,Uganda,Zambia,2,0,CECAFA Cup,Zanzibar,Tanzania,True
1977-01-25,Uganda,Iraq,1,1,Friendly,Kampala,Uganda,False
1977-02-13,Uganda,Zambia,1,0,FIFA World Cup qualification,Kampala,Uganda,False
1977-02-27,Zambia,Uganda,4,2,FIFA World Cup qualification,Ndola,Zambia,False
1977-06-12,Ethiopia,Uganda,0,0,African Cup of Nations qualification,Addis Ababa,Ethiopia,False
1977-06-26,Uganda,Ethiopia,2,1,African Cup of Nations qualification,Kampala,Uganda,False
1977-11-26,Uganda,Zanzibar,1,0,CECAFA Cup,Mogadishu,Somalia,True
1977-11-28,Kenya,Uganda,1,3,CECAFA Cup,Mogadishu,Somalia,True
1977-12-06,Malawi,Uganda,0,1,CECAFA Cup,Mogadishu,Somalia,True
1977-12-09,Uganda,Zambia,0,0,CECAFA Cup,Mogadishu,Somalia,True
1978-03-06,Congo,Uganda,1,3,African Cup of Nations,Kumasi,Ghana,True
1978-03-09,Tunisia,Uganda,3,1,African Cup of Nations,Kumasi,Ghana,True
1978-03-11,Morocco,Uganda,0,3,African Cup of Nations,Kumasi,Ghana,True
1978-03-14,Nigeria,Uganda,1,2,African Cup of Nations,Kumasi,Ghana,True
1978-03-16,Ghana,Uganda,2,0,African Cup of Nations,Accra,Ghana,False
1978-11-05,Malawi,Uganda,0,2,CECAFA Cup,Lilongwe,Malawi,False
1978-11-07,Uganda,Zambia,1,2,CECAFA Cup,Blantyre,Malawi,True
1978-11-09,Kenya,Uganda,0,1,CECAFA Cup,Blantyre,Malawi,True
1978-11-13,Somalia,Uganda,2,2,CECAFA Cup,Lilongwe,Malawi,True
1978-11-17,Uganda,Zambia,0,4,CECAFA Cup,Blantyre,Malawi,True
1978-11-19,Kenya,Uganda,2,0,CECAFA Cup,Blantyre,Malawi,True
1979-11-04,Uganda,Zambia,1,2,CECAFA Cup,Nairobi,Kenya,True
1979-11-07,Kenya,Uganda,3,1,CECAFA Cup,Nairobi,Kenya,False
1979-11-09,Tanzania,Uganda,5,3,CECAFA Cup,Nairobi,Kenya,True
1981-08-06,Uganda,Burundi,2,2,Friendly,Kampala,Uganda,False
1981-09-26,Uganda,Nigeria,1,0,Friendly,Kampala,Uganda,False
1981-11-15,Sudan,Uganda,2,2,CECAFA Cup,Dodoma,Tanzania,True
1981-11-17,Uganda,Zambia,3,1,CECAFA Cup,Dodoma,Tanzania,True
1981-11-24,Kenya,Uganda,3,1,CECAFA Cup,Dar es Salaam,Tanzania,True
1981-11-27,Uganda,Zambia,0,1,CECAFA Cup,Dodoma,Tanzania,True
1982-02-14,Ethiopia,Uganda,1,2,Friendly,Addis Ababa,Ethiopia,False
1982-02-18,Ethiopia,Uganda,1,0,Friendly,Asmara,Ethiopia,False
1982-06-06,Zimbabwe,Uganda,2,1,Friendly,Bulawayo,Zimbabwe,False
1982-06-13,Zimbabwe,Uganda,1,1,Friendly,Harare,Zimbabwe,False
1982-09-12,Tanzania,Uganda,1,1,African Cup of Nations qualification,Dar es Salaam,Tanzania,False
1982-09-26,Uganda,Tanzania,3,2,African Cup of Nations qualification,Kampala,Uganda,False
1982-11-13,Uganda,Malawi,2,1,CECAFA Cup,Kampala,Uganda,False
1982-11-17,Uganda,Tanzania,1,0,CECAFA Cup,Kampala,Uganda,False
1982-11-20,Uganda,Zimbabwe,1,1,CECAFA Cup,Kampala,Uganda,False
1982-11-24,Uganda,Zanzibar,3,0,CECAFA Cup,Kampala,Uganda,False
1982-11-27,Uganda,Kenya,1,1,CECAFA Cup,Kampala,Uganda,False
1983-04-01,Ethiopia,Uganda,0,1,Friendly,Addis Ababa,Ethiopia,False
1983-04-03,Ethiopia,Uganda,2,1,Friendly,Addis Ababa,Ethiopia,False
1983-04-10,Madagascar,Uganda,1,0,African Cup of Nations qualification,Antananarivo,Madagascar,False
1983-04-24,Uganda,Madagascar,1,2,African Cup of Nations qualification,Kampala,Uganda,False
1983-11-12,Kenya,Uganda,2,1,CECAFA Cup,Nairobi,Kenya,False
1983-11-14,Sudan,Uganda,1,2,CECAFA Cup,Nairobi,Kenya,True
1983-11-17,Ethiopia,Uganda,1,2,CECAFA Cup,Nairobi,Kenya,True
1983-11-20,Tanzania,Uganda,1,1,CECAFA Cup,Nairobi,Kenya,True
1983-11-23,Uganda,Zimbabwe,0,1,CECAFA Cup,Mombasa,Kenya,True
1983-11-25,Malawi,Uganda,1,2,CECAFA Cup,Nairobi,Kenya,True
1984-07-22,Zimbabwe,Uganda,1,0,Friendly,Harare,Zimbabwe,False
1984-07-29,Zambia,Uganda,3,0,FIFA World Cup qualification,Ndola,Zambia,False
1984-08-04,Tanzania,Uganda,0,1,African Cup of Nations qualification,Dar es Salaam,Tanzania,False
1984-08-18,Uganda,Tanzania,1,3,African Cup of Nations qualification,Kampala,Uganda,False
1984-08-25,Uganda,Zambia,1,0,FIFA World Cup qualification,Kampala,Uganda,False
1984-12-01,Uganda,Tanzania,1,1,CECAFA Cup,Kampala,Uganda,False
1984-12-04,Uganda,Zimbabwe,4,1,CECAFA Cup,Kampala,Uganda,False
1984-12-07,Uganda,Zambia,1,1,CECAFA Cup,Kampala,Uganda,False
1984-12-12,Uganda,Malawi,0,2,CECAFA Cup,Mbale,Uganda,False
1984-12-15,Uganda,Kenya,3,1,CECAFA Cup,Kampala,Uganda,False
1985-07-28,Kenya,Uganda,0,1,Friendly,Nairobi,Kenya,False
1985-10-04,Malawi,Uganda,1,0,CECAFA Cup,Bulawayo,Zimbabwe,True
1985-10-08,Uganda,Zambia,3,0,CECAFA Cup,Bulawayo,Zimbabwe,True
1985-10-11,Kenya,Uganda,0,0,CECAFA Cup,Harare,Zimbabwe,True
1985-10-12,Malawi,Uganda,3,1,CECAFA Cup,Bulawayo,Zimbabwe,True
1986-07-06,Malawi,Uganda,2,1,Friendly,Blantyre,Malawi,False
1986-07-08,Malawi,Uganda,0,0,Friendly,Lilongwe,Malawi,False
1986-07-10,Malawi,Uganda,0,0,Friendly,Mzuzu,Malawi,False
1986-09-21,Uganda,Rwanda,1,0,Friendly,Kampala,Uganda,False
1986-10-05,Uganda,Somalia,5,0,African Cup of Nations qualification,Kampala,Uganda,False
1986-10-11,Uganda,Kenya,3,1,Friendly,Kampala,Uganda,False
1986-10-19,Somalia,Uganda,0,0,African Cup of Nations qualification,Mogadishu,Somalia,False
1987-03-29,Cameroon,Uganda,5,1,African Cup of Nations qualification,Yaoundé,Cameroon,False
1987-04-11,Uganda,Cameroon,3,1,African Cup of Nations qualification,Kampala,Uganda,False
1987-12-14,Uganda,Zambia,4,0,CECAFA Cup,Addis Ababa,Ethiopia,True
1987-12-16,Uganda,Zimbabwe,0,0,CECAFA Cup,Addis Ababa,Ethiopia,True
1987-12-20,Malawi,Uganda,0,2,CECAFA Cup,Addis Ababa,Ethiopia,True
1987-12-24,Ethiopia,Uganda,3,0,CECAFA Cup,Addis Ababa,Ethiopia,False
1987-12-26,Uganda,Zanzibar,2,0,CECAFA Cup,Addis Ababa,Ethiopia,True
1988-07-16,Uganda,Malawi,1,0,FIFA World Cup qualification,Kampala,Uganda,False
1988-07-30,Malawi,Uganda,3,1,FIFA World Cup qualification,Lilongwe,Malawi,False
1988-11-08,Uganda,Zimbabwe,0,0,CECAFA Cup,Blantyre,Malawi,True
1988-11-11,Ethiopia,Uganda,2,1,CECAFA Cup,Blantyre,Malawi,True
1988-11-13,Uganda,Zambia,0,3,CECAFA Cup,Blantyre,Malawi,True
1989-11-02,Lebanon,Uganda,0,2,Friendly,Kuwait City,Kuwait,True
1989-11-04,Kuwait,Uganda,1,1,Friendly,Kuwait City,Kuwait,False
1989-11-08,Iran,Uganda,2,2,Friendly,Kuwait City,Kuwait,True
1989-11-12,Iraq,Uganda,1,1,Friendly,Kuwait City,Kuwait,True
1989-12-02,Kenya,Uganda,2,1,CECAFA Cup,Nairobi,Kenya,False
1989-12-06,Uganda,Zimbabwe,1,1,CECAFA Cup,Nairobi,Kenya,True
1989-12-08,Tanzania,Uganda,1,5,CECAFA Cup,Nairobi,Kenya,True
1989-12-13,Uganda,Zambia,3,1,CECAFA Cup,Nairobi,Kenya,True
1989-12-16,Malawi,Uganda,3,3,CECAFA Cup,Nairobi,Kenya,True
1990-02-10,Uganda,Mauritius,4,1,Friendly,Kampala,Uganda,False
1990-08-19,Gabon,Uganda,1,0,African Cup of Nations qualification,Libreville,Gabon,False
1990-09-01,Uganda,DR Congo,2,1,African Cup of Nations qualification,Kampala,Uganda,False
1990-11-29,Tanzania,Uganda,1,1,Friendly,Dar es Salaam,Tanzania,False
1990-12-09,Kenya,Uganda,2,2,CECAFA Cup,Zanzibar City,Zanzibar,True
1990-12-14,Sudan,Uganda,2,2,CECAFA Cup,Zanzibar City,Zanzibar,True
1990-12-17,Tanzania,Uganda,1,1,Friendly,Zanzibar City,Zanzibar,True
1990-12-20,Sudan,Uganda,0,2,CECAFA Cup,Zanzibar City,Zanzibar,True
1991-03-09,Uganda,Sudan,0,1,Friendly,Kampala,Uganda,False
1991-04-07,Sudan,Uganda,1,1,Friendly,Khartoum,Sudan,False
1991-04-14,Uganda,Tanzania,3,2,African Cup of Nations qualification,Kampala,Uganda,False
1991-04-27,Uganda,Gabon,0,0,African Cup of Nations qualification,Kampala,Uganda,False
1991-07-14,DR Congo,Uganda,1,0,African Cup of Nations qualification,Kinshasa,Zaïre,False
1991-07-29,Tanzania,Uganda,1,1,African Cup of Nations qualification,Dar es Salaam,Tanzania,False
1991-09-21,Uganda,Zimbabwe,1,2,Friendly,Ismailia,Egypt,True
1991-09-23,Nigeria,Uganda,8,1,Friendly,Ismailia,Egypt,True
1991-09-25,Egypt,Uganda,1,0,Friendly,Ismailia,Egypt,False
1991-09-28,Mauritius,Uganda,3,0,Friendly,Alexandria,Egypt,True
1991-11-27,Uganda,Sudan,2,0,CECAFA Cup,Kampala,Uganda,False
1991-11-30,Uganda,Tanzania,5,0,CECAFA Cup,Kampala,Uganda,False
1991-12-04,Uganda,Kenya,1,3,CECAFA Cup,Kampala,Uganda,False
1991-12-07,Uganda,Sudan,3,1,CECAFA Cup,Kampala,Uganda,False
1992-08-15,Uganda,Ethiopia,3,1,African Cup of Nations qualification,Kampala,Uganda,False
1992-08-29,Nigeria,Uganda,2,0,African Cup of Nations qualification,Lagos,Nigeria,False
1992-11-15,Kenya,Uganda,1,1,CECAFA Cup,Arusha,Tanzania,True
1992-11-21,Seychelles,Uganda,2,5,CECAFA Cup,Arusha,Tanzania,True
1992-11-25,Uganda,Zambia,0,0,Friendly,Mwanza,Tanzania,True
1993-01-08,Uganda,Tanzania,3,1,Friendly,Kampala,Uganda,False
1993-01-10,Uganda,Tanzania,2,0,Friendly,Kampala,Uganda,False
1993-04-11,Sudan,Uganda,1,1,African Cup of Nations qualification,Khartoum,Sudan,False
1993-04-25,Ethiopia,Uganda,2,2,African Cup of Nations qualification,Addis Ababa,Ethiopia,False
1993-07-17,Uganda,Nigeria,0,0,African Cup of Nations qualification,Kampala,Uganda,False
1993-07-24,Uganda,Sudan,1,0,African Cup of Nations qualification,Kampala,Uganda,False
1993-12-01,Kenya,Uganda,2,1,Friendly,Nairobi,Kenya,False
1993-12-06,Tanzania,Uganda,1,0,Friendly,Nairobi,Kenya,True
1994-09-03,Tanzania,Uganda,4,0,African Cup of Nations qualification,Dar es Salaam,Tanzania,False
1994-10-15,Uganda,Ethiopia,4,1,African Cup of Nations qualification,Kampala,Uganda,False
1994-11-12,Uganda,Algeria,1,1,African Cup of Nations qualification,Kampala,Uganda,False
1994-12-01,Uganda,Seychelles,2,0,CECAFA Cup,Nairobi,Kenya,True
1994-12-03,Uganda,Eritrea,0,0,CECAFA Cup,Nairobi,Kenya,True
1994-12-05,Kenya,Uganda,0,1,CECAFA Cup,Nairobi,Kenya,False
1994-12-08,Tanzania,Uganda,2,2,Friendly,Nairobi,Kenya,True
1995-01-08,Sudan,Uganda,3,1,African Cup of Nations qualification,Omdurman,Sudan,False
1995-01-21,Uganda,Egypt,0,0,African Cup of Nations qualification,Kampala,Uganda,False
1995-04-08,Uganda,Tanzania,2,0,African Cup of Nations qualification,Kampala,Uganda,False
1995-04-23,Ethiopia,Uganda,0,0,African Cup of Nations qualification,Addis Ababa,Ethiopia,False
1995-06-02,Algeria,Uganda,1,1,African Cup of Nations qualification,Algiers,Algeria,False
1995-07-15,Uganda,Sudan,2,0,African Cup of Nations qualification,Kampala,Uganda,False
1995-07-30,Egypt,Uganda,6,0,African Cup of Nations qualification,Cairo,Egypt,False
1995-11-26,Uganda,Rwanda,0,0,CECAFA Cup,Kampala,Uganda,False
1995-11-30,Uganda,Zanzibar,0,1,CECAFA Cup,Kampala,Uganda,False
1995-12-02,Uganda,Kenya,0,0,CECAFA Cup,Kampala,Uganda,False
1996-05-25,Uganda,Kenya,1,1,Friendly,Kampala,Uganda,False
1996-05-26,Uganda,Kenya,1,2,Friendly,Kampala,Uganda,False
1996-06-01,Uganda,Angola,0,2,FIFA World Cup qualification,Kampala,Uganda,False
1996-06-16,Angola,Uganda,3,1,FIFA World Cup qualification,Luanda,Angola,False
1996-08-11,Uganda,Ethiopia,1,1,African Cup of Nations qualification,Kampala,Uganda,False
1996-08-17,Rwanda,Uganda,0,0,Friendly,Kigali,Rwanda,False
1996-08-25,Ethiopia,Uganda,1,1,African Cup of Nations qualification,Addis Ababa,Ethiopia,False
1996-11-07,Uganda,Rwanda,3,2,Friendly,Kampala,Uganda,False
1996-11-08,Uganda,Rwanda,1,1,Friendly,Kampala,Uganda,False
1996-11-17,Sudan,Uganda,1,1,CECAFA Cup,Khartoum,Sudan,False
1996-11-22,Tanzania,Uganda,0,1,CECAFA Cup,Khartoum,Sudan,True
1996-11-27,Uganda,Kenya,2,0,CECAFA Cup,Khartoum,Sudan,True
1997-06-28,DR Congo,Uganda,0,0,Friendly,Kinshasa,DR Congo,False
1998-07-10,Uganda,Tanzania,3,0,Friendly,Kampala,Uganda,False
1998-07-18,Uganda,Kenya,3,3,Friendly,Kampala,Uganda,False
1998-08-01,Uganda,Rwanda,5,0,African Cup of Nations qualification,Kampala,Uganda,False
1998-08-16,Rwanda,Uganda,0,0,African Cup of Nations qualification,Kigali,Rwanda,False
1999-01-24,Liberia,Uganda,2,0,African Cup of Nations qualification,Monrovia,Liberia,False
1999-04-10,Uganda,Tunisia,0,2,African Cup of Nations qualification,Kampala,Uganda,False
1999-05-22,Uganda,Zambia,0,1,Friendly,Kampala,Uganda,False
1999-06-05,Uganda,Liberia,1,0,African Cup of Nations qualification,Kampala,Uganda,False
1999-06-20,Algeria,Uganda,2,0,African Cup of Nations qualification,Annaba,Algeria,False
1999-06-22,Uganda,Zambia,0,1,Friendly,Kampala,Uganda,False
1999-07-06,Malawi,Uganda,0,2,Friendly,Blantyre,Malawi,False
1999-07-25,Burundi,Uganda,0,0,CECAFA Cup,Kigali,Rwanda,True
1999-07-29,Somalia,Uganda,0,2,CECAFA Cup,Kigali,Rwanda,True
1999-07-31,Rwanda,Uganda,1,0,CECAFA Cup,Kigali,Rwanda,False
2000-01-26,Uganda,Libya,3,2,Friendly,Kampala,Uganda,False
2000-04-08,Uganda,Guinea,4,4,FIFA World Cup qualification,Kampala,Uganda,False
2000-04-16,Uganda,Kenya,2,2,Friendly,Kampala,Uganda,False
2000-04-23,Guinea,Uganda,3,0,FIFA World Cup qualification,Conakry,Guinea,False
2000-06-24,Uganda,Rwanda,2,1,Friendly,Kampala,Uganda,False
2000-07-01,Uganda,Malawi,3,1,African Cup of Nations qualification,Kampala,Uganda,False
2000-07-04,Rwanda,Uganda,2,0,Friendly,Kigali,Rwanda,False
2000-07-15,Malawi,Uganda,1,2,African Cup of Nations qualification,Blantyre,Malawi,False
2000-10-08,Togo,Uganda,3,0,African Cup of Nations qualification,Lomé,Togo,False
2000-10-25,Ghana,Uganda,1,2,Friendly,Nairobi,Kenya,True
2000-10-28,Kenya,Uganda,1,1,Friendly,Nairobi,Kenya,False
2000-11-18,Uganda,Ethiopia,2,2,CECAFA Cup,Kampala,Uganda,False
2000-11-20,Uganda,Burundi,2,1,CECAFA Cup,Kampala,Uganda,False
2000-11-23,Uganda,Somalia,6,0,CECAFA Cup,Kampala,Uganda,False
2000-11-27,Uganda,Djibouti,7,0,CECAFA Cup,Kampala,Uganda,False
2000-11-29,Uganda,Rwanda,3,1,CECAFA Cup,Kampala,Uganda,False
2001-01-13,Uganda,Senegal,1,1,African Cup of Nations qualification,Kampala,Uganda,False
2001-02-03,Saudi Arabia,Uganda,3,1,Friendly,Dammam,Saudi Arabia,False
2001-03-10,Kenya,Uganda,1,0,Friendly,Mumias,Kenya,False
2001-03-24,Senegal,Uganda,3,0,African Cup of Nations qualification,Dakar,Senegal,False
2001-06-02,Uganda,Togo,0,3,African Cup of Nations qualification,Kampala,Uganda,False
2001-10-24,Kenya,Uganda,0,0,Friendly,Arusha,Tanzania,True
2001-10-27,DR Congo,Uganda,0,1,Friendly,Mwanza,Tanzania,True
2001-12-09,Uganda,Djibouti,10,1,CECAFA Cup,Kigali,Rwanda,True
2001-12-11,Uganda,Tanzania,0,1,CECAFA Cup,Kigali,Rwanda,True
2001-12-14,Uganda,Burundi,0,2,CECAFA Cup,Kigali,Rwanda,True
2001-12-18,Rwanda,Uganda,3,2,CECAFA Cup,Kigali,Rwanda,False
2002-07-26,Ethiopia,Uganda,0,0,Friendly,Khartoum,Sudan,True
2002-07-28,Sudan,Uganda,2,1,Friendly,Khartoum,Sudan,False
2002-07-30,Chad,Uganda,0,2,Friendly,Khartoum,Sudan,True
2002-08-03,Kenya,Uganda,0,0,Friendly,Kisumu,Kenya,False
2002-08-20,Egypt,Uganda,2,0,Friendly,Alexandria,Egypt,False
2002-08-31,Uganda,Zambia,2,2,Friendly,Kampala,Uganda,False
2002-09-07,Uganda,Ghana,1,0,African Cup of Nations qualification,Kampala,Uganda,False
2002-09-24,Algeria,Uganda,1,1,Friendly,Annaba,Algeria,False
2002-10-23,Tanzania,Uganda,0,2,Friendly,Arusha,Tanzania,False
2002-10-26,Kenya,Uganda,1,1,Friendly,Dar es Salaam,Tanzania,True
2002-12-01,Somalia,Uganda,0,2,CECAFA Cup,Arusha,Tanzania,True
2002-12-04,Uganda,Ethiopia,3,0,CECAFA Cup,Arusha,Tanzania,True
2002-12-06,Uganda,Rwanda,2,1,CECAFA Cup,Arusha,Tanzania,True
2002-12-08,Zanzibar,Uganda,0,2,CECAFA Cup,Arusha,Tanzania,True
2002-12-12,Uganda,Kenya,1,3,CECAFA Cup,Arusha,Tanzania,True
2002-12-14,Rwanda,Uganda,2,1,CECAFA Cup,Arusha,Tanzania,True
2003-01-25,Uganda,Algeria,0,1,Friendly,Kampala,Uganda,False
2003-03-12,Tanzania,Uganda,0,0,Friendly,Arusha,Tanzania,False
2003-03-15,Kenya,Uganda,2,2,Friendly,Nairobi,Kenya,False
2003-03-29,Rwanda,Uganda,0,0,African Cup of Nations qualification,Kigali,Rwanda,False
2003-05-21,Uganda,Sudan,0,0,Friendly,Kampala,Uganda,False
2003-05-31,Uganda,Tanzania,1,0,Friendly,Kampala,Uganda,False
2003-06-03,Uganda,Libya,3,2,Friendly,Kampala,Uganda,False
2003-06-07,Uganda,Rwanda,0,1,African Cup of Nations qualification,Kampala,Uganda,False
2003-06-22,Ghana,Uganda,1,1,African Cup of Nations qualification,Kumasi,Ghana,False
2003-10-11,Uganda,Mauritius,3,0,FIFA World Cup qualification,Kampala,Uganda,False
2003-11-11,Uganda,Tanzania,2,1,Friendly,Kampala,Uganda,False
2003-11-16,Mauritius,Uganda,3,1,FIFA World Cup qualification,Curepipe,Mauritius,False
2003-11-30,Uganda,Eritrea,2,1,CECAFA Cup,Kassala,Sudan,True
2003-12-04,Uganda,Kenya,1,1,CECAFA Cup,Kassala,Sudan,True
2003-12-08,Sudan,Uganda,0,0,CECAFA Cup,Khartoum,Sudan,False
2003-12-10,Uganda,Rwanda,2,0,CECAFA Cup,Khartoum,Sudan,True
2004-05-22,Sudan,Uganda,2,1,Friendly,Khartoum,Sudan,False
2004-05-28,Rwanda,Uganda,1,1,Friendly,Kigali,Rwanda,False
2004-06-06,Uganda,DR Congo,1,0,FIFA World Cup qualification,Kampala,Uganda,False
2004-06-19,Cape Verde,Uganda,1,0,FIFA World Cup qualification,Praia,Cape Verde,False
2004-07-03,Uganda,Ghana,1,1,FIFA World Cup qualification,Kampala,Uganda,False
2004-08-07,Uganda,Kenya,1,1,Friendly,Kampala,Uganda,False
2004-08-14,Uganda,Rwanda,1,2,Friendly,Kampala,Uganda,False
2004-08-18,Kenya,Uganda,4,1,Friendly,Nairobi,Kenya,False
2004-08-22,Zimbabwe,Uganda,2,0,Friendly,Harare,Zimbabwe,False
2004-09-04,Burkina Faso,Uganda,2,0,FIFA World Cup qualification,Ouagadougou,Burkina Faso,False
2004-10-10,Uganda,South Africa,0,1,FIFA World Cup qualification,Kampala,Uganda,False
2004-12-12,Uganda,Somalia,2,0,CECAFA Cup,Addis Ababa,Ethiopia,True
2004-12-14,Sudan,Uganda,2,1,CECAFA Cup,Addis Ababa,Ethiopia,True
2004-12-18,Kenya,Uganda,1,1,CECAFA Cup,Addis Ababa,Ethiopia,True
2005-01-08,Egypt,Uganda,3,0,Friendly,Cairo,Egypt,False
2005-03-26,South Africa,Uganda,2,1,FIFA World Cup qualification,Johannesburg,South Africa,False
2005-06-05,DR Congo,Uganda,4,0,FIFA World Cup qualification,Kinshasa,DR Congo,False
2005-06-18,Uganda,Cape Verde,1,0,FIFA World Cup qualification,Kampala,Uganda,False
2005-09-04,Ghana,Uganda,2,0,FIFA World Cup qualification,Kumasi,Ghana,False
2005-10-08,Uganda,Burkina Faso,2,2,FIFA World Cup qualification,Kampala,Uganda,False
2005-11-27,Ethiopia,Uganda,0,0,CECAFA Cup,Kigali,Rwanda,True
2005-11-30,Djibouti,Uganda,1,6,CECAFA Cup,Kigali,Rwanda,True
2005-12-01,Somalia,Uganda,0,7,CECAFA Cup,Kigali,Rwanda,True
2005-12-03,Sudan,Uganda,0,3,CECAFA Cup,Kigali,Rwanda,True
2005-12-08,Rwanda,Uganda,1,0,CECAFA Cup,Kigali,Rwanda,False
2005-12-10,Zanzibar,Uganda,0,0,CECAFA Cup,Kigali,Rwanda,True
2005-12-27,Egypt,Uganda,2,0,Friendly,Cairo,Egypt,False
2005-12-29,Ecuador,Uganda,1,2,Friendly,Cairo,Egypt,True
2006-07-26,Rwanda,Uganda,1,1,Friendly,Kigali,Rwanda,False
2006-08-05,Uganda,Botswana,0,0,Friendly,Kampala,Uganda,False
2006-08-16,Libya,Uganda,3,2,Friendly,Tripoli,Libya,False
2006-08-29,Uganda,Burkina Faso,0,0,Friendly,Kampala,Uganda,False
2006-09-02,Uganda,Lesotho,3,0,African Cup of Nations qualification,Kampala,Uganda,False
2006-10-08,Niger,Uganda,0,0,African Cup of Nations qualification,Niamey,Niger,False
2006-11-27,Sudan,Uganda,1,2,CECAFA Cup,Addis Ababa,Ethiopia,True
2006-11-30,Rwanda,Uganda,0,1,CECAFA Cup,Addis Ababa,Ethiopia,True
2006-12-03,Uganda,Somalia,2,0,CECAFA Cup,Addis Ababa,Ethiopia,True
2006-12-06,Uganda,Malawi,0,0,CECAFA Cup,Addis Ababa,Ethiopia,True
2006-12-08,Uganda,Sudan,2,2,CECAFA Cup,Addis Ababa,Ethiopia,True
2006-12-10,Rwanda,Uganda,0,0,CECAFA Cup,Addis Ababa,Ethiopia,True
2007-03-24,Nigeria,Uganda,1,0,African Cup of Nations qualification,Abeokuta,Nigeria,False
2007-05-26,Uganda,Tanzania,1,1,Friendly,Kampala,Uganda,False
2007-06-02,Uganda,Nigeria,2,1,African Cup of Nations qualification,Kampala,Uganda,False
2007-06-19,Lesotho,Uganda,0,0,African Cup of Nations qualification,Maseru,Lesotho,False
2007-09-01,Tanzania,Uganda,1,0,Friendly,Dar es Salaam,Tanzania,False
2007-09-08,Uganda,Niger,3,1,African Cup of Nations qualification,Kampala,Uganda,False
2007-12-09,Uganda,Djibouti,7,0,CECAFA Cup,Dar es Salaam,Tanzania,True
2007-12-11,Rwanda,Uganda,0,2,CECAFA Cup,Dar es Salaam,Tanzania,True
2007-12-14,Eritrea,Uganda,3,2,CECAFA Cup,Dar es Salaam,Tanzania,True
2007-12-18,Uganda,Kenya,1,1,CECAFA Cup,Dar es Salaam,Tanzania,True
2007-12-20,Uganda,Rwanda,0,1,CECAFA Cup,Dar es Salaam,Tanzania,True
2007-12-22,Burundi,Uganda,0,2,CECAFA Cup,Dar es Salaam,Tanzania,True
2008-03-26,Uganda,Libya,1,1,Friendly,Kampala,Uganda,False
2008-05-31,Uganda,Niger,1,0,FIFA World Cup qualification,Kampala,Uganda,False
2008-06-08,Benin,Uganda,4,1,FIFA World Cup qualification,Cotonou,Benin,False
2008-06-14,Uganda,Angola,3,1,FIFA World Cup qualification,Kampala,Uganda,False
2008-06-23,Angola,Uganda,0,0,FIFA World Cup qualification,Luanda,Angola,False
2008-09-07,Niger,Uganda,3,1,FIFA World Cup qualification,Niamey,Niger,False
2008-10-12,Uganda,Benin,2,1,FIFA World Cup qualification,Kampala,Uganda,False
2009-01-01,Uganda,Rwanda,4,0,CECAFA Cup,Kampala,Uganda,False
2009-01-03,Uganda,Zanzibar,0,0,CECAFA Cup,Kampala,Uganda,False
2009-01-07,Uganda,Somalia,4,0,CECAFA Cup,Kampala,Uganda,False
2009-01-09,Uganda,Tanzania,2,1,CECAFA Cup,Kampala,Uganda,False
2009-01-11,Uganda,Burundi,5,0,CECAFA Cup,Kampala,Uganda,False
2009-01-13,Uganda,Kenya,1,0,CECAFA Cup,Kampala,Uganda,False
2009-03-07,Sudan,Uganda,0,2,Friendly,Khartoum,Sudan,False
2009-03-21,Uganda,Malawi,2,1,Friendly,Kampala,Uganda,False
2009-05-31,Ghana,Uganda,2,1,Friendly,Tamale,Ghana,False
2009-11-29,Uganda,Tanzania,2,0,CECAFA Cup,Mumias,Kenya,True
2009-12-02,Burundi,Uganda,0,2,CECAFA Cup,Mumias,Kenya,True
2009-12-05,Uganda,Zanzibar,0,0,CECAFA Cup,Mumias,Kenya,True
2009-12-07,Kenya,Uganda,0,1,CECAFA Cup,Nairobi,Kenya,False
2009-12-09,Zanzibar,Uganda,1,2,CECAFA Cup,Nairobi,Kenya,True
2009-12-13,Uganda,Rwanda,2,0,CECAFA Cup,Nairobi,Kenya,True
2010-03-03,Tanzania,Uganda,2,3,Friendly,Mwanza,Tanzania,False
2010-08-11,Uganda,Zambia,1,1,Friendly,Kampala,Uganda,False
2010-09-04,Uganda,Angola,3,0,African Cup of Nations qualification,Kampala,Uganda,False
2010-10-09,Kenya,Uganda,0,0,African Cup of Nations qualification,Nairobi,Kenya,False
2010-11-07,Yemen,Uganda,2,2,Friendly,Sana'a,Yemen,False
2010-11-10,Bahrain,Uganda,0,0,Friendly,Riffa,Bahrain,False
2010-11-16,Saudi Arabia,Uganda,0,0,Friendly,Dubai,United Arab Emirates,True
2010-11-29,Uganda,Ethiopia,2,1,CECAFA Cup,Dar es Salaam,Tanzania,True
2010-12-02,Malawi,Uganda,1,1,CECAFA Cup,Dar es Salaam,Tanzania,True
2010-12-05,Uganda,Kenya,2,0,CECAFA Cup,Dar es Salaam,Tanzania,True
2010-12-08,Uganda,Zanzibar,2,2,CECAFA Cup,Dar es Salaam,Tanzania,True
2010-12-10,Tanzania,Uganda,0,0,CECAFA Cup,Dar es Salaam,Tanzania,False
2010-12-12,Ethiopia,Uganda,3,4,CECAFA Cup,Dar es Salaam,Tanzania,True
2011-01-05,Uganda,Burundi,3,1,Nile Basin Tournament,Cairo,Egypt,True
2011-01-08,Egypt,Uganda,1,0,Nile Basin Tournament,Cairo,Egypt,False
2011-01-11,Uganda,Tanzania,1,1,Nile Basin Tournament,Cairo,Egypt,True
2011-01-14,DR Congo,Uganda,0,1,Nile Basin Tournament,Cairo,Egypt,True
2011-01-17,Egypt,Uganda,3,1,Nile Basin Tournament,Ismailia,Egypt,False
2011-03-26,Guinea-Bissau,Uganda,0,1,African Cup of Nations qualification,Bissau,Guinea-Bissau,False
2011-06-04,Uganda,Guinea-Bissau,2,0,African Cup of Nations qualification,Kampala,Uganda,False
2011-09-04,Angola,Uganda,2,0,African Cup of Nations qualification,Luanda,Angola,False
2011-10-08,Uganda,Kenya,0,0,African Cup of Nations qualification,Kampala,Uganda,False
2011-11-11,Morocco,Uganda,0,1,Friendly,Marrakech,Morocco,False
2011-11-13,Sudan,Uganda,0,0,Friendly,Marrakech,Morocco,True
2011-11-25,Uganda,Zanzibar,2,1,CECAFA Cup,Dar es Salaam,Tanzania,True
2011-11-28,Somalia,Uganda,0,4,CECAFA Cup,Chamazi,Tanzania,True
2011-12-01,Burundi,Uganda,1,0,CECAFA Cup,Dar es Salaam,Tanzania,True
2011-12-06,Uganda,Zimbabwe,1,0,CECAFA Cup,Dar es Salaam,Tanzania,True
2011-12-08,Tanzania,Uganda,1,3,CECAFA Cup,Dar es Salaam,Tanzania,False
2011-12-10,Rwanda,Uganda,2,2,CECAFA Cup,Dar es Salaam,Tanzania,True
2012-02-29,Congo,Uganda,3,1,African Cup of Nations qualification,Pointe-Noire,Congo,False
2012-03-29,Egypt,Uganda,2,1,Friendly,Omdurman,Sudan,True
2012-06-03,Angola,Uganda,1,1,FIFA World Cup qualification,Luanda,Angola,False
2012-06-09,Uganda,Senegal,1,1,FIFA World Cup qualification,Kampala,Uganda,False
2012-06-16,Uganda,Congo,4,0,African Cup of Nations qualification,Kampala,Uganda,False
2012-07-10,South Sudan,Uganda,2,2,Friendly,Juba,South Sudan,False
2012-08-26,Botswana,Uganda,0,0,Friendly,Gaborone,Botswana,False
2012-09-08,Zambia,Uganda,1,0,African Cup of Nations qualification,Ndola,Zambia,False
2012-10-13,Uganda,Zambia,1,0,African Cup of Nations qualification,Kampala,Uganda,False
2012-11-24,Uganda,Kenya,1,0,CECAFA Cup,Kampala,Uganda,False
2012-11-27,Uganda,Ethiopia,1,0,CECAFA Cup,Kampala,Uganda,False
2012-11-30,Uganda,South Sudan,4,0,CECAFA Cup,Kampala,Uganda,False
2012-12-04,Uganda,Ethiopia,2,0,CECAFA Cup,Kampala,Uganda,False
2012-12-06,Uganda,Tanzania,3,0,CECAFA Cup,Kampala,Uganda,False
2012-12-08,Uganda,Kenya,2,1,CECAFA Cup,Kampala,Uganda,False
2013-02-06,Rwanda,Uganda,2,2,Friendly,Kigali,Rwanda,False
2013-03-24,Liberia,Uganda,2,0,FIFA World Cup qualification,Paynesville,Liberia,False
2013-06-01,Libya,Uganda,3,0,Friendly,Tripoli,Libya,False
2013-06-08,Uganda,Liberia,1,0,FIFA World Cup qualification,Kampala,Uganda,False
2013-06-15,Uganda,Angola,2,1,FIFA World Cup qualification,Kampala,Uganda,False
2013-08-14,Egypt,Uganda,3,0,Friendly,el-Gouna,Egypt,False
2013-08-30,Botswana,Uganda,1,3,Friendly,Gaborone,Botswana,False
2013-09-07,Senegal,Uganda,1,0,FIFA World Cup qualification,Marrakech,Morocco,True
2013-09-30,Egypt,Uganda,2,0,Friendly,Cairo,Egypt,False
2013-11-16,Uganda,Rwanda,0,0,Friendly,Kampala,Uganda,False
2013-11-29,Uganda,Rwanda,1,0,CECAFA Cup,Nairobi,Kenya,True
2013-12-02,Eritrea,Uganda,0,3,CECAFA Cup,Machakos,Kenya,True
2013-12-05,Uganda,Sudan,1,0,CECAFA Cup,Nakuru,Kenya,True
2013-12-07,Uganda,Tanzania,2,2,CECAFA Cup,Mombasa,Kenya,True
2014-03-05,Zambia,Uganda,2,1,Friendly,Ndola,Zambia,False
2014-05-18,Madagascar,Uganda,2,1,African Cup of Nations qualification,Mahajanga,Madagascar,False
2014-05-31,Uganda,Madagascar,1,0,African Cup of Nations qualification,Kampala,Uganda,False
2014-07-11,Uganda,Seychelles,1,0,Friendly,Kampala,Uganda,False
2014-07-15,Uganda,Malawi,0,0,Friendly,Kampala,Uganda,False
2014-07-19,Uganda,Mauritania,2,0,African Cup of Nations qualification,Kampala,Uganda,False
2014-08-03,Mauritania,Uganda,0,1,African Cup of Nations qualification,Nouakchott,Mauritania,False
2014-09-02,Niger,Uganda,2,0,Friendly,Niamey,Niger,False
2014-09-06,Ghana,Uganda,1,1,African Cup of Nations qualification,Kumasi,Ghana,False
2014-09-10,Uganda,Guinea,2,0,African Cup of Nations qualification,Kampala,Uganda,False
2014-10-11,Uganda,Togo,0,1,African Cup of Nations qualification,Kampala,Uganda,False
2014-10-15,Togo,Uganda,1,0,African Cup of Nations qualification,Lomé,Togo,False
2014-11-09,Uganda,Ethiopia,3,0,Friendly,Kampala,Uganda,False
2014-11-15,Uganda,Ghana,1,0,African Cup of Nations qualification,Kampala,Uganda,False
2014-11-19,Guinea,Uganda,2,0,African Cup of Nations qualification,Casablanca,Morocco,True
2015-03-25,Nigeria,Uganda,0,1,Friendly,Uyo,Nigeria,False
2015-06-09,Uganda,Gambia,1,1,Friendly,Kampala,Uganda,False
2015-06-13,Uganda,Botswana,2,0,African Cup of Nations qualification,Kampala,Uganda,False
2015-07-06,Malawi,Uganda,1,0,Friendly,Blantyre,Malawi,False
2015-09-05,Comoros,Uganda,0,1,African Cup of Nations qualification,Mitsamiouli,Comoros,False
2015-11-12,Togo,Uganda,0,1,FIFA World Cup qualification,Lomé,Togo,False
2015-11-15,Uganda,Togo,3,0,FIFA World Cup qualification,Kampala,Uganda,False
2015-11-22,Kenya,Uganda,2,0,CECAFA Cup,Addis Ababa,Ethiopia,True
2015-11-24,Zanzibar,Uganda,0,4,CECAFA Cup,Hawassa,Ethiopia,True
2015-11-28,Uganda,Burundi,1,0,CECAFA Cup,Hawassa,Ethiopia,True
2015-11-30,Uganda,Malawi,2,0,CECAFA Cup,Addis Ababa,Ethiopia,True
2015-12-03,Ethiopia,Uganda,0,0,CECAFA Cup,Addis Ababa,Ethiopia,False
2015-12-05,Uganda,Rwanda,1,0,CECAFA Cup,Addis Ababa,Ethiopia,True
2016-01-13,Uganda,Cameroon,0,0,Friendly,Njeru,Uganda,False
2016-03-26,Burkina Faso,Uganda,1,0,African Cup of Nations qualification,Ouagadougou,Burkina Faso,False
2016-03-29,Uganda,Burkina Faso,0,0,African Cup of Nations qualification,Kampala,Uganda,False
2016-05-31,Zimbabwe,Uganda,2,0,Friendly,Harare,Zimbabwe,False
2016-06-04,Botswana,Uganda,1,2,African Cup of Nations qualification,Francistown,Botswana,False
2016-08-30,Uganda,Kenya,0,0,Friendly,Kampala,Uganda,False
2016-09-04,Uganda,Comoros,1,0,African Cup of Nations qualification,Kampala,Uganda,False
2016-10-04,Togo,Uganda,1,0,Friendly,Lomé,Togo,False
2016-10-07,Ghana,Uganda,0,0,FIFA World Cup qualification,Tamale,Ghana,False
2016-11-08,Uganda,Zambia,0,1,Friendly,Kampala,Uganda,False
2016-11-12,Uganda,Congo,1,0,FIFA World Cup qualification,Kampala,Uganda,False
2017-01-04,Tunisia,Uganda,2,0,Friendly,Tunis,Tunisia,False
2017-01-11,Ivory Coast,Uganda,3,0,Friendly,Abu Dhabi,United Arab Emirates,True
2017-01-17,Ghana,Uganda,1,0,African Cup of Nations,Port-Gentil,Gabon,True
2017-01-21,Egypt,Uganda,1,0,African Cup of Nations,Port-Gentil,Gabon,True
2017-01-25,Uganda,Mali,1,1,African Cup of Nations,Oyem,Gabon,True
2017-03-23,Kenya,Uganda,1,1,Friendly,Machakos,Kenya,False
2017-06-03,Ethiopia,Uganda,0,0,Friendly,Hawassa,Ethiopia,False
2017-06-05,Senegal,Uganda,0,0,Friendly,Dakar,Senegal,False
2017-06-11,Cape Verde,Uganda,0,1,African Cup of Nations qualification,Praia,Cape Verde,False
2017-08-31,Uganda,Egypt,1,0,FIFA World Cup qualification,Kampala,Uganda,False
2017-09-05,Egypt,Uganda,1,0,FIFA World Cup qualification,Alexandria,Egypt,False
2017-10-07,Uganda,Ghana,0,0,FIFA World Cup qualification,Kampala,Uganda,False
2017-11-12,Congo,Uganda,1,1,FIFA World Cup qualification,Brazzaville,Congo,False
2017-12-04,Uganda,Burundi,0,0,CECAFA Cup,Kakamega,Kenya,True
2017-12-08,Uganda,South Sudan,5,1,CECAFA Cup,Kakamega,Kenya,True
2017-12-10,Ethiopia,Uganda,1,1,CECAFA Cup,Kakamega,Kenya,True
2017-12-15,Uganda,Zanzibar,1,2,CECAFA Cup,Kisumu,Kenya,True
2017-12-17,Burundi,Uganda,1,2,CECAFA Cup,Machakos,Kenya,True
2018-03-24,Uganda,São Tomé and Príncipe,3,1,Friendly,Kampala,Uganda,False
2018-03-27,Uganda,Malawi,0,0,Friendly,Kampala,Uganda,False
2018-05-30,Central African Republic,Uganda,1,0,Friendly,Niamey,Niger,True
2018-06-02,Niger,Uganda,2,1,Friendly,Niamey,Niger,False
2018-09-08,Uganda,Tanzania,0,0,African Cup of Nations qualification,Kira,Uganda,False
2018-10-13,Uganda,Lesotho,3,0,African Cup of Nations qualification,Kira,Uganda,False
2018-10-16,Lesotho,Uganda,0,2,African Cup of Nations qualification,Maseru,Lesotho,False
2018-11-17,Uganda,Cape Verde,1,0,African Cup of Nations qualification,Kira,Uganda,False
2018-11-20,Nigeria,Uganda,0,0,Friendly,Asaba,Nigeria,False
2019-03-24,Tanzania,Uganda,3,0,African Cup of Nations qualification,Dar es Salaam,Tanzania,False
2019-06-01,Lesotho,Uganda,0,0,COSAFA Cup,Durban,South Africa,True
2019-06-04,South Africa,Uganda,1,1,COSAFA Cup,Durban,South Africa,False
2019-06-09,Turkmenistan,Uganda,0,0,Friendly,Abu Dhabi,United Arab Emirates,True
2019-06-15,Ivory Coast,Uganda,0,1,Friendly,Abu Dhabi,United Arab Emirates,True
2019-06-22,DR Congo,Uganda,0,2,African Cup of Nations,Cairo,Egypt,True
2019-06-26,Uganda,Zimbabwe,1,1,African Cup of Nations,Cairo,Egypt,True
2019-06-30,Egypt,Uganda,2,0,African Cup of Nations,Cairo,Egypt,False
2019-07-05,Uganda,Senegal,0,1,African Cup of Nations,Cairo,Egypt,True
2019-09-08,Kenya,Uganda,1,1,Friendly,Nairobi,Kenya,False
2019-10-13,Ethiopia,Uganda,0,1,Friendly,Ethiopia,Ethiopia,False
2019-11-13,Burkina Faso,Uganda,0,0,African Cup of Nations qualification,Ouagadougou,Burkina Faso,False
2019-11-17,Uganda,Malawi,2,0,African Cup of Nations qualification,Kira,Uganda,False
2020-11-12,Uganda,South Sudan,1,0,African Cup of Nations qualification,Kampala,Uganda,False
2020-11-16,South Sudan,Uganda,1,0,African Cup of Nations qualification,Nairobi,Kenya,True
2021-03-24,Uganda,Burkina Faso,0,0,African Cup of Nations qualification,Kampala,Uganda,False
2021-03-29,Malawi,Uganda,1,0,African Cup of Nations qualification,Lilongwe,Malawi,False
2021-06-10,South Africa,Uganda,3,2,Friendly,Johannesburg,South Africa,False
2021-08-29,Ethiopia,Uganda,2,1,Friendly,Addis Ababa,Ethiopia,False
2021-09-02,Kenya,Uganda,0,0,FIFA World Cup qualification,Nairobi,Kenya,False
2021-09-06,Uganda,Mali,0,0,FIFA World Cup qualification,Entebbe,Uganda,False
2021-10-07,Rwanda,Uganda,0,1,FIFA World Cup qualification,Kigali,Rwanda,False
2021-10-10,Uganda,Rwanda,1,0,FIFA World Cup qualification,Entebbe,Uganda,False
2021-11-11,Uganda,Kenya,1,1,FIFA World Cup qualification,Entebbe,Uganda,False
2021-11-14,Mali,Uganda,1,0,FIFA World Cup qualification,Agadir,Morocco,True
2021-12-09,Tanzania,Uganda,0,2,Friendly,Dar es Salaam,Tanzania,False
2022-01-12,Iceland,Uganda,1,1,Friendly,Belek,Turkey,True
2022-01-18,Moldova,Uganda,2,3,Friendly,Belek,Turkey,True
2022-01-21,Iraq,Uganda,1,0,Friendly,Baghdad,Iraq,False
2022-01-27,Bahrain,Uganda,3,1,Friendly,Riffa,Bahrain,False
2022-03-25,Tajikistan,Uganda,1,1,Navruz Cup,Namangan,Uzbekistan,True
2022-03-29,Uzbekistan,Uganda,4,2,Navruz Cup,Namangan,Uzbekistan,False
2022-06-04,Algeria,Uganda,2,0,African Cup of Nations qualification,Algiers,Algeria,False
2022-06-08,Uganda,Niger,1,1,African Cup of Nations qualification,Entebbe,Uganda,False
2022-09-21,Libya,Uganda,0,0,Friendly,Benghazi,Libya,False
2022-09-24,Tanzania,Uganda,1,0,Friendly,Benghazi,Libya,True
2023-03-24,Uganda,Tanzania,0,1,African Cup of Nations qualification,Ismailia,Egypt,True
2023-03-28,Tanzania,Uganda,0,1,African Cup of Nations qualification,Dar es Salaam,Tanzania,False
2023-06-14,DR Congo,Uganda,1,0,Friendly,Douala,Cameroon,True
2023-06-18,Uganda,Algeria,1,2,African Cup of Nations qualification,Douala,Cameroon,True
2023-09-07,Niger,Uganda,0,2,African Cup of Nations qualification,Marrakech,Morocco,True
2023-10-13,Mali,Uganda,1,0,Friendly,Bamako,Mali,False
2023-10-17,Zambia,Uganda,3,0,Friendly,Sharjah,United Arab Emirates,True
2023-11-17,Guinea,Uganda,2,1,FIFA World Cup qualification,Berkane,Morocco,True
2023-11-21,Somalia,Uganda,0,1,FIFA World Cup qualification,Berkane,Morocco,True
2024-01-19,Kuwait,Uganda,0,2,Friendly,Cairo,Egypt,True
2024-03-22,Comoros,Uganda,4,0,Friendly,Marrakech,Morocco,True
2024-06-07,Uganda,Botswana,1,0,FIFA World Cup qualification,Kira,Uganda,False
2024-06-10,Uganda,Algeria,1,2,FIFA World Cup qualification,Kira,Uganda,False
2024-09-06,South Africa,Uganda,2,2,African Cup of Nations qualification,Johannesburg,South Africa,False
2024-09-09,Uganda,Congo,2,0,African Cup of Nations qualification,Kira,Uganda,False
2024-10-11,Uganda,South Sudan,1,0,African Cup of Nations qualification,Kira,Uganda,False
2024-10-15,South Sudan,Uganda,1,2,African Cup of Nations qualification,Juba,South Sudan,False
2025-03-20,Mozambique,Uganda,3,1,FIFA World Cup qualification,Cairo,Egypt,True
2025-03-25,Uganda,Guinea,1,0,FIFA World Cup qualification,Kira,Uganda,False
