Date,Home_team,Away_team,home_score,away_score,Match_type,venue_city,venue_country,neutral_venue
1966-04-02,Syria,Yemen,4,1,Arab Cup,Baghdad,Iraq,True
1966-04-04,Palestine,Yemen,7,0,Arab Cup,Baghdad,Iraq,True
1966-04-06,Libya,Yemen,13,0,Arab Cup,Kut,Iraq,True
1966-11-25,Palestine,Yemen,5,3,GaNEFo,Phnom Penh,Cambodia,True
1966-11-26,North Vietnam,Yemen,9,0,GaNEFo,Phnom Penh,Cambodia,True
1966-11-29,Cambodia,Yemen,8,0,GaNEFo,Phnom Penh,Cambodia,False
1966-11-30,North Korea,Yemen,14,0,GaNEFo,Phnom Penh,Cambodia,True
1966-12-06,China PR,Yemen,6,0,GaNEFo,Phnom Penh,Cambodia,True
1973-08-13,Iraq,Yemen,2,0,Palestine Cup,Benghazi,Libya,True
1973-08-14,Libya,Yemen,10,0,Palestine Cup,Benghazi,Libya,False
1973-08-16,Yemen,United Arab Emirates,1,1,Palestine Cup,Benghazi,Libya,True
1973-08-17,Algeria,Yemen,15,1,Palestine Cup,Benghazi,Libya,True
1974-09-28,Yemen,Sudan,0,6,Kuneitra Cup,Damascus,Syria,True
1974-09-30,Libya,Yemen,9,1,Kuneitra Cup,Damascus,Syria,True
1974-10-04,Syria,Yemen,6,0,Kuneitra Cup,Damascus,Syria,False
1974-10-06,Palestine,Yemen,7,1,Kuneitra Cup,Damascus,Syria,True
1984-10-10,South Korea,Yemen,6,0,AFC Asian Cup qualification,Calcutta,India,True
1984-10-12,India,Yemen,4,0,AFC Asian Cup qualification,Calcutta,India,False
1984-10-15,Pakistan,Yemen,4,1,AFC Asian Cup qualification,Calcutta,India,True
1984-10-18,Malaysia,Yemen,4,1,AFC Asian Cup qualification,Calcutta,India,True
1985-03-29,Yemen,Syria,0,1,FIFA World Cup qualification,Sana'a,Yemen AR,True
1985-04-05,Kuwait,Yemen,5,0,FIFA World Cup qualification,Kuwait City,Kuwait,False
1985-04-19,Syria,Yemen,3,0,FIFA World Cup qualification,Damascus,Syria,False
1985-04-26,Yemen,Kuwait,1,3,FIFA World Cup qualification,Sana'a,Yemen AR,True
1985-10-15,Yemen,Mexico,0,2,Friendly,Sana'a,Yemen AR,True
1988-02-05,China PR,Yemen,0,0,AFC Asian Cup qualification,Abu Dhabi,United Arab Emirates,True
1988-02-07,United Arab Emirates,Yemen,2,1,AFC Asian Cup qualification,Abu Dhabi,United Arab Emirates,False
1988-02-11,Yemen,India,1,0,AFC Asian Cup qualification,Abu Dhabi,United Arab Emirates,True
1988-02-14,Yemen,Bangladesh,0,0,AFC Asian Cup qualification,Abu Dhabi,United Arab Emirates,True
1988-02-16,Yemen,Thailand,3,3,AFC Asian Cup qualification,Abu Dhabi,United Arab Emirates,True
1989-03-10,Yemen,Syria,0,1,FIFA World Cup qualification,Sana'a,Yemen AR,True
1989-03-20,Yemen,Saudi Arabia,0,1,FIFA World Cup qualification,Sana'a,Yemen AR,True
1989-03-25,Syria,Yemen,2,0,FIFA World Cup qualification,Latakia,Syria,False
1989-04-05,Saudi Arabia,Yemen,1,0,FIFA World Cup qualification,Jeddah,Saudi Arabia,False
1990-09-08,Malaysia,Yemen,0,1,Friendly,Kuala Lumpur,Malaysia,False
1990-09-23,Yemen,Thailand,0,0,Asian Games,Beijing,China PR,True
1990-09-25,Yemen,Kuwait,0,0,Asian Games,Beijing,China PR,True
1990-09-27,Hong Kong,Yemen,2,0,Asian Games,Beijing,China PR,True
1993-05-22,Jordan,Yemen,1,1,FIFA World Cup qualification,Irbid,Jordan,False
1993-05-24,Yemen,Pakistan,5,1,FIFA World Cup qualification,Irbid,Jordan,True
1993-05-26,Yemen,Iraq,1,6,FIFA World Cup qualification,Irbid,Jordan,True
1993-05-28,Yemen,China PR,1,0,FIFA World Cup qualification,Irbid,Jordan,True
1993-06-12,Yemen,Jordan,1,1,FIFA World Cup qualification,Chengdu,China PR,True
1993-06-14,Pakistan,Yemen,0,3,FIFA World Cup qualification,Chengdu,China PR,True
1993-06-16,Iraq,Yemen,3,0,FIFA World Cup qualification,Chengdu,China PR,True
1993-06-18,China PR,Yemen,1,0,FIFA World Cup qualification,Chengdu,China PR,False
1994-09-14,India,Yemen,0,1,Friendly,Doha,Qatar,True
1994-09-16,Qatar,Yemen,2,0,Friendly,Doha,Qatar,False
1994-09-18,India,Yemen,0,2,Friendly,Doha,Qatar,True
1994-10-01,Yemen,Bahrain,0,2,Asian Games,Hiroshima,Japan,True
1994-10-03,China PR,Yemen,4,0,Asian Games,Hiroshima,Japan,True
1994-10-07,Yemen,Turkmenistan,0,4,Asian Games,Hiroshima,Japan,True
1994-10-09,Iran,Yemen,4,0,Asian Games,Miyoshi,Japan,True
1996-01-26,Yemen,Kyrgyzstan,1,0,AFC Asian Cup qualification,Riyadh,Saudi Arabia,True
1996-01-28,Saudi Arabia,Yemen,4,0,AFC Asian Cup qualification,Riyadh,Saudi Arabia,False
1996-02-02,Kyrgyzstan,Yemen,3,1,AFC Asian Cup qualification,Riyadh,Saudi Arabia,True
1996-02-04,Saudi Arabia,Yemen,1,0,AFC Asian Cup qualification,Riyadh,Saudi Arabia,False
1997-04-13,Indonesia,Yemen,0,0,FIFA World Cup qualification,Jakarta,Indonesia,False
1997-04-20,Cambodia,Yemen,0,1,FIFA World Cup qualification,Phnom Penh,Cambodia,False
1997-05-09,Yemen,Uzbekistan,0,1,FIFA World Cup qualification,Sana'a,Yemen,False
1997-05-16,Yemen,Cambodia,7,0,FIFA World Cup qualification,Sana'a,Yemen,False
1997-06-13,Yemen,Indonesia,1,1,FIFA World Cup qualification,Sana'a,Yemen,False
1997-08-24,Uzbekistan,Yemen,5,1,FIFA World Cup qualification,Tashkent,Uzbekistan,False
2000-02-10,Nepal,Yemen,0,3,AFC Asian Cup qualification,Kuwait City,Kuwait,True
2000-02-12,Yemen,Turkmenistan,0,1,AFC Asian Cup qualification,Kuwait City,Kuwait,True
2000-02-16,Kuwait,Yemen,2,0,AFC Asian Cup qualification,Kuwait City,Kuwait,False
2000-02-18,Yemen,Bhutan,11,2,AFC Asian Cup qualification,Kuwait City,Kuwait,True
2000-10-29,Oman,Yemen,4,0,Friendly,Muscat,Oman,False
2000-10-31,Oman,Yemen,4,0,Friendly,Muscat,Oman,False
2001-04-07,Brunei,Yemen,0,5,FIFA World Cup qualification,Bandar Seri Begawan,Brunei,False
2001-04-15,India,Yemen,1,1,FIFA World Cup qualification,Bangalore,India,False
2001-04-27,Yemen,Brunei,1,0,FIFA World Cup qualification,Sana'a,Yemen,False
2001-05-04,Yemen,India,3,3,FIFA World Cup qualification,Sana'a,Yemen,False
2001-05-11,Yemen,United Arab Emirates,2,1,FIFA World Cup qualification,Sana'a,Yemen,False
2001-05-18,United Arab Emirates,Yemen,3,2,FIFA World Cup qualification,Al Ain,United Arab Emirates,False
2002-04-10,Yemen,Ethiopia,1,1,Friendly,Sana'a,Yemen,False
2002-12-17,Yemen,Syria,0,4,Arab Cup,Kuwait City,Kuwait,True
2002-12-21,Bahrain,Yemen,3,1,Arab Cup,Kuwait City,Kuwait,True
2002-12-24,Lebanon,Yemen,4,2,Arab Cup,Kuwait City,Kuwait,True
2002-12-26,Yemen,Saudi Arabia,2,2,Arab Cup,Kuwait City,Kuwait,True
2003-09-17,Yemen,Sudan,3,2,Friendly,Sana'a,Yemen,False
2003-09-19,Yemen,Sudan,1,2,Friendly,Sana'a,Yemen,False
2003-09-27,Syria,Yemen,8,2,Friendly,Jeddah,Saudi Arabia,True
2003-10-06,Saudi Arabia,Yemen,7,0,AFC Asian Cup qualification,Jeddah,Saudi Arabia,False
2003-10-08,Yemen,Indonesia,0,3,AFC Asian Cup qualification,Jeddah,Saudi Arabia,True
2003-10-10,Bhutan,Yemen,0,8,AFC Asian Cup qualification,Jeddah,Saudi Arabia,True
2003-10-13,Saudi Arabia,Yemen,3,1,AFC Asian Cup qualification,Jeddah,Saudi Arabia,False
2003-10-15,Indonesia,Yemen,2,2,AFC Asian Cup qualification,Jeddah,Saudi Arabia,True
2003-10-17,Yemen,Bhutan,4,0,AFC Asian Cup qualification,Jeddah,Saudi Arabia,True
2003-12-28,Yemen,Oman,1,1,Gulf Cup,Kuwait City,Kuwait,True
2003-12-30,Bahrain,Yemen,5,1,Gulf Cup,Kuwait City,Kuwait,True
2004-01-01,Kuwait,Yemen,4,0,Gulf Cup,Kuwait City,Kuwait,False
2004-01-05,Qatar,Yemen,3,0,Gulf Cup,Kuwait City,Kuwait,True
2004-01-08,Yemen,Saudi Arabia,0,2,Gulf Cup,Kuwait City,Kuwait,True
2004-01-11,Yemen,United Arab Emirates,0,3,Gulf Cup,Kuwait City,Kuwait,True
2004-02-18,Yemen,North Korea,1,1,FIFA World Cup qualification,Sana'a,Yemen,False
2004-03-17,Yemen,Turkmenistan,1,2,Friendly,Sana'a,Yemen,False
2004-03-31,Yemen,Thailand,0,3,FIFA World Cup qualification,Sana'a,Yemen,False
2004-06-09,United Arab Emirates,Yemen,3,0,FIFA World Cup qualification,Al Ain,United Arab Emirates,False
2004-08-26,Yemen,Syria,1,2,Friendly,Sana'a,Yemen,False
2004-08-28,Yemen,Syria,2,1,Friendly,Sana'a,Yemen,False
2004-09-08,Yemen,United Arab Emirates,3,1,FIFA World Cup qualification,Sana'a,Yemen,False
2004-10-13,North Korea,Yemen,2,1,FIFA World Cup qualification,Pyongyang,North Korea,False
2004-11-01,Yemen,Zambia,2,2,Friendly,Dubai,United Arab Emirates,True
2004-11-17,Thailand,Yemen,1,1,FIFA World Cup qualification,Bangkok,Thailand,False
2004-12-03,Iraq,Yemen,3,1,Friendly,Dubai,United Arab Emirates,True
2004-12-05,Qatar,Yemen,3,0,Friendly,Doha,Qatar,False
2004-12-11,Bahrain,Yemen,1,1,Gulf Cup,Al Rayyan,Qatar,True
2004-12-14,Saudi Arabia,Yemen,2,0,Gulf Cup,Al Rayyan,Qatar,True
2004-12-17,Kuwait,Yemen,3,0,Gulf Cup,Doha,Qatar,True
2006-02-22,Yemen,Saudi Arabia,0,4,AFC Asian Cup qualification,Sana'a,Yemen,False
2006-03-01,India,Yemen,0,3,AFC Asian Cup qualification,New Delhi,India,False
2006-07-17,Ethiopia,Yemen,1,0,Friendly,Addis Ababa,Ethiopia,False
2006-08-16,Japan,Yemen,2,0,AFC Asian Cup qualification,Niigata,Japan,False
2006-08-26,Yemen,Libya,0,1,Friendly,Sana'a,Yemen,False
2006-08-29,Yemen,Libya,1,1,Friendly,Sana'a,Yemen,False
2006-09-06,Yemen,Japan,0,1,AFC Asian Cup qualification,Sana'a,Yemen,False
2006-10-11,Saudi Arabia,Yemen,5,0,AFC Asian Cup qualification,Jeddah,Saudi Arabia,False
2006-11-15,Yemen,India,2,1,AFC Asian Cup qualification,Sana'a,Yemen,False
2006-12-14,Yemen,Comoros,2,0,Arab Cup qualification,Sana'a,Yemen,False
2006-12-20,Yemen,Djibouti,4,1,Arab Cup qualification,Sana'a,Yemen,False
2007-01-07,Yemen,Eritrea,4,1,Friendly,Sana'a,Yemen,False
2007-01-17,Kuwait,Yemen,1,1,Gulf Cup,Abu Dhabi,United Arab Emirates,True
2007-01-20,United Arab Emirates,Yemen,2,1,Gulf Cup,Abu Dhabi,United Arab Emirates,False
2007-01-23,Oman,Yemen,2,1,Gulf Cup,Abu Dhabi,United Arab Emirates,True
2007-10-08,Yemen,Maldives,3,0,FIFA World Cup qualification,Sana'a,Yemen,False
2007-10-28,Maldives,Yemen,2,0,FIFA World Cup qualification,Malé,Maldives,False
2007-11-09,Yemen,Thailand,1,1,FIFA World Cup qualification,Sana'a,Yemen,False
2007-11-18,Thailand,Yemen,1,0,FIFA World Cup qualification,Bangkok,Thailand,False
2008-01-26,Bahrain,Yemen,2,1,Friendly,Manama,Bahrain,False
2008-04-04,Yemen,Tanzania,2,1,Friendly,Sana'a,Yemen,False
2008-04-25,Indonesia,Yemen,1,0,Friendly,Bandung,Indonesia,False
2008-05-03,Oman,Yemen,0,0,Friendly,Muscat,Oman,False
2008-05-22,Yemen,Sudan,1,1,Friendly,Sana'a,Yemen,False
2009-01-05,United Arab Emirates,Yemen,3,1,Gulf Cup,Muscat,Oman,True
2009-01-08,Saudi Arabia,Yemen,6,0,Gulf Cup,Muscat,Oman,True
2009-01-11,Qatar,Yemen,2,1,Gulf Cup,Muscat,Oman,True
2009-01-20,Japan,Yemen,2,1,AFC Asian Cup qualification,Kumamoto,Japan,False
2009-01-28,Yemen,Hong Kong,1,0,AFC Asian Cup qualification,Sana'a,Yemen,False
2009-11-08,Yemen,Tanzania,1,1,Friendly,Sana'a,Yemen,False
2009-11-11,Yemen,Tanzania,2,1,Friendly,Sana'a,Yemen,False
2009-11-18,Bahrain,Yemen,4,0,AFC Asian Cup qualification,Riffa,Bahrain,False
2009-12-30,Yemen,Tajikistan,2,1,Friendly,Sana'a,Yemen,False
2010-01-02,Yemen,Tajikistan,0,1,Friendly,Sana'a,Yemen,False
2010-01-06,Yemen,Japan,2,3,AFC Asian Cup qualification,Sana'a,Yemen,False
2010-01-15,Yemen,Kenya,3,1,Friendly,Sana'a,Yemen,False
2010-01-20,Yemen,Bahrain,3,0,AFC Asian Cup qualification,Sana'a,Yemen,False
2010-02-27,Malaysia,Yemen,1,0,Friendly,Kuala Lumpur,Malaysia,False
2010-03-03,Hong Kong,Yemen,0,0,AFC Asian Cup qualification,So Kon Po,Hong Kong,False
2010-05-12,Yemen,Malawi,1,0,Friendly,Sana'a,Yemen,False
2010-05-18,Yemen,Oman,0,1,Friendly,Sana'a,Yemen,False
2010-09-07,Yemen,Syria,2,1,Friendly,Sana'a,Yemen,False
2010-09-18,Yemen,Zambia,0,1,Friendly,Sana'a,Yemen,False
2010-09-25,Iraq,Yemen,2,1,WAFF Championship,Amman,Jordan,True
2010-09-27,Yemen,Palestine,3,1,WAFF Championship,Amman,Jordan,True
2010-10-01,Kuwait,Yemen,1,1,WAFF Championship,Amman,Jordan,True
2010-10-13,India,Yemen,3,6,Friendly,Pune,India,False
2010-11-07,Yemen,Uganda,2,2,Friendly,Sana'a,Yemen,False
2010-11-10,Yemen,North Korea,1,1,Friendly,Sana'a,Yemen,False
2010-11-22,Yemen,Saudi Arabia,0,4,Gulf Cup,Aden,Yemen,False
2010-11-25,Yemen,Qatar,1,2,Gulf Cup,Zinjibar,Yemen,False
2010-11-28,Yemen,Kuwait,0,3,Gulf Cup,Zinjibar,Yemen,False
2011-07-08,Jordan,Yemen,4,0,Friendly,Istanbul,Turkey,True
2011-07-23,Iraq,Yemen,2,0,FIFA World Cup qualification,Erbil,Iraq,False
2011-07-28,Yemen,Iraq,0,0,FIFA World Cup qualification,Al Ain,United Arab Emirates,True
2012-06-18,Yemen,Palestine,1,2,Friendly,Sana'a,Yemen,False
2012-06-23,Libya,Yemen,3,1,Arab Cup,Jeddah,Saudi Arabia,True
2012-06-26,Bahrain,Yemen,0,2,Arab Cup,Jeddah,Saudi Arabia,True
2012-09-28,Oman,Yemen,2,1,Friendly,Muscat,Oman,False
2012-10-16,Lebanon,Yemen,2,1,Friendly,Beirut,Lebanon,False
2012-12-09,Bahrain,Yemen,1,0,WAFF Championship,Al Farwaniyah,Kuwait,True
2012-12-12,Yemen,Saudi Arabia,0,1,WAFF Championship,Al Farwaniyah,Kuwait,True
2012-12-15,Iran,Yemen,2,1,WAFF Championship,Kuwait City,Kuwait,True
2012-12-25,United Arab Emirates,Yemen,2,0,Friendly,Doha,Qatar,True
2012-12-29,United Arab Emirates,Yemen,3,1,Friendly,Doha,Qatar,True
2013-01-06,Kuwait,Yemen,2,0,Gulf Cup,Isa Town,Bahrain,True
2013-01-09,Yemen,Saudi Arabia,0,2,Gulf Cup,Isa Town,Bahrain,True
2013-01-12,Iraq,Yemen,2,0,Gulf Cup,Isa Town,Bahrain,True
2013-02-06,Yemen,Bahrain,0,2,AFC Asian Cup qualification,Sharjah,United Arab Emirates,True
2013-03-22,Malaysia,Yemen,2,1,AFC Asian Cup qualification,Shah Alam,Malaysia,False
2013-10-06,Iraq,Yemen,3,2,Friendly,Beirut,Lebanon,True
2013-10-13,Qatar,Yemen,6,0,AFC Asian Cup qualification,Doha,Qatar,False
2013-11-15,Yemen,Qatar,1,4,AFC Asian Cup qualification,Al Ain,United Arab Emirates,True
2013-11-19,Bahrain,Yemen,2,0,AFC Asian Cup qualification,Riffa,Bahrain,False
2014-03-05,Yemen,Malaysia,1,2,AFC Asian Cup qualification,Al Ain,United Arab Emirates,True
2014-03-25,Yemen,Nepal,2,0,Friendly,Doha,Qatar,True
2014-04-15,Yemen,Chad,0,0,Friendly,Doha,Qatar,True
2014-09-09,Indonesia,Yemen,0,0,Friendly,Yogyakarta,Indonesia,False
2014-10-10,Yemen,Iraq,1,1,Friendly,Manama,Bahrain,True
2014-11-04,Kuwait,Yemen,1,1,Friendly,Abu Dhabi,United Arab Emirates,True
2014-11-07,Oman,Yemen,2,0,Friendly,Muscat,Oman,False
2014-11-13,Yemen,Bahrain,0,0,Gulf Cup,Riyadh,Saudi Arabia,True
2014-11-16,Yemen,Qatar,0,0,Gulf Cup,Riyadh,Saudi Arabia,True
2014-11-19,Saudi Arabia,Yemen,1,0,Gulf Cup,Riyadh,Saudi Arabia,False
2015-01-17,Yemen,Nigeria,0,2,Friendly,Dubai,United Arab Emirates,True
2015-01-22,Yemen,Finland,0,0,Friendly,Dubai,United Arab Emirates,True
2015-03-12,Yemen,Pakistan,3,1,FIFA World Cup qualification,Doha,Qatar,True
2015-03-23,Pakistan,Yemen,0,0,FIFA World Cup qualification,Isa Town,Bahrain,True
2015-06-11,Yemen,North Korea,0,3,FIFA World Cup qualification,Doha,Qatar,True
2015-06-16,Yemen,Philippines,0,2,FIFA World Cup qualification,Doha,Qatar,True
2015-08-28,Oman,Yemen,1,0,Friendly,Seeb,Oman,False
2015-09-03,Uzbekistan,Yemen,1,0,FIFA World Cup qualification,Tashkent,Uzbekistan,False
2015-09-08,Yemen,Bahrain,0,4,FIFA World Cup qualification,Doha,Qatar,True
2015-10-13,North Korea,Yemen,1,0,FIFA World Cup qualification,Pyongyang,North Korea,False
2015-11-12,Philippines,Yemen,0,1,FIFA World Cup qualification,Manila,Philippines,False
2015-11-17,Yemen,Uzbekistan,1,3,FIFA World Cup qualification,Doha,Qatar,True
2016-03-24,Bahrain,Yemen,3,0,FIFA World Cup qualification,Riffa,Bahrain,False
2016-06-02,Maldives,Yemen,0,2,AFC Asian Cup qualification,Malé,Maldives,False
2016-06-07,Yemen,Maldives,2,0,AFC Asian Cup qualification,Doha,Qatar,True
2017-03-22,Yemen,Palestine,0,1,Friendly,Al Wakrah,Qatar,True
2017-03-28,Yemen,Tajikistan,2,1,AFC Asian Cup qualification,Doha,Qatar,True
2017-06-13,Nepal,Yemen,0,0,AFC Asian Cup qualification,Kathmandu,Nepal,False
2017-09-05,Philippines,Yemen,2,2,AFC Asian Cup qualification,Bacolod,Philippines,False
2017-10-10,Yemen,Philippines,1,1,AFC Asian Cup qualification,Al Wakrah,Qatar,True
2017-11-14,Tajikistan,Yemen,0,0,AFC Asian Cup qualification,Hisor,Tajikistan,False
2017-12-23,Qatar,Yemen,4,0,Gulf Cup,Kuwait City,Kuwait,True
2017-12-26,Yemen,Bahrain,0,1,Gulf Cup,Kuwait City,Kuwait,True
2017-12-29,Iraq,Yemen,3,0,Gulf Cup,Kuwait City,Kuwait,True
2018-03-27,Yemen,Nepal,2,1,AFC Asian Cup qualification,Doha,Qatar,True
2018-11-16,Saudi Arabia,Yemen,1,0,Friendly,Dammam,Saudi Arabia,False
2018-11-20,United Arab Emirates,Yemen,2,0,Friendly,Dubai,United Arab Emirates,False
2018-12-30,Yemen,Syria,0,1,Friendly,Abu Dhabi,United Arab Emirates,True
2019-01-07,Iran,Yemen,5,0,AFC Asian Cup,Abu Dhabi,United Arab Emirates,True
2019-01-12,Yemen,Iraq,0,3,AFC Asian Cup,Sharjah,United Arab Emirates,True
2019-01-16,Vietnam,Yemen,2,0,AFC Asian Cup,Al Ain,United Arab Emirates,True
2019-07-30,Yemen,Palestine,0,1,WAFF Championship,Karbala,Iraq,True
2019-08-05,Syria,Yemen,1,1,WAFF Championship,Karbala,Iraq,True
2019-08-08,Yemen,Lebanon,2,1,WAFF Championship,Karbala,Iraq,True
2019-08-11,Iraq,Yemen,2,1,WAFF Championship,Karbala,Iraq,False
2019-09-05,Singapore,Yemen,2,2,FIFA World Cup qualification,Kallang,Singapore,False
2019-09-10,Yemen,Saudi Arabia,2,2,FIFA World Cup qualification,Riffa,Bahrain,True
2019-10-10,Uzbekistan,Yemen,5,0,FIFA World Cup qualification,Tashkent,Uzbekistan,False
2019-11-14,Yemen,Palestine,1,0,FIFA World Cup qualification,Muharraq,Bahrain,True
2019-11-19,Yemen,Singapore,1,2,FIFA World Cup qualification,Muharraq,Bahrain,True
2019-11-26,United Arab Emirates,Yemen,3,0,Gulf Cup,Doha,Qatar,True
2019-11-29,Qatar,Yemen,6,0,Gulf Cup,Doha,Qatar,False
2019-12-02,Yemen,Iraq,0,0,Gulf Cup,Doha,Qatar,True
2021-06-05,Saudi Arabia,Yemen,3,0,FIFA World Cup qualification,Riyadh,Saudi Arabia,False
2021-06-11,Yemen,Uzbekistan,0,1,FIFA World Cup qualification,Riyadh,Saudi Arabia,True
2021-06-15,Palestine,Yemen,3,0,FIFA World Cup qualification,Riyadh,Saudi Arabia,True
2021-06-22,Mauritania,Yemen,2,0,Arab Cup qualification,Doha,Qatar,True
2022-06-08,Philippines,Yemen,0,0,AFC Asian Cup qualification,Ulaanbaatar,Mongolia,True
2022-06-11,Yemen,Palestine,0,5,AFC Asian Cup qualification,Ulaanbaatar,Mongolia,True
2022-06-14,Mongolia,Yemen,2,0,AFC Asian Cup qualification,Ulaanbaatar,Mongolia,False
2023-01-06,Yemen,Saudi Arabia,0,2,Gulf Cup,Basra,Iraq,True
2023-01-09,Oman,Yemen,3,2,Gulf Cup,Basra,Iraq,True
2023-01-12,Iraq,Yemen,5,0,Gulf Cup,Basra,Iraq,False
2023-10-12,Yemen,Sri Lanka,3,0,FIFA World Cup qualification,Abha,Saudi Arabia,True
2023-10-17,Sri Lanka,Yemen,1,1,FIFA World Cup qualification,Colombo,Sri Lanka,False
2023-11-16,Yemen,Bahrain,0,2,FIFA World Cup qualification,Abha,Saudi Arabia,True
2023-11-21,Nepal,Yemen,0,2,FIFA World Cup qualification,Kathmandu,Nepal,False
2024-03-21,United Arab Emirates,Yemen,2,1,FIFA World Cup qualification,Abu Dhabi,United Arab Emirates,False
2024-03-26,Yemen,United Arab Emirates,0,3,FIFA World Cup qualification,Khobar,Saudi Arabia,True
2024-06-06,Bahrain,Yemen,0,0,FIFA World Cup qualification,Riffa,Bahrain,False
2024-06-11,Yemen,Nepal,2,2,FIFA World Cup qualification,Dammam,Saudi Arabia,True
2024-11-16,Sri Lanka,Yemen,1,0,Friendly,Al Khor,Qatar,True
2024-11-19,Sri Lanka,Yemen,0,2,Friendly,Al Khor,Qatar,True
2024-12-22,Iraq,Yemen,1,0,Gulf Cup,Sulaibikhat,Kuwait,True
2024-12-25,Yemen,Saudi Arabia,2,3,Gulf Cup,Sulaibikhat,Kuwait,True
2024-12-28,Bahrain,Yemen,1,2,Gulf Cup,Sulaibikhat,Kuwait,True
2025-03-25,Bhutan,Yemen,0,0,AFC Asian Cup qualification,Thimphu,Bhutan,False
